data_owner_slug,data_owner_agency,data_owner_city,data_owner_state,agency_with_access_slug,agency_with_access,agency_with_access_city,agency_with_access_state,relationship,owner_portal_url,source,source_generated_at
adrian-mi-pd,Adrian MI PD,Adrian,MI,chicago-heights-il-pd,Chicago Heights IL PD,Chicago Heights,IL,owner_grants_access_to_agency,https://transparency.flocksafety.com/adrian-mi-pd,EyesOnFlock transparency-portal snapshot,2026-09-21T12:12:02Z
adrian-mi-pd,Adrian MI PD,Adrian,MI,chicago-il-pd,Chicago IL PD,Chicago,IL,owner_grants_access_to_agency,https://transparency.flocksafety.com/adrian-mi-pd,EyesOnFlock transparency-portal snapshot,2026-09-21T12:12:02Z
adrian-mi-pd,Adrian MI PD,Adrian,MI,north-chicago-il-pd,North Chicago IL PD,North Chicago,IL,owner_grants_access_to_agency,https://transparency.flocksafety.com/adrian-mi-pd,EyesOnFlock transparency-portal snapshot,2026-09-21T12:12:02Z
adrian-mi-pd,Adrian MI PD,Adrian,MI,south-chicago-heights-il-pd,South Chicago Heights IL PD,South Chicago Heights,IL,owner_grants_access_to_agency,https://transparency.flocksafety.com/adrian-mi-pd,EyesOnFlock transparency-portal snapshot,2026-09-21T12:12:02Z
adrian-mi-pd,Adrian MI PD,Adrian,MI,university-of-illinois-chicago-il-pd,University of Illinois - Chicago IL PD,,IL,owner_grants_access_to_agency,https://transparency.flocksafety.com/adrian-mi-pd,EyesOnFlock transparency-portal snapshot,2026-09-21T12:12:02Z
adrian-mi-pd,Adrian MI PD,Adrian,MI,west-chicago-il-pd,West Chicago IL PD,West Chicago,IL,owner_grants_access_to_agency,https://transparency.flocksafety.com/adrian-mi-pd,EyesOnFlock transparency-portal snapshot,2026-09-21T12:12:02Z
allen-county-in-so,Allen County IN SO,Allen County,IN,chicago-heights-il-pd,Chicago Heights IL PD,Chicago Heights,IL,owner_grants_access_to_agency,https://transparency.flocksafety.com/allen-county-in-so,EyesOnFlock transparency-portal snapshot,2026-09-21T12:12:02Z
anoka-county-mn-so,Anoka County MN SO,Anoka County,MN,chicago-il-pd,Chicago IL PD,Chicago,IL,owner_grants_access_to_agency,https://transparency.flocksafety.com/anoka-county-mn-so,EyesOnFlock transparency-portal snapshot,2026-09-21T12:12:02Z
anoka-county-mn-so,Anoka County MN SO,Anoka County,MN,north-chicago-il-pd,North Chicago IL PD,North Chicago,IL,owner_grants_access_to_agency,https://transparency.flocksafety.com/anoka-county-mn-so,EyesOnFlock transparency-portal snapshot,2026-09-21T12:12:02Z
anoka-county-mn-so,Anoka County MN SO,Anoka County,MN,university-of-illinois-chicago-il-pd,University of Illinois - Chicago IL PD,,IL,owner_grants_access_to_agency,https://transparency.flocksafety.com/anoka-county-mn-so,EyesOnFlock transparency-portal snapshot,2026-09-21T12:12:02Z
anoka-county-mn-so,Anoka County MN SO,Anoka County,MN,west-chicago-il-pd,West Chicago IL PD,West Chicago,IL,owner_grants_access_to_agency,https://transparency.flocksafety.com/anoka-county-mn-so,EyesOnFlock transparency-portal snapshot,2026-09-21T12:12:02Z
aviston-il-pd,Aviston IL PD,Aviston,IL,chicago-heights-il-pd,Chicago Heights IL PD,Chicago Heights,IL,owner_grants_access_to_agency,https://transparency.flocksafety.com/aviston-il-pd,EyesOnFlock transparency-portal snapshot,2026-09-21T12:12:02Z
aviston-il-pd,Aviston IL PD,Aviston,IL,university-of-illinois-chicago-il-pd,University of Illinois - Chicago IL PD,,IL,owner_grants_access_to_agency,https://transparency.flocksafety.com/aviston-il-pd,EyesOnFlock transparency-portal snapshot,2026-09-21T12:12:02Z
aviston-il-pd,Aviston IL PD,Aviston,IL,west-chicago-il-pd,West Chicago IL PD,West Chicago,IL,owner_grants_access_to_agency,https://transparency.flocksafety.com/aviston-il-pd,EyesOnFlock transparency-portal snapshot,2026-09-21T12:12:02Z
bartlett-il-pd,Bartlett IL PD,Bartlett,IL,chicago-heights-il-pd,Chicago Heights IL PD,Chicago Heights,IL,owner_grants_access_to_agency,https://transparency.flocksafety.com/bartlett-il-pd,EyesOnFlock transparency-portal snapshot,2026-09-21T12:12:02Z
bartlett-il-pd,Bartlett IL PD,Bartlett,IL,chicago-il-pd,Chicago IL PD,Chicago,IL,owner_grants_access_to_agency,https://transparency.flocksafety.com/bartlett-il-pd,EyesOnFlock transparency-portal snapshot,2026-09-21T12:12:02Z
bartlett-il-pd,Bartlett IL PD,Bartlett,IL,north-chicago-il-pd,North Chicago IL PD,North Chicago,IL,owner_grants_access_to_agency,https://transparency.flocksafety.com/bartlett-il-pd,EyesOnFlock transparency-portal snapshot,2026-09-21T12:12:02Z
bartlett-il-pd,Bartlett IL PD,Bartlett,IL,university-of-illinois-chicago-il-pd,University of Illinois - Chicago IL PD,,IL,owner_grants_access_to_agency,https://transparency.flocksafety.com/bartlett-il-pd,EyesOnFlock transparency-portal snapshot,2026-09-21T12:12:02Z
bartlett-il-pd,Bartlett IL PD,Bartlett,IL,west-chicago-il-pd,West Chicago IL PD,West Chicago,IL,owner_grants_access_to_agency,https://transparency.flocksafety.com/bartlett-il-pd,EyesOnFlock transparency-portal snapshot,2026-09-21T12:12:02Z
baytown-tx-pd,Baytown TX PD,Baytown,TX,chicago-heights-il-pd,Chicago Heights IL PD,Chicago Heights,IL,owner_grants_access_to_agency,https://transparency.flocksafety.com/baytown-tx-pd,EyesOnFlock transparency-portal snapshot,2026-09-21T12:12:02Z
baytown-tx-pd,Baytown TX PD,Baytown,TX,chicago-il-pd,Chicago IL PD,Chicago,IL,owner_grants_access_to_agency,https://transparency.flocksafety.com/baytown-tx-pd,EyesOnFlock transparency-portal snapshot,2026-09-21T12:12:02Z
baytown-tx-pd,Baytown TX PD,Baytown,TX,north-chicago-il-pd,North Chicago IL PD,North Chicago,IL,owner_grants_access_to_agency,https://transparency.flocksafety.com/baytown-tx-pd,EyesOnFlock transparency-portal snapshot,2026-09-21T12:12:02Z
baytown-tx-pd,Baytown TX PD,Baytown,TX,south-chicago-heights-il-pd,South Chicago Heights IL PD,South Chicago Heights,IL,owner_grants_access_to_agency,https://transparency.flocksafety.com/baytown-tx-pd,EyesOnFlock transparency-portal snapshot,2026-09-21T12:12:02Z
baytown-tx-pd,Baytown TX PD,Baytown,TX,west-chicago-il-pd,West Chicago IL PD,West Chicago,IL,owner_grants_access_to_agency,https://transparency.flocksafety.com/baytown-tx-pd,EyesOnFlock transparency-portal snapshot,2026-09-21T12:12:02Z
beardstown-il-pd,Beardstown IL PD,Beardstown,IL,chicago-heights-il-pd,Chicago Heights IL PD,Chicago Heights,IL,owner_grants_access_to_agency,https://transparency.flocksafety.com/beardstown-il-pd,EyesOnFlock transparency-portal snapshot,2026-09-21T12:12:02Z
beardstown-il-pd,Beardstown IL PD,Beardstown,IL,chicago-il-pd,Chicago IL PD,Chicago,IL,owner_grants_access_to_agency,https://transparency.flocksafety.com/beardstown-il-pd,EyesOnFlock transparency-portal snapshot,2026-09-21T12:12:02Z
beardstown-il-pd,Beardstown IL PD,Beardstown,IL,university-of-illinois-chicago-il-pd,University of Illinois - Chicago IL PD,,IL,owner_grants_access_to_agency,https://transparency.flocksafety.com/beardstown-il-pd,EyesOnFlock transparency-portal snapshot,2026-09-21T12:12:02Z
beardstown-il-pd,Beardstown IL PD,Beardstown,IL,west-chicago-il-pd,West Chicago IL PD,West Chicago,IL,owner_grants_access_to_agency,https://transparency.flocksafety.com/beardstown-il-pd,EyesOnFlock transparency-portal snapshot,2026-09-21T12:12:02Z
beecher-il-pd,Beecher IL PD,Beecher,IL,chicago-heights-il-pd,Chicago Heights IL PD,Chicago Heights,IL,owner_grants_access_to_agency,https://transparency.flocksafety.com/beecher-il-pd,EyesOnFlock transparency-portal snapshot,2026-09-21T12:12:02Z
beecher-il-pd,Beecher IL PD,Beecher,IL,chicago-il-pd,Chicago IL PD,Chicago,IL,owner_grants_access_to_agency,https://transparency.flocksafety.com/beecher-il-pd,EyesOnFlock transparency-portal snapshot,2026-09-21T12:12:02Z
beecher-il-pd,Beecher IL PD,Beecher,IL,north-chicago-il-pd,North Chicago IL PD,North Chicago,IL,owner_grants_access_to_agency,https://transparency.flocksafety.com/beecher-il-pd,EyesOnFlock transparency-portal snapshot,2026-09-21T12:12:02Z
beecher-il-pd,Beecher IL PD,Beecher,IL,south-chicago-heights-il-pd,South Chicago Heights IL PD,South Chicago Heights,IL,owner_grants_access_to_agency,https://transparency.flocksafety.com/beecher-il-pd,EyesOnFlock transparency-portal snapshot,2026-09-21T12:12:02Z
beecher-il-pd,Beecher IL PD,Beecher,IL,university-of-illinois-chicago-il-pd,University of Illinois - Chicago IL PD,,IL,owner_grants_access_to_agency,https://transparency.flocksafety.com/beecher-il-pd,EyesOnFlock transparency-portal snapshot,2026-09-21T12:12:02Z
beecher-il-pd,Beecher IL PD,Beecher,IL,west-chicago-il-pd,West Chicago IL PD,West Chicago,IL,owner_grants_access_to_agency,https://transparency.flocksafety.com/beecher-il-pd,EyesOnFlock transparency-portal snapshot,2026-09-21T12:12:02Z
bethany-il-pd,Bethany IL PD,Bethany,IL,chicago-heights-il-pd,Chicago Heights IL PD,Chicago Heights,IL,owner_grants_access_to_agency,https://transparency.flocksafety.com/bethany-il-pd,EyesOnFlock transparency-portal snapshot,2026-09-21T12:12:02Z
bethany-il-pd,Bethany IL PD,Bethany,IL,university-of-illinois-chicago-il-pd,University of Illinois - Chicago IL PD,,IL,owner_grants_access_to_agency,https://transparency.flocksafety.com/bethany-il-pd,EyesOnFlock transparency-portal snapshot,2026-09-21T12:12:02Z
bloomfield-nm-pd,Bloomfield NM PD,Bloomfield,NM,university-of-illinois-chicago-il-pd,University of Illinois - Chicago IL PD,,IL,owner_grants_access_to_agency,https://transparency.flocksafety.com/bloomfield-nm-pd,EyesOnFlock transparency-portal snapshot,2026-09-21T12:12:02Z
bloomfield-nm-pd,Bloomfield NM PD,Bloomfield,NM,west-chicago-il-pd,West Chicago IL PD,West Chicago,IL,owner_grants_access_to_agency,https://transparency.flocksafety.com/bloomfield-nm-pd,EyesOnFlock transparency-portal snapshot,2026-09-21T12:12:02Z
blue-island-il-pd,Blue Island IL PD,Blue Island,IL,chicago-heights-il-pd,Chicago Heights IL PD,Chicago Heights,IL,owner_grants_access_to_agency,https://transparency.flocksafety.com/blue-island-il-pd,EyesOnFlock transparency-portal snapshot,2026-09-21T12:12:02Z
blue-island-il-pd,Blue Island IL PD,Blue Island,IL,chicago-il-pd,Chicago IL PD,Chicago,IL,owner_grants_access_to_agency,https://transparency.flocksafety.com/blue-island-il-pd,EyesOnFlock transparency-portal snapshot,2026-09-21T12:12:02Z
blue-island-il-pd,Blue Island IL PD,Blue Island,IL,north-chicago-il-pd,North Chicago IL PD,North Chicago,IL,owner_grants_access_to_agency,https://transparency.flocksafety.com/blue-island-il-pd,EyesOnFlock transparency-portal snapshot,2026-09-21T12:12:02Z
blue-island-il-pd,Blue Island IL PD,Blue Island,IL,south-chicago-heights-il-pd,South Chicago Heights IL PD,South Chicago Heights,IL,owner_grants_access_to_agency,https://transparency.flocksafety.com/blue-island-il-pd,EyesOnFlock transparency-portal snapshot,2026-09-21T12:12:02Z
blue-island-il-pd,Blue Island IL PD,Blue Island,IL,university-of-illinois-chicago-il-pd,University of Illinois - Chicago IL PD,,IL,owner_grants_access_to_agency,https://transparency.flocksafety.com/blue-island-il-pd,EyesOnFlock transparency-portal snapshot,2026-09-21T12:12:02Z
blue-island-il-pd,Blue Island IL PD,Blue Island,IL,west-chicago-il-pd,West Chicago IL PD,West Chicago,IL,owner_grants_access_to_agency,https://transparency.flocksafety.com/blue-island-il-pd,EyesOnFlock transparency-portal snapshot,2026-09-21T12:12:02Z
blue-springs-mo-pd,Blue Springs MO PD,Blue Springs,MO,chicago-il-pd,Chicago IL PD,Chicago,IL,owner_grants_access_to_agency,https://transparency.flocksafety.com/blue-springs-mo-pd,EyesOnFlock transparency-portal snapshot,2026-09-21T12:12:02Z
blue-springs-mo-pd,Blue Springs MO PD,Blue Springs,MO,north-chicago-il-pd,North Chicago IL PD,North Chicago,IL,owner_grants_access_to_agency,https://transparency.flocksafety.com/blue-springs-mo-pd,EyesOnFlock transparency-portal snapshot,2026-09-21T12:12:02Z
blue-springs-mo-pd,Blue Springs MO PD,Blue Springs,MO,university-of-illinois-chicago-il-pd,University of Illinois - Chicago IL PD,,IL,owner_grants_access_to_agency,https://transparency.flocksafety.com/blue-springs-mo-pd,EyesOnFlock transparency-portal snapshot,2026-09-21T12:12:02Z
blue-springs-mo-pd,Blue Springs MO PD,Blue Springs,MO,west-chicago-il-pd,West Chicago IL PD,West Chicago,IL,owner_grants_access_to_agency,https://transparency.flocksafety.com/blue-springs-mo-pd,EyesOnFlock transparency-portal snapshot,2026-09-21T12:12:02Z
boone-county-in-so,Boone County IN SO,Boone County,IN,chicago-heights-il-pd,Chicago Heights IL PD,Chicago Heights,IL,owner_grants_access_to_agency,https://transparency.flocksafety.com/boone-county-in-so,EyesOnFlock transparency-portal snapshot,2026-09-21T12:12:02Z
boone-county-in-so,Boone County IN SO,Boone County,IN,chicago-il-pd,Chicago IL PD,Chicago,IL,owner_grants_access_to_agency,https://transparency.flocksafety.com/boone-county-in-so,EyesOnFlock transparency-portal snapshot,2026-09-21T12:12:02Z
boone-county-in-so,Boone County IN SO,Boone County,IN,north-chicago-il-pd,North Chicago IL PD,North Chicago,IL,owner_grants_access_to_agency,https://transparency.flocksafety.com/boone-county-in-so,EyesOnFlock transparency-portal snapshot,2026-09-21T12:12:02Z
boone-county-in-so,Boone County IN SO,Boone County,IN,university-of-illinois-chicago-il-pd,University of Illinois - Chicago IL PD,,IL,owner_grants_access_to_agency,https://transparency.flocksafety.com/boone-county-in-so,EyesOnFlock transparency-portal snapshot,2026-09-21T12:12:02Z
boone-county-in-so,Boone County IN SO,Boone County,IN,west-chicago-il-pd,West Chicago IL PD,West Chicago,IL,owner_grants_access_to_agency,https://transparency.flocksafety.com/boone-county-in-so,EyesOnFlock transparency-portal snapshot,2026-09-21T12:12:02Z
bourbonnais-il-pd,Bourbonnais IL PD,Bourbonnais,IL,chicago-heights-il-pd,Chicago Heights IL PD,Chicago Heights,IL,owner_grants_access_to_agency,https://transparency.flocksafety.com/bourbonnais-il-pd,EyesOnFlock transparency-portal snapshot,2026-09-21T12:12:02Z
bourbonnais-il-pd,Bourbonnais IL PD,Bourbonnais,IL,chicago-il-pd,Chicago IL PD,Chicago,IL,owner_grants_access_to_agency,https://transparency.flocksafety.com/bourbonnais-il-pd,EyesOnFlock transparency-portal snapshot,2026-09-21T12:12:02Z
bourbonnais-il-pd,Bourbonnais IL PD,Bourbonnais,IL,north-chicago-il-pd,North Chicago IL PD,North Chicago,IL,owner_grants_access_to_agency,https://transparency.flocksafety.com/bourbonnais-il-pd,EyesOnFlock transparency-portal snapshot,2026-09-21T12:12:02Z
bourbonnais-il-pd,Bourbonnais IL PD,Bourbonnais,IL,university-of-illinois-chicago-il-pd,University of Illinois - Chicago IL PD,,IL,owner_grants_access_to_agency,https://transparency.flocksafety.com/bourbonnais-il-pd,EyesOnFlock transparency-portal snapshot,2026-09-21T12:12:02Z
bourbonnais-il-pd,Bourbonnais IL PD,Bourbonnais,IL,west-chicago-il-pd,West Chicago IL PD,West Chicago,IL,owner_grants_access_to_agency,https://transparency.flocksafety.com/bourbonnais-il-pd,EyesOnFlock transparency-portal snapshot,2026-09-21T12:12:02Z
bradley-il-pd,Bradley IL PD,Bradley,IL,chicago-heights-il-pd,Chicago Heights IL PD,Chicago Heights,IL,owner_grants_access_to_agency,https://transparency.flocksafety.com/bradley-il-pd,EyesOnFlock transparency-portal snapshot,2026-09-21T12:12:02Z
bradley-il-pd,Bradley IL PD,Bradley,IL,chicago-il-pd,Chicago IL PD,Chicago,IL,owner_grants_access_to_agency,https://transparency.flocksafety.com/bradley-il-pd,EyesOnFlock transparency-portal snapshot,2026-09-21T12:12:02Z
bradley-il-pd,Bradley IL PD,Bradley,IL,north-chicago-il-pd,North Chicago IL PD,North Chicago,IL,owner_grants_access_to_agency,https://transparency.flocksafety.com/bradley-il-pd,EyesOnFlock transparency-portal snapshot,2026-09-21T12:12:02Z
bradley-il-pd,Bradley IL PD,Bradley,IL,south-chicago-heights-il-pd,South Chicago Heights IL PD,South Chicago Heights,IL,owner_grants_access_to_agency,https://transparency.flocksafety.com/bradley-il-pd,EyesOnFlock transparency-portal snapshot,2026-09-21T12:12:02Z
bradley-il-pd,Bradley IL PD,Bradley,IL,university-of-illinois-chicago-il-pd,University of Illinois - Chicago IL PD,,IL,owner_grants_access_to_agency,https://transparency.flocksafety.com/bradley-il-pd,EyesOnFlock transparency-portal snapshot,2026-09-21T12:12:02Z
bradley-il-pd,Bradley IL PD,Bradley,IL,west-chicago-il-pd,West Chicago IL PD,West Chicago,IL,owner_grants_access_to_agency,https://transparency.flocksafety.com/bradley-il-pd,EyesOnFlock transparency-portal snapshot,2026-09-21T12:12:02Z
breese-il-pd,Breese IL PD,Breese,IL,chicago-heights-il-pd,Chicago Heights IL PD,Chicago Heights,IL,owner_grants_access_to_agency,https://transparency.flocksafety.com/breese-il-pd,EyesOnFlock transparency-portal snapshot,2026-09-21T12:12:02Z
breese-il-pd,Breese IL PD,Breese,IL,chicago-il-pd,Chicago IL PD,Chicago,IL,owner_grants_access_to_agency,https://transparency.flocksafety.com/breese-il-pd,EyesOnFlock transparency-portal snapshot,2026-09-21T12:12:02Z
breese-il-pd,Breese IL PD,Breese,IL,north-chicago-il-pd,North Chicago IL PD,North Chicago,IL,owner_grants_access_to_agency,https://transparency.flocksafety.com/breese-il-pd,EyesOnFlock transparency-portal snapshot,2026-09-21T12:12:02Z
breese-il-pd,Breese IL PD,Breese,IL,university-of-illinois-chicago-il-pd,University of Illinois - Chicago IL PD,,IL,owner_grants_access_to_agency,https://transparency.flocksafety.com/breese-il-pd,EyesOnFlock transparency-portal snapshot,2026-09-21T12:12:02Z
breese-il-pd,Breese IL PD,Breese,IL,west-chicago-il-pd,West Chicago IL PD,West Chicago,IL,owner_grants_access_to_agency,https://transparency.flocksafety.com/breese-il-pd,EyesOnFlock transparency-portal snapshot,2026-09-21T12:12:02Z
brentwood-mo-pd,Brentwood MO PD,Brentwood,MO,chicago-il-pd,Chicago IL PD,Chicago,IL,owner_grants_access_to_agency,https://transparency.flocksafety.com/brentwood-mo-pd,EyesOnFlock transparency-portal snapshot,2026-09-21T12:12:02Z
burr-ridge-il-pd,Burr Ridge IL PD,Burr Ridge,IL,chicago-heights-il-pd,Chicago Heights IL PD,Chicago Heights,IL,owner_grants_access_to_agency,https://transparency.flocksafety.com/burr-ridge-il-pd,EyesOnFlock transparency-portal snapshot,2026-09-21T12:12:02Z
burr-ridge-il-pd,Burr Ridge IL PD,Burr Ridge,IL,chicago-il-pd,Chicago IL PD,Chicago,IL,owner_grants_access_to_agency,https://transparency.flocksafety.com/burr-ridge-il-pd,EyesOnFlock transparency-portal snapshot,2026-09-21T12:12:02Z
burr-ridge-il-pd,Burr Ridge IL PD,Burr Ridge,IL,north-chicago-il-pd,North Chicago IL PD,North Chicago,IL,owner_grants_access_to_agency,https://transparency.flocksafety.com/burr-ridge-il-pd,EyesOnFlock transparency-portal snapshot,2026-09-21T12:12:02Z
burr-ridge-il-pd,Burr Ridge IL PD,Burr Ridge,IL,south-chicago-heights-il-pd,South Chicago Heights IL PD,South Chicago Heights,IL,owner_grants_access_to_agency,https://transparency.flocksafety.com/burr-ridge-il-pd,EyesOnFlock transparency-portal snapshot,2026-09-21T12:12:02Z
burr-ridge-il-pd,Burr Ridge IL PD,Burr Ridge,IL,university-of-illinois-chicago-il-pd,University of Illinois - Chicago IL PD,,IL,owner_grants_access_to_agency,https://transparency.flocksafety.com/burr-ridge-il-pd,EyesOnFlock transparency-portal snapshot,2026-09-21T12:12:02Z
burr-ridge-il-pd,Burr Ridge IL PD,Burr Ridge,IL,west-chicago-il-pd,West Chicago IL PD,West Chicago,IL,owner_grants_access_to_agency,https://transparency.flocksafety.com/burr-ridge-il-pd,EyesOnFlock transparency-portal snapshot,2026-09-21T12:12:02Z
calloway-county-ky-so,Calloway County KY SO,Calloway County,KY,chicago-il-pd,Chicago IL PD,Chicago,IL,owner_grants_access_to_agency,https://transparency.flocksafety.com/calloway-county-ky-so,EyesOnFlock transparency-portal snapshot,2026-09-21T12:12:02Z
calloway-county-ky-so,Calloway County KY SO,Calloway County,KY,north-chicago-il-pd,North Chicago IL PD,North Chicago,IL,owner_grants_access_to_agency,https://transparency.flocksafety.com/calloway-county-ky-so,EyesOnFlock transparency-portal snapshot,2026-09-21T12:12:02Z
calloway-county-ky-so,Calloway County KY SO,Calloway County,KY,university-of-illinois-chicago-il-pd,University of Illinois - Chicago IL PD,,IL,owner_grants_access_to_agency,https://transparency.flocksafety.com/calloway-county-ky-so,EyesOnFlock transparency-portal snapshot,2026-09-21T12:12:02Z
calloway-county-ky-so,Calloway County KY SO,Calloway County,KY,west-chicago-il-pd,West Chicago IL PD,West Chicago,IL,owner_grants_access_to_agency,https://transparency.flocksafety.com/calloway-county-ky-so,EyesOnFlock transparency-portal snapshot,2026-09-21T12:12:02Z
carlyle-il-pd,Carlyle IL PD,Carlyle,IL,chicago-heights-il-pd,Chicago Heights IL PD,Chicago Heights,IL,owner_grants_access_to_agency,https://transparency.flocksafety.com/carlyle-il-pd,EyesOnFlock transparency-portal snapshot,2026-09-21T12:12:02Z
carlyle-il-pd,Carlyle IL PD,Carlyle,IL,chicago-il-pd,Chicago IL PD,Chicago,IL,owner_grants_access_to_agency,https://transparency.flocksafety.com/carlyle-il-pd,EyesOnFlock transparency-portal snapshot,2026-09-21T12:12:02Z
carlyle-il-pd,Carlyle IL PD,Carlyle,IL,north-chicago-il-pd,North Chicago IL PD,North Chicago,IL,owner_grants_access_to_agency,https://transparency.flocksafety.com/carlyle-il-pd,EyesOnFlock transparency-portal snapshot,2026-09-21T12:12:02Z
carlyle-il-pd,Carlyle IL PD,Carlyle,IL,university-of-illinois-chicago-il-pd,University of Illinois - Chicago IL PD,,IL,owner_grants_access_to_agency,https://transparency.flocksafety.com/carlyle-il-pd,EyesOnFlock transparency-portal snapshot,2026-09-21T12:12:02Z
carlyle-il-pd,Carlyle IL PD,Carlyle,IL,west-chicago-il-pd,West Chicago IL PD,West Chicago,IL,owner_grants_access_to_agency,https://transparency.flocksafety.com/carlyle-il-pd,EyesOnFlock transparency-portal snapshot,2026-09-21T12:12:02Z
casey-il-pd,Casey IL PD,Casey,IL,chicago-heights-il-pd,Chicago Heights IL PD,Chicago Heights,IL,owner_grants_access_to_agency,https://transparency.flocksafety.com/casey-il-pd,EyesOnFlock transparency-portal snapshot,2026-09-21T12:12:02Z
casey-il-pd,Casey IL PD,Casey,IL,chicago-il-pd,Chicago IL PD,Chicago,IL,owner_grants_access_to_agency,https://transparency.flocksafety.com/casey-il-pd,EyesOnFlock transparency-portal snapshot,2026-09-21T12:12:02Z
casey-il-pd,Casey IL PD,Casey,IL,north-chicago-il-pd,North Chicago IL PD,North Chicago,IL,owner_grants_access_to_agency,https://transparency.flocksafety.com/casey-il-pd,EyesOnFlock transparency-portal snapshot,2026-09-21T12:12:02Z
casey-il-pd,Casey IL PD,Casey,IL,university-of-illinois-chicago-il-pd,University of Illinois - Chicago IL PD,,IL,owner_grants_access_to_agency,https://transparency.flocksafety.com/casey-il-pd,EyesOnFlock transparency-portal snapshot,2026-09-21T12:12:02Z
casey-il-pd,Casey IL PD,Casey,IL,west-chicago-il-pd,West Chicago IL PD,West Chicago,IL,owner_grants_access_to_agency,https://transparency.flocksafety.com/casey-il-pd,EyesOnFlock transparency-portal snapshot,2026-09-21T12:12:02Z
cass-county-il-so,Cass County IL SO,Cass County,IL,chicago-heights-il-pd,Chicago Heights IL PD,Chicago Heights,IL,owner_grants_access_to_agency,https://transparency.flocksafety.com/cass-county-il-so,EyesOnFlock transparency-portal snapshot,2026-09-21T12:12:02Z
cass-county-il-so,Cass County IL SO,Cass County,IL,chicago-il-pd,Chicago IL PD,Chicago,IL,owner_grants_access_to_agency,https://transparency.flocksafety.com/cass-county-il-so,EyesOnFlock transparency-portal snapshot,2026-09-21T12:12:02Z
cass-county-il-so,Cass County IL SO,Cass County,IL,north-chicago-il-pd,North Chicago IL PD,North Chicago,IL,owner_grants_access_to_agency,https://transparency.flocksafety.com/cass-county-il-so,EyesOnFlock transparency-portal snapshot,2026-09-21T12:12:02Z
cass-county-il-so,Cass County IL SO,Cass County,IL,university-of-illinois-chicago-il-pd,University of Illinois - Chicago IL PD,,IL,owner_grants_access_to_agency,https://transparency.flocksafety.com/cass-county-il-so,EyesOnFlock transparency-portal snapshot,2026-09-21T12:12:02Z
cass-county-il-so,Cass County IL SO,Cass County,IL,west-chicago-il-pd,West Chicago IL PD,West Chicago,IL,owner_grants_access_to_agency,https://transparency.flocksafety.com/cass-county-il-so,EyesOnFlock transparency-portal snapshot,2026-09-21T12:12:02Z
chatham-il-pd,Chatham IL PD,Chatham,IL,chicago-heights-il-pd,Chicago Heights IL PD,Chicago Heights,IL,owner_grants_access_to_agency,https://transparency.flocksafety.com/chatham-il-pd,EyesOnFlock transparency-portal snapshot,2026-09-21T12:12:02Z
chatham-il-pd,Chatham IL PD,Chatham,IL,chicago-il-pd,Chicago IL PD,Chicago,IL,owner_grants_access_to_agency,https://transparency.flocksafety.com/chatham-il-pd,EyesOnFlock transparency-portal snapshot,2026-09-21T12:12:02Z
chatham-il-pd,Chatham IL PD,Chatham,IL,north-chicago-il-pd,North Chicago IL PD,North Chicago,IL,owner_grants_access_to_agency,https://transparency.flocksafety.com/chatham-il-pd,EyesOnFlock transparency-portal snapshot,2026-09-21T12:12:02Z
chatham-il-pd,Chatham IL PD,Chatham,IL,south-chicago-heights-il-pd,South Chicago Heights IL PD,South Chicago Heights,IL,owner_grants_access_to_agency,https://transparency.flocksafety.com/chatham-il-pd,EyesOnFlock transparency-portal snapshot,2026-09-21T12:12:02Z
chatham-il-pd,Chatham IL PD,Chatham,IL,university-of-illinois-chicago-il-pd,University of Illinois - Chicago IL PD,,IL,owner_grants_access_to_agency,https://transparency.flocksafety.com/chatham-il-pd,EyesOnFlock transparency-portal snapshot,2026-09-21T12:12:02Z
chatham-il-pd,Chatham IL PD,Chatham,IL,west-chicago-il-pd,West Chicago IL PD,West Chicago,IL,owner_grants_access_to_agency,https://transparency.flocksafety.com/chatham-il-pd,EyesOnFlock transparency-portal snapshot,2026-09-21T12:12:02Z
clark-county-oh-so,Clark County OH SO,Clark County,OH,chicago-il-pd,Chicago IL PD,Chicago,IL,owner_grants_access_to_agency,https://transparency.flocksafety.com/clark-county-oh-so,EyesOnFlock transparency-portal snapshot,2026-09-21T12:12:02Z
clark-county-oh-so,Clark County OH SO,Clark County,OH,north-chicago-il-pd,North Chicago IL PD,North Chicago,IL,owner_grants_access_to_agency,https://transparency.flocksafety.com/clark-county-oh-so,EyesOnFlock transparency-portal snapshot,2026-09-21T12:12:02Z
clark-county-oh-so,Clark County OH SO,Clark County,OH,south-chicago-heights-il-pd,South Chicago Heights IL PD,South Chicago Heights,IL,owner_grants_access_to_agency,https://transparency.flocksafety.com/clark-county-oh-so,EyesOnFlock transparency-portal snapshot,2026-09-21T12:12:02Z
clive-ia-pd,Clive IA PD,Clive,IA,chicago-il-pd,Chicago IL PD,Chicago,IL,owner_grants_access_to_agency,https://transparency.flocksafety.com/clive-ia-pd,EyesOnFlock transparency-portal snapshot,2026-09-21T12:12:02Z
clive-ia-pd,Clive IA PD,Clive,IA,north-chicago-il-pd,North Chicago IL PD,North Chicago,IL,owner_grants_access_to_agency,https://transparency.flocksafety.com/clive-ia-pd,EyesOnFlock transparency-portal snapshot,2026-09-21T12:12:02Z
clive-ia-pd,Clive IA PD,Clive,IA,south-chicago-heights-il-pd,South Chicago Heights IL PD,South Chicago Heights,IL,owner_grants_access_to_agency,https://transparency.flocksafety.com/clive-ia-pd,EyesOnFlock transparency-portal snapshot,2026-09-21T12:12:02Z
clive-ia-pd,Clive IA PD,Clive,IA,west-chicago-il-pd,West Chicago IL PD,West Chicago,IL,owner_grants_access_to_agency,https://transparency.flocksafety.com/clive-ia-pd,EyesOnFlock transparency-portal snapshot,2026-09-21T12:12:02Z
coldwater-mi-pd,Coldwater MI PD,Coldwater,MI,chicago-il-pd,Chicago IL PD,Chicago,IL,owner_grants_access_to_agency,https://transparency.flocksafety.com/coldwater-mi-pd,EyesOnFlock transparency-portal snapshot,2026-09-21T12:12:02Z
coldwater-mi-pd,Coldwater MI PD,Coldwater,MI,north-chicago-il-pd,North Chicago IL PD,North Chicago,IL,owner_grants_access_to_agency,https://transparency.flocksafety.com/coldwater-mi-pd,EyesOnFlock transparency-portal snapshot,2026-09-21T12:12:02Z
coldwater-mi-pd,Coldwater MI PD,Coldwater,MI,university-of-illinois-chicago-il-pd,University of Illinois - Chicago IL PD,,IL,owner_grants_access_to_agency,https://transparency.flocksafety.com/coldwater-mi-pd,EyesOnFlock transparency-portal snapshot,2026-09-21T12:12:02Z
coldwater-mi-pd,Coldwater MI PD,Coldwater,MI,west-chicago-il-pd,West Chicago IL PD,West Chicago,IL,owner_grants_access_to_agency,https://transparency.flocksafety.com/coldwater-mi-pd,EyesOnFlock transparency-portal snapshot,2026-09-21T12:12:02Z
cortland-il-pd,Cortland IL PD,Cortland,IL,chicago-heights-il-pd,Chicago Heights IL PD,Chicago Heights,IL,owner_grants_access_to_agency,https://transparency.flocksafety.com/cortland-il-pd,EyesOnFlock transparency-portal snapshot,2026-09-21T12:12:02Z
cortland-il-pd,Cortland IL PD,Cortland,IL,chicago-il-pd,Chicago IL PD,Chicago,IL,owner_grants_access_to_agency,https://transparency.flocksafety.com/cortland-il-pd,EyesOnFlock transparency-portal snapshot,2026-09-21T12:12:02Z
cortland-il-pd,Cortland IL PD,Cortland,IL,north-chicago-il-pd,North Chicago IL PD,North Chicago,IL,owner_grants_access_to_agency,https://transparency.flocksafety.com/cortland-il-pd,EyesOnFlock transparency-portal snapshot,2026-09-21T12:12:02Z
cortland-il-pd,Cortland IL PD,Cortland,IL,university-of-illinois-chicago-il-pd,University of Illinois - Chicago IL PD,,IL,owner_grants_access_to_agency,https://transparency.flocksafety.com/cortland-il-pd,EyesOnFlock transparency-portal snapshot,2026-09-21T12:12:02Z
cottage-grove-wi-pd,Cottage Grove WI PD,Cottage Grove,WI,chicago-il-pd,Chicago IL PD,Chicago,IL,owner_grants_access_to_agency,https://transparency.flocksafety.com/cottage-grove-wi-pd,EyesOnFlock transparency-portal snapshot,2026-09-21T12:12:02Z
cottage-grove-wi-pd,Cottage Grove WI PD,Cottage Grove,WI,university-of-illinois-chicago-il-pd,University of Illinois - Chicago IL PD,,IL,owner_grants_access_to_agency,https://transparency.flocksafety.com/cottage-grove-wi-pd,EyesOnFlock transparency-portal snapshot,2026-09-21T12:12:02Z
cottage-grove-wi-pd,Cottage Grove WI PD,Cottage Grove,WI,west-chicago-il-pd,West Chicago IL PD,West Chicago,IL,owner_grants_access_to_agency,https://transparency.flocksafety.com/cottage-grove-wi-pd,EyesOnFlock transparency-portal snapshot,2026-09-21T12:12:02Z
crystal-lake-il-pd,Crystal Lake IL PD,Crystal Lake,IL,chicago-heights-il-pd,Chicago Heights IL PD,Chicago Heights,IL,owner_grants_access_to_agency,https://transparency.flocksafety.com/crystal-lake-il-pd,EyesOnFlock transparency-portal snapshot,2026-09-21T12:12:02Z
crystal-lake-il-pd,Crystal Lake IL PD,Crystal Lake,IL,chicago-il-pd,Chicago IL PD,Chicago,IL,owner_grants_access_to_agency,https://transparency.flocksafety.com/crystal-lake-il-pd,EyesOnFlock transparency-portal snapshot,2026-09-21T12:12:02Z
crystal-lake-il-pd,Crystal Lake IL PD,Crystal Lake,IL,north-chicago-il-pd,North Chicago IL PD,North Chicago,IL,owner_grants_access_to_agency,https://transparency.flocksafety.com/crystal-lake-il-pd,EyesOnFlock transparency-portal snapshot,2026-09-21T12:12:02Z
crystal-lake-il-pd,Crystal Lake IL PD,Crystal Lake,IL,university-of-illinois-chicago-il-pd,University of Illinois - Chicago IL PD,,IL,owner_grants_access_to_agency,https://transparency.flocksafety.com/crystal-lake-il-pd,EyesOnFlock transparency-portal snapshot,2026-09-21T12:12:02Z
crystal-lake-il-pd,Crystal Lake IL PD,Crystal Lake,IL,west-chicago-il-pd,West Chicago IL PD,West Chicago,IL,owner_grants_access_to_agency,https://transparency.flocksafety.com/crystal-lake-il-pd,EyesOnFlock transparency-portal snapshot,2026-09-21T12:12:02Z
dakota-county-ne-so,Dakota County NE SO,Dakota County,NE,chicago-il-pd,Chicago IL PD,Chicago,IL,owner_grants_access_to_agency,https://transparency.flocksafety.com/dakota-county-ne-so,EyesOnFlock transparency-portal snapshot,2026-09-21T12:12:02Z
darien-il-pd,Darien IL PD,Darien,IL,chicago-heights-il-pd,Chicago Heights IL PD,Chicago Heights,IL,owner_grants_access_to_agency,https://transparency.flocksafety.com/darien-il-pd,EyesOnFlock transparency-portal snapshot,2026-09-21T12:12:02Z
darien-il-pd,Darien IL PD,Darien,IL,chicago-il-pd,Chicago IL PD,Chicago,IL,owner_grants_access_to_agency,https://transparency.flocksafety.com/darien-il-pd,EyesOnFlock transparency-portal snapshot,2026-09-21T12:12:02Z
darien-il-pd,Darien IL PD,Darien,IL,north-chicago-il-pd,North Chicago IL PD,North Chicago,IL,owner_grants_access_to_agency,https://transparency.flocksafety.com/darien-il-pd,EyesOnFlock transparency-portal snapshot,2026-09-21T12:12:02Z
darien-il-pd,Darien IL PD,Darien,IL,university-of-illinois-chicago-il-pd,University of Illinois - Chicago IL PD,,IL,owner_grants_access_to_agency,https://transparency.flocksafety.com/darien-il-pd,EyesOnFlock transparency-portal snapshot,2026-09-21T12:12:02Z
darien-il-pd,Darien IL PD,Darien,IL,west-chicago-il-pd,West Chicago IL PD,West Chicago,IL,owner_grants_access_to_agency,https://transparency.flocksafety.com/darien-il-pd,EyesOnFlock transparency-portal snapshot,2026-09-21T12:12:02Z
davenport-ia-pd,Davenport IA PD,Davenport,IA,chicago-il-pd,Chicago IL PD,Chicago,IL,owner_grants_access_to_agency,https://transparency.flocksafety.com/davenport-ia-pd,EyesOnFlock transparency-portal snapshot,2026-09-21T12:12:02Z
davenport-ia-pd,Davenport IA PD,Davenport,IA,university-of-illinois-chicago-il-pd,University of Illinois - Chicago IL PD,,IL,owner_grants_access_to_agency,https://transparency.flocksafety.com/davenport-ia-pd,EyesOnFlock transparency-portal snapshot,2026-09-21T12:12:02Z
davenport-ia-pd,Davenport IA PD,Davenport,IA,west-chicago-il-pd,West Chicago IL PD,West Chicago,IL,owner_grants_access_to_agency,https://transparency.flocksafety.com/davenport-ia-pd,EyesOnFlock transparency-portal snapshot,2026-09-21T12:12:02Z
dekalb-il-pd,DeKalb IL PD,DeKalb,IL,university-of-illinois-chicago-il-pd,University of Illinois - Chicago IL PD,,IL,owner_grants_access_to_agency,https://transparency.flocksafety.com/dekalb-il-pd,EyesOnFlock transparency-portal snapshot,2026-09-21T12:12:02Z
dekalb-il-pd,DeKalb IL PD,DeKalb,IL,west-chicago-il-pd,West Chicago IL PD,West Chicago,IL,owner_grants_access_to_agency,https://transparency.flocksafety.com/dekalb-il-pd,EyesOnFlock transparency-portal snapshot,2026-09-21T12:12:02Z
defiance-county-oh-so,Defiance County OH SO,Defiance County,OH,chicago-il-pd,Chicago IL PD,Chicago,IL,owner_grants_access_to_agency,https://transparency.flocksafety.com/defiance-county-oh-so,EyesOnFlock transparency-portal snapshot,2026-09-21T12:12:02Z
delphi-in-pd,Delphi IN PD,Delphi,IN,chicago-heights-il-pd,Chicago Heights IL PD,Chicago Heights,IL,owner_grants_access_to_agency,https://transparency.flocksafety.com/delphi-in-pd,EyesOnFlock transparency-portal snapshot,2026-09-21T12:12:02Z
delphi-in-pd,Delphi IN PD,Delphi,IN,chicago-il-pd,Chicago IL PD,Chicago,IL,owner_grants_access_to_agency,https://transparency.flocksafety.com/delphi-in-pd,EyesOnFlock transparency-portal snapshot,2026-09-21T12:12:02Z
delphi-in-pd,Delphi IN PD,Delphi,IN,north-chicago-il-pd,North Chicago IL PD,North Chicago,IL,owner_grants_access_to_agency,https://transparency.flocksafety.com/delphi-in-pd,EyesOnFlock transparency-portal snapshot,2026-09-21T12:12:02Z
delphi-in-pd,Delphi IN PD,Delphi,IN,west-chicago-il-pd,West Chicago IL PD,West Chicago,IL,owner_grants_access_to_agency,https://transparency.flocksafety.com/delphi-in-pd,EyesOnFlock transparency-portal snapshot,2026-09-21T12:12:02Z
earlham-ia-pd,Earlham IA PD,Earlham,IA,chicago-il-pd,Chicago IL PD,Chicago,IL,owner_grants_access_to_agency,https://transparency.flocksafety.com/earlham-ia-pd,EyesOnFlock transparency-portal snapshot,2026-09-21T12:12:02Z
eau-claire-county-wi-so,Eau Claire County WI SO,Eau Claire County,WI,chicago-il-pd,Chicago IL PD,Chicago,IL,owner_grants_access_to_agency,https://transparency.flocksafety.com/eau-claire-county-wi-so,EyesOnFlock transparency-portal snapshot,2026-09-21T12:12:02Z
eau-claire-county-wi-so,Eau Claire County WI SO,Eau Claire County,WI,north-chicago-il-pd,North Chicago IL PD,North Chicago,IL,owner_grants_access_to_agency,https://transparency.flocksafety.com/eau-claire-county-wi-so,EyesOnFlock transparency-portal snapshot,2026-09-21T12:12:02Z
eau-claire-county-wi-so,Eau Claire County WI SO,Eau Claire County,WI,university-of-illinois-chicago-il-pd,University of Illinois - Chicago IL PD,,IL,owner_grants_access_to_agency,https://transparency.flocksafety.com/eau-claire-county-wi-so,EyesOnFlock transparency-portal snapshot,2026-09-21T12:12:02Z
eau-claire-county-wi-so,Eau Claire County WI SO,Eau Claire County,WI,west-chicago-il-pd,West Chicago IL PD,West Chicago,IL,owner_grants_access_to_agency,https://transparency.flocksafety.com/eau-claire-county-wi-so,EyesOnFlock transparency-portal snapshot,2026-09-21T12:12:02Z
effingham-il-pd,Effingham IL PD,Effingham,IL,chicago-heights-il-pd,Chicago Heights IL PD,Chicago Heights,IL,owner_grants_access_to_agency,https://transparency.flocksafety.com/effingham-il-pd,EyesOnFlock transparency-portal snapshot,2026-09-21T12:12:02Z
effingham-il-pd,Effingham IL PD,Effingham,IL,chicago-il-pd,Chicago IL PD,Chicago,IL,owner_grants_access_to_agency,https://transparency.flocksafety.com/effingham-il-pd,EyesOnFlock transparency-portal snapshot,2026-09-21T12:12:02Z
effingham-il-pd,Effingham IL PD,Effingham,IL,north-chicago-il-pd,North Chicago IL PD,North Chicago,IL,owner_grants_access_to_agency,https://transparency.flocksafety.com/effingham-il-pd,EyesOnFlock transparency-portal snapshot,2026-09-21T12:12:02Z
effingham-il-pd,Effingham IL PD,Effingham,IL,south-chicago-heights-il-pd,South Chicago Heights IL PD,South Chicago Heights,IL,owner_grants_access_to_agency,https://transparency.flocksafety.com/effingham-il-pd,EyesOnFlock transparency-portal snapshot,2026-09-21T12:12:02Z
effingham-il-pd,Effingham IL PD,Effingham,IL,university-of-illinois-chicago-il-pd,University of Illinois - Chicago IL PD,,IL,owner_grants_access_to_agency,https://transparency.flocksafety.com/effingham-il-pd,EyesOnFlock transparency-portal snapshot,2026-09-21T12:12:02Z
effingham-il-pd,Effingham IL PD,Effingham,IL,west-chicago-il-pd,West Chicago IL PD,West Chicago,IL,owner_grants_access_to_agency,https://transparency.flocksafety.com/effingham-il-pd,EyesOnFlock transparency-portal snapshot,2026-09-21T12:12:02Z
elizabethtown-ky-pd,Elizabethtown KY PD,Elizabethtown,KY,chicago-heights-il-pd,Chicago Heights IL PD,Chicago Heights,IL,owner_grants_access_to_agency,https://transparency.flocksafety.com/elizabethtown-ky-pd,EyesOnFlock transparency-portal snapshot,2026-09-21T12:12:02Z
elizabethtown-ky-pd,Elizabethtown KY PD,Elizabethtown,KY,chicago-il-pd,Chicago IL PD,Chicago,IL,owner_grants_access_to_agency,https://transparency.flocksafety.com/elizabethtown-ky-pd,EyesOnFlock transparency-portal snapshot,2026-09-21T12:12:02Z
elizabethtown-ky-pd,Elizabethtown KY PD,Elizabethtown,KY,north-chicago-il-pd,North Chicago IL PD,North Chicago,IL,owner_grants_access_to_agency,https://transparency.flocksafety.com/elizabethtown-ky-pd,EyesOnFlock transparency-portal snapshot,2026-09-21T12:12:02Z
elizabethtown-ky-pd,Elizabethtown KY PD,Elizabethtown,KY,south-chicago-heights-il-pd,South Chicago Heights IL PD,South Chicago Heights,IL,owner_grants_access_to_agency,https://transparency.flocksafety.com/elizabethtown-ky-pd,EyesOnFlock transparency-portal snapshot,2026-09-21T12:12:02Z
elizabethtown-ky-pd,Elizabethtown KY PD,Elizabethtown,KY,university-of-illinois-chicago-il-pd,University of Illinois - Chicago IL PD,,IL,owner_grants_access_to_agency,https://transparency.flocksafety.com/elizabethtown-ky-pd,EyesOnFlock transparency-portal snapshot,2026-09-21T12:12:02Z
elizabethtown-ky-pd,Elizabethtown KY PD,Elizabethtown,KY,west-chicago-il-pd,West Chicago IL PD,West Chicago,IL,owner_grants_access_to_agency,https://transparency.flocksafety.com/elizabethtown-ky-pd,EyesOnFlock transparency-portal snapshot,2026-09-21T12:12:02Z
elmwood-park-il-pd,Elmwood Park IL PD,Elmwood Park,IL,chicago-heights-il-pd,Chicago Heights IL PD,Chicago Heights,IL,owner_grants_access_to_agency,https://transparency.flocksafety.com/elmwood-park-il-pd,EyesOnFlock transparency-portal snapshot,2026-09-21T12:12:02Z
elmwood-park-il-pd,Elmwood Park IL PD,Elmwood Park,IL,chicago-il-pd,Chicago IL PD,Chicago,IL,owner_grants_access_to_agency,https://transparency.flocksafety.com/elmwood-park-il-pd,EyesOnFlock transparency-portal snapshot,2026-09-21T12:12:02Z
elmwood-park-il-pd,Elmwood Park IL PD,Elmwood Park,IL,north-chicago-il-pd,North Chicago IL PD,North Chicago,IL,owner_grants_access_to_agency,https://transparency.flocksafety.com/elmwood-park-il-pd,EyesOnFlock transparency-portal snapshot,2026-09-21T12:12:02Z
elmwood-park-il-pd,Elmwood Park IL PD,Elmwood Park,IL,south-chicago-heights-il-pd,South Chicago Heights IL PD,South Chicago Heights,IL,owner_grants_access_to_agency,https://transparency.flocksafety.com/elmwood-park-il-pd,EyesOnFlock transparency-portal snapshot,2026-09-21T12:12:02Z
elmwood-park-il-pd,Elmwood Park IL PD,Elmwood Park,IL,university-of-illinois-chicago-il-pd,University of Illinois - Chicago IL PD,,IL,owner_grants_access_to_agency,https://transparency.flocksafety.com/elmwood-park-il-pd,EyesOnFlock transparency-portal snapshot,2026-09-21T12:12:02Z
elmwood-park-il-pd,Elmwood Park IL PD,Elmwood Park,IL,west-chicago-il-pd,West Chicago IL PD,West Chicago,IL,owner_grants_access_to_agency,https://transparency.flocksafety.com/elmwood-park-il-pd,EyesOnFlock transparency-portal snapshot,2026-09-21T12:12:02Z
elyria-oh-pd,Elyria OH PD,Elyria,OH,chicago-il-pd,Chicago IL PD,Chicago,IL,owner_grants_access_to_agency,https://transparency.flocksafety.com/elyria-oh-pd,EyesOnFlock transparency-portal snapshot,2026-09-21T12:12:02Z
evergreen-park-il-pd,Evergreen Park IL PD,Evergreen Park,IL,chicago-heights-il-pd,Chicago Heights IL PD,Chicago Heights,IL,owner_grants_access_to_agency,https://transparency.flocksafety.com/evergreen-park-il-pd,EyesOnFlock transparency-portal snapshot,2026-09-21T12:12:02Z
evergreen-park-il-pd,Evergreen Park IL PD,Evergreen Park,IL,chicago-il-pd,Chicago IL PD,Chicago,IL,owner_grants_access_to_agency,https://transparency.flocksafety.com/evergreen-park-il-pd,EyesOnFlock transparency-portal snapshot,2026-09-21T12:12:02Z
evergreen-park-il-pd,Evergreen Park IL PD,Evergreen Park,IL,north-chicago-il-pd,North Chicago IL PD,North Chicago,IL,owner_grants_access_to_agency,https://transparency.flocksafety.com/evergreen-park-il-pd,EyesOnFlock transparency-portal snapshot,2026-09-21T12:12:02Z
evergreen-park-il-pd,Evergreen Park IL PD,Evergreen Park,IL,south-chicago-heights-il-pd,South Chicago Heights IL PD,South Chicago Heights,IL,owner_grants_access_to_agency,https://transparency.flocksafety.com/evergreen-park-il-pd,EyesOnFlock transparency-portal snapshot,2026-09-21T12:12:02Z
evergreen-park-il-pd,Evergreen Park IL PD,Evergreen Park,IL,university-of-illinois-chicago-il-pd,University of Illinois - Chicago IL PD,,IL,owner_grants_access_to_agency,https://transparency.flocksafety.com/evergreen-park-il-pd,EyesOnFlock transparency-portal snapshot,2026-09-21T12:12:02Z
evergreen-park-il-pd,Evergreen Park IL PD,Evergreen Park,IL,west-chicago-il-pd,West Chicago IL PD,West Chicago,IL,owner_grants_access_to_agency,https://transparency.flocksafety.com/evergreen-park-il-pd,EyesOnFlock transparency-portal snapshot,2026-09-21T12:12:02Z
fairfax-oh-pd,Fairfax OH PD,Fairfax,OH,chicago-heights-il-pd,Chicago Heights IL PD,Chicago Heights,IL,owner_grants_access_to_agency,https://transparency.flocksafety.com/fairfax-oh-pd,EyesOnFlock transparency-portal snapshot,2026-09-21T12:12:02Z
fairfax-oh-pd,Fairfax OH PD,Fairfax,OH,chicago-il-pd,Chicago IL PD,Chicago,IL,owner_grants_access_to_agency,https://transparency.flocksafety.com/fairfax-oh-pd,EyesOnFlock transparency-portal snapshot,2026-09-21T12:12:02Z
fairfax-oh-pd,Fairfax OH PD,Fairfax,OH,north-chicago-il-pd,North Chicago IL PD,North Chicago,IL,owner_grants_access_to_agency,https://transparency.flocksafety.com/fairfax-oh-pd,EyesOnFlock transparency-portal snapshot,2026-09-21T12:12:02Z
fairfax-oh-pd,Fairfax OH PD,Fairfax,OH,south-chicago-heights-il-pd,South Chicago Heights IL PD,South Chicago Heights,IL,owner_grants_access_to_agency,https://transparency.flocksafety.com/fairfax-oh-pd,EyesOnFlock transparency-portal snapshot,2026-09-21T12:12:02Z
fairfax-oh-pd,Fairfax OH PD,Fairfax,OH,university-of-illinois-chicago-il-pd,University of Illinois - Chicago IL PD,,IL,owner_grants_access_to_agency,https://transparency.flocksafety.com/fairfax-oh-pd,EyesOnFlock transparency-portal snapshot,2026-09-21T12:12:02Z
fairfax-oh-pd,Fairfax OH PD,Fairfax,OH,west-chicago-il-pd,West Chicago IL PD,West Chicago,IL,owner_grants_access_to_agency,https://transparency.flocksafety.com/fairfax-oh-pd,EyesOnFlock transparency-portal snapshot,2026-09-21T12:12:02Z
festus-mo-pd,Festus MO PD,Festus,MO,chicago-il-pd,Chicago IL PD,Chicago,IL,owner_grants_access_to_agency,https://transparency.flocksafety.com/festus-mo-pd,EyesOnFlock transparency-portal snapshot,2026-09-21T12:12:02Z
festus-mo-pd,Festus MO PD,Festus,MO,university-of-illinois-chicago-il-pd,University of Illinois - Chicago IL PD,,IL,owner_grants_access_to_agency,https://transparency.flocksafety.com/festus-mo-pd,EyesOnFlock transparency-portal snapshot,2026-09-21T12:12:02Z
festus-mo-pd,Festus MO PD,Festus,MO,west-chicago-il-pd,West Chicago IL PD,West Chicago,IL,owner_grants_access_to_agency,https://transparency.flocksafety.com/festus-mo-pd,EyesOnFlock transparency-portal snapshot,2026-09-21T12:12:02Z
flossmoor-il-pd,Flossmoor IL PD,Flossmoor,IL,chicago-heights-il-pd,Chicago Heights IL PD,Chicago Heights,IL,owner_grants_access_to_agency,https://transparency.flocksafety.com/flossmoor-il-pd,EyesOnFlock transparency-portal snapshot,2026-09-21T12:12:02Z
flossmoor-il-pd,Flossmoor IL PD,Flossmoor,IL,chicago-il-pd,Chicago IL PD,Chicago,IL,owner_grants_access_to_agency,https://transparency.flocksafety.com/flossmoor-il-pd,EyesOnFlock transparency-portal snapshot,2026-09-21T12:12:02Z
flossmoor-il-pd,Flossmoor IL PD,Flossmoor,IL,north-chicago-il-pd,North Chicago IL PD,North Chicago,IL,owner_grants_access_to_agency,https://transparency.flocksafety.com/flossmoor-il-pd,EyesOnFlock transparency-portal snapshot,2026-09-21T12:12:02Z
flossmoor-il-pd,Flossmoor IL PD,Flossmoor,IL,south-chicago-heights-il-pd,South Chicago Heights IL PD,South Chicago Heights,IL,owner_grants_access_to_agency,https://transparency.flocksafety.com/flossmoor-il-pd,EyesOnFlock transparency-portal snapshot,2026-09-21T12:12:02Z
flossmoor-il-pd,Flossmoor IL PD,Flossmoor,IL,university-of-illinois-chicago-il-pd,University of Illinois - Chicago IL PD,,IL,owner_grants_access_to_agency,https://transparency.flocksafety.com/flossmoor-il-pd,EyesOnFlock transparency-portal snapshot,2026-09-21T12:12:02Z
flossmoor-il-pd,Flossmoor IL PD,Flossmoor,IL,west-chicago-il-pd,West Chicago IL PD,West Chicago,IL,owner_grants_access_to_agency,https://transparency.flocksafety.com/flossmoor-il-pd,EyesOnFlock transparency-portal snapshot,2026-09-21T12:12:02Z
forest-park-oh-pd,Forest Park OH PD,Forest Park,OH,chicago-il-pd,Chicago IL PD,Chicago,IL,owner_grants_access_to_agency,https://transparency.flocksafety.com/forest-park-oh-pd,EyesOnFlock transparency-portal snapshot,2026-09-21T12:12:02Z
forest-park-oh-pd,Forest Park OH PD,Forest Park,OH,north-chicago-il-pd,North Chicago IL PD,North Chicago,IL,owner_grants_access_to_agency,https://transparency.flocksafety.com/forest-park-oh-pd,EyesOnFlock transparency-portal snapshot,2026-09-21T12:12:02Z
forest-park-oh-pd,Forest Park OH PD,Forest Park,OH,south-chicago-heights-il-pd,South Chicago Heights IL PD,South Chicago Heights,IL,owner_grants_access_to_agency,https://transparency.flocksafety.com/forest-park-oh-pd,EyesOnFlock transparency-portal snapshot,2026-09-21T12:12:02Z
forest-park-oh-pd,Forest Park OH PD,Forest Park,OH,university-of-illinois-chicago-il-pd,University of Illinois - Chicago IL PD,,IL,owner_grants_access_to_agency,https://transparency.flocksafety.com/forest-park-oh-pd,EyesOnFlock transparency-portal snapshot,2026-09-21T12:12:02Z
forest-park-oh-pd,Forest Park OH PD,Forest Park,OH,west-chicago-il-pd,West Chicago IL PD,West Chicago,IL,owner_grants_access_to_agency,https://transparency.flocksafety.com/forest-park-oh-pd,EyesOnFlock transparency-portal snapshot,2026-09-21T12:12:02Z
gahanna-oh-pd,Gahanna OH PD,Gahanna,OH,chicago-il-pd,Chicago IL PD,Chicago,IL,owner_grants_access_to_agency,https://transparency.flocksafety.com/gahanna-oh-pd,EyesOnFlock transparency-portal snapshot,2026-09-21T12:12:02Z
gahanna-oh-pd,Gahanna OH PD,Gahanna,OH,north-chicago-il-pd,North Chicago IL PD,North Chicago,IL,owner_grants_access_to_agency,https://transparency.flocksafety.com/gahanna-oh-pd,EyesOnFlock transparency-portal snapshot,2026-09-21T12:12:02Z
gahanna-oh-pd,Gahanna OH PD,Gahanna,OH,university-of-illinois-chicago-il-pd,University of Illinois - Chicago IL PD,,IL,owner_grants_access_to_agency,https://transparency.flocksafety.com/gahanna-oh-pd,EyesOnFlock transparency-portal snapshot,2026-09-21T12:12:02Z
gahanna-oh-pd,Gahanna OH PD,Gahanna,OH,west-chicago-il-pd,West Chicago IL PD,West Chicago,IL,owner_grants_access_to_agency,https://transparency.flocksafety.com/gahanna-oh-pd,EyesOnFlock transparency-portal snapshot,2026-09-21T12:12:02Z
glen-ellyn-il-pd,Glen Ellyn IL PD,Glen Ellyn,IL,chicago-heights-il-pd,Chicago Heights IL PD,Chicago Heights,IL,owner_grants_access_to_agency,https://transparency.flocksafety.com/glen-ellyn-il-pd,EyesOnFlock transparency-portal snapshot,2026-09-21T12:12:02Z
glen-ellyn-il-pd,Glen Ellyn IL PD,Glen Ellyn,IL,chicago-il-pd,Chicago IL PD,Chicago,IL,owner_grants_access_to_agency,https://transparency.flocksafety.com/glen-ellyn-il-pd,EyesOnFlock transparency-portal snapshot,2026-09-21T12:12:02Z
glen-ellyn-il-pd,Glen Ellyn IL PD,Glen Ellyn,IL,north-chicago-il-pd,North Chicago IL PD,North Chicago,IL,owner_grants_access_to_agency,https://transparency.flocksafety.com/glen-ellyn-il-pd,EyesOnFlock transparency-portal snapshot,2026-09-21T12:12:02Z
glen-ellyn-il-pd,Glen Ellyn IL PD,Glen Ellyn,IL,university-of-illinois-chicago-il-pd,University of Illinois - Chicago IL PD,,IL,owner_grants_access_to_agency,https://transparency.flocksafety.com/glen-ellyn-il-pd,EyesOnFlock transparency-portal snapshot,2026-09-21T12:12:02Z
glen-ellyn-il-pd,Glen Ellyn IL PD,Glen Ellyn,IL,west-chicago-il-pd,West Chicago IL PD,West Chicago,IL,owner_grants_access_to_agency,https://transparency.flocksafety.com/glen-ellyn-il-pd,EyesOnFlock transparency-portal snapshot,2026-09-21T12:12:02Z
glendale-heights-il-pd,Glendale Heights IL PD,Glendale Heights,IL,chicago-heights-il-pd,Chicago Heights IL PD,Chicago Heights,IL,owner_grants_access_to_agency,https://transparency.flocksafety.com/glendale-heights-il-pd,EyesOnFlock transparency-portal snapshot,2026-09-21T12:12:02Z
glendale-heights-il-pd,Glendale Heights IL PD,Glendale Heights,IL,chicago-il-pd,Chicago IL PD,Chicago,IL,owner_grants_access_to_agency,https://transparency.flocksafety.com/glendale-heights-il-pd,EyesOnFlock transparency-portal snapshot,2026-09-21T12:12:02Z
glendale-heights-il-pd,Glendale Heights IL PD,Glendale Heights,IL,north-chicago-il-pd,North Chicago IL PD,North Chicago,IL,owner_grants_access_to_agency,https://transparency.flocksafety.com/glendale-heights-il-pd,EyesOnFlock transparency-portal snapshot,2026-09-21T12:12:02Z
glendale-heights-il-pd,Glendale Heights IL PD,Glendale Heights,IL,south-chicago-heights-il-pd,South Chicago Heights IL PD,South Chicago Heights,IL,owner_grants_access_to_agency,https://transparency.flocksafety.com/glendale-heights-il-pd,EyesOnFlock transparency-portal snapshot,2026-09-21T12:12:02Z
glendale-heights-il-pd,Glendale Heights IL PD,Glendale Heights,IL,university-of-illinois-chicago-il-pd,University of Illinois - Chicago IL PD,,IL,owner_grants_access_to_agency,https://transparency.flocksafety.com/glendale-heights-il-pd,EyesOnFlock transparency-portal snapshot,2026-09-21T12:12:02Z
glendale-heights-il-pd,Glendale Heights IL PD,Glendale Heights,IL,west-chicago-il-pd,West Chicago IL PD,West Chicago,IL,owner_grants_access_to_agency,https://transparency.flocksafety.com/glendale-heights-il-pd,EyesOnFlock transparency-portal snapshot,2026-09-21T12:12:02Z
golf-manor-oh-pd,Golf Manor OH PD,Golf Manor,OH,chicago-il-pd,Chicago IL PD,Chicago,IL,owner_grants_access_to_agency,https://transparency.flocksafety.com/golf-manor-oh-pd,EyesOnFlock transparency-portal snapshot,2026-09-21T12:12:02Z
golf-manor-oh-pd,Golf Manor OH PD,Golf Manor,OH,north-chicago-il-pd,North Chicago IL PD,North Chicago,IL,owner_grants_access_to_agency,https://transparency.flocksafety.com/golf-manor-oh-pd,EyesOnFlock transparency-portal snapshot,2026-09-21T12:12:02Z
golf-manor-oh-pd,Golf Manor OH PD,Golf Manor,OH,university-of-illinois-chicago-il-pd,University of Illinois - Chicago IL PD,,IL,owner_grants_access_to_agency,https://transparency.flocksafety.com/golf-manor-oh-pd,EyesOnFlock transparency-portal snapshot,2026-09-21T12:12:02Z
golf-manor-oh-pd,Golf Manor OH PD,Golf Manor,OH,west-chicago-il-pd,West Chicago IL PD,West Chicago,IL,owner_grants_access_to_agency,https://transparency.flocksafety.com/golf-manor-oh-pd,EyesOnFlock transparency-portal snapshot,2026-09-21T12:12:02Z
grafton-wi-pd,Grafton WI PD,Grafton,WI,chicago-heights-il-pd,Chicago Heights IL PD,Chicago Heights,IL,owner_grants_access_to_agency,https://transparency.flocksafety.com/grafton-wi-pd,EyesOnFlock transparency-portal snapshot,2026-09-21T12:12:02Z
grafton-wi-pd,Grafton WI PD,Grafton,WI,chicago-il-pd,Chicago IL PD,Chicago,IL,owner_grants_access_to_agency,https://transparency.flocksafety.com/grafton-wi-pd,EyesOnFlock transparency-portal snapshot,2026-09-21T12:12:02Z
grafton-wi-pd,Grafton WI PD,Grafton,WI,north-chicago-il-pd,North Chicago IL PD,North Chicago,IL,owner_grants_access_to_agency,https://transparency.flocksafety.com/grafton-wi-pd,EyesOnFlock transparency-portal snapshot,2026-09-21T12:12:02Z
grafton-wi-pd,Grafton WI PD,Grafton,WI,south-chicago-heights-il-pd,South Chicago Heights IL PD,South Chicago Heights,IL,owner_grants_access_to_agency,https://transparency.flocksafety.com/grafton-wi-pd,EyesOnFlock transparency-portal snapshot,2026-09-21T12:12:02Z
grafton-wi-pd,Grafton WI PD,Grafton,WI,university-of-illinois-chicago-il-pd,University of Illinois - Chicago IL PD,,IL,owner_grants_access_to_agency,https://transparency.flocksafety.com/grafton-wi-pd,EyesOnFlock transparency-portal snapshot,2026-09-21T12:12:02Z
grafton-wi-pd,Grafton WI PD,Grafton,WI,west-chicago-il-pd,West Chicago IL PD,West Chicago,IL,owner_grants_access_to_agency,https://transparency.flocksafety.com/grafton-wi-pd,EyesOnFlock transparency-portal snapshot,2026-09-21T12:12:02Z
grand-rapids-mi-pd,Grand Rapids MI PD,Grand Rapids,MI,chicago-il-pd,Chicago IL PD,Chicago,IL,owner_grants_access_to_agency,https://transparency.flocksafety.com/grand-rapids-mi-pd,EyesOnFlock transparency-portal snapshot,2026-09-21T12:12:02Z
grand-rapids-mi-pd,Grand Rapids MI PD,Grand Rapids,MI,north-chicago-il-pd,North Chicago IL PD,North Chicago,IL,owner_grants_access_to_agency,https://transparency.flocksafety.com/grand-rapids-mi-pd,EyesOnFlock transparency-portal snapshot,2026-09-21T12:12:02Z
grand-rapids-mi-pd,Grand Rapids MI PD,Grand Rapids,MI,university-of-illinois-chicago-il-pd,University of Illinois - Chicago IL PD,,IL,owner_grants_access_to_agency,https://transparency.flocksafety.com/grand-rapids-mi-pd,EyesOnFlock transparency-portal snapshot,2026-09-21T12:12:02Z
grand-rapids-mi-pd,Grand Rapids MI PD,Grand Rapids,MI,west-chicago-il-pd,West Chicago IL PD,West Chicago,IL,owner_grants_access_to_agency,https://transparency.flocksafety.com/grand-rapids-mi-pd,EyesOnFlock transparency-portal snapshot,2026-09-21T12:12:02Z
grand-traverse-county-mi-so,Grand Traverse County MI SO,Grand Traverse County,MI,chicago-il-pd,Chicago IL PD,Chicago,IL,owner_grants_access_to_agency,https://transparency.flocksafety.com/grand-traverse-county-mi-so,EyesOnFlock transparency-portal snapshot,2026-09-21T12:12:02Z
grand-traverse-county-mi-so,Grand Traverse County MI SO,Grand Traverse County,MI,north-chicago-il-pd,North Chicago IL PD,North Chicago,IL,owner_grants_access_to_agency,https://transparency.flocksafety.com/grand-traverse-county-mi-so,EyesOnFlock transparency-portal snapshot,2026-09-21T12:12:02Z
grand-traverse-county-mi-so,Grand Traverse County MI SO,Grand Traverse County,MI,university-of-illinois-chicago-il-pd,University of Illinois - Chicago IL PD,,IL,owner_grants_access_to_agency,https://transparency.flocksafety.com/grand-traverse-county-mi-so,EyesOnFlock transparency-portal snapshot,2026-09-21T12:12:02Z
grand-traverse-county-mi-so,Grand Traverse County MI SO,Grand Traverse County,MI,west-chicago-il-pd,West Chicago IL PD,West Chicago,IL,owner_grants_access_to_agency,https://transparency.flocksafety.com/grand-traverse-county-mi-so,EyesOnFlock transparency-portal snapshot,2026-09-21T12:12:02Z
greenfield-in-pd,Greenfield IN PD,Greenfield,IN,chicago-heights-il-pd,Chicago Heights IL PD,Chicago Heights,IL,owner_grants_access_to_agency,https://transparency.flocksafety.com/greenfield-in-pd,EyesOnFlock transparency-portal snapshot,2026-09-21T12:12:02Z
greenfield-in-pd,Greenfield IN PD,Greenfield,IN,chicago-il-pd,Chicago IL PD,Chicago,IL,owner_grants_access_to_agency,https://transparency.flocksafety.com/greenfield-in-pd,EyesOnFlock transparency-portal snapshot,2026-09-21T12:12:02Z
greenfield-in-pd,Greenfield IN PD,Greenfield,IN,university-of-illinois-chicago-il-pd,University of Illinois - Chicago IL PD,,IL,owner_grants_access_to_agency,https://transparency.flocksafety.com/greenfield-in-pd,EyesOnFlock transparency-portal snapshot,2026-09-21T12:12:02Z
greenfield-in-pd,Greenfield IN PD,Greenfield,IN,west-chicago-il-pd,West Chicago IL PD,West Chicago,IL,owner_grants_access_to_agency,https://transparency.flocksafety.com/greenfield-in-pd,EyesOnFlock transparency-portal snapshot,2026-09-21T12:12:02Z
greenwood-in-pd,Greenwood IN PD,Greenwood,IN,chicago-heights-il-pd,Chicago Heights IL PD,Chicago Heights,IL,owner_grants_access_to_agency,https://transparency.flocksafety.com/greenwood-in-pd,EyesOnFlock transparency-portal snapshot,2026-09-21T12:12:02Z
greenwood-in-pd,Greenwood IN PD,Greenwood,IN,chicago-il-pd,Chicago IL PD,Chicago,IL,owner_grants_access_to_agency,https://transparency.flocksafety.com/greenwood-in-pd,EyesOnFlock transparency-portal snapshot,2026-09-21T12:12:02Z
greenwood-in-pd,Greenwood IN PD,Greenwood,IN,north-chicago-il-pd,North Chicago IL PD,North Chicago,IL,owner_grants_access_to_agency,https://transparency.flocksafety.com/greenwood-in-pd,EyesOnFlock transparency-portal snapshot,2026-09-21T12:12:02Z
greenwood-in-pd,Greenwood IN PD,Greenwood,IN,west-chicago-il-pd,West Chicago IL PD,West Chicago,IL,owner_grants_access_to_agency,https://transparency.flocksafety.com/greenwood-in-pd,EyesOnFlock transparency-portal snapshot,2026-09-21T12:12:02Z
hancock-county-in-so,Hancock County IN SO,Hancock County,IN,chicago-heights-il-pd,Chicago Heights IL PD,Chicago Heights,IL,owner_grants_access_to_agency,https://transparency.flocksafety.com/hancock-county-in-so,EyesOnFlock transparency-portal snapshot,2026-09-21T12:12:02Z
hancock-county-in-so,Hancock County IN SO,Hancock County,IN,chicago-il-pd,Chicago IL PD,Chicago,IL,owner_grants_access_to_agency,https://transparency.flocksafety.com/hancock-county-in-so,EyesOnFlock transparency-portal snapshot,2026-09-21T12:12:02Z
hancock-county-in-so,Hancock County IN SO,Hancock County,IN,north-chicago-il-pd,North Chicago IL PD,North Chicago,IL,owner_grants_access_to_agency,https://transparency.flocksafety.com/hancock-county-in-so,EyesOnFlock transparency-portal snapshot,2026-09-21T12:12:02Z
hancock-county-in-so,Hancock County IN SO,Hancock County,IN,south-chicago-heights-il-pd,South Chicago Heights IL PD,South Chicago Heights,IL,owner_grants_access_to_agency,https://transparency.flocksafety.com/hancock-county-in-so,EyesOnFlock transparency-portal snapshot,2026-09-21T12:12:02Z
hancock-county-in-so,Hancock County IN SO,Hancock County,IN,university-of-illinois-chicago-il-pd,University of Illinois - Chicago IL PD,,IL,owner_grants_access_to_agency,https://transparency.flocksafety.com/hancock-county-in-so,EyesOnFlock transparency-portal snapshot,2026-09-21T12:12:02Z
hancock-county-in-so,Hancock County IN SO,Hancock County,IN,west-chicago-il-pd,West Chicago IL PD,West Chicago,IL,owner_grants_access_to_agency,https://transparency.flocksafety.com/hancock-county-in-so,EyesOnFlock transparency-portal snapshot,2026-09-21T12:12:02Z
herrin-il-pd,Herrin IL PD,Herrin,IL,chicago-heights-il-pd,Chicago Heights IL PD,Chicago Heights,IL,owner_grants_access_to_agency,https://transparency.flocksafety.com/herrin-il-pd,EyesOnFlock transparency-portal snapshot,2026-09-21T12:12:02Z
herrin-il-pd,Herrin IL PD,Herrin,IL,chicago-il-pd,Chicago IL PD,Chicago,IL,owner_grants_access_to_agency,https://transparency.flocksafety.com/herrin-il-pd,EyesOnFlock transparency-portal snapshot,2026-09-21T12:12:02Z
herrin-il-pd,Herrin IL PD,Herrin,IL,north-chicago-il-pd,North Chicago IL PD,North Chicago,IL,owner_grants_access_to_agency,https://transparency.flocksafety.com/herrin-il-pd,EyesOnFlock transparency-portal snapshot,2026-09-21T12:12:02Z
herrin-il-pd,Herrin IL PD,Herrin,IL,university-of-illinois-chicago-il-pd,University of Illinois - Chicago IL PD,,IL,owner_grants_access_to_agency,https://transparency.flocksafety.com/herrin-il-pd,EyesOnFlock transparency-portal snapshot,2026-09-21T12:12:02Z
herrin-il-pd,Herrin IL PD,Herrin,IL,west-chicago-il-pd,West Chicago IL PD,West Chicago,IL,owner_grants_access_to_agency,https://transparency.flocksafety.com/herrin-il-pd,EyesOnFlock transparency-portal snapshot,2026-09-21T12:12:02Z
hinckley-il-pd,Hinckley IL PD,Hinckley,IL,chicago-heights-il-pd,Chicago Heights IL PD,Chicago Heights,IL,owner_grants_access_to_agency,https://transparency.flocksafety.com/hinckley-il-pd,EyesOnFlock transparency-portal snapshot,2026-09-21T12:12:02Z
hinckley-il-pd,Hinckley IL PD,Hinckley,IL,chicago-il-pd,Chicago IL PD,Chicago,IL,owner_grants_access_to_agency,https://transparency.flocksafety.com/hinckley-il-pd,EyesOnFlock transparency-portal snapshot,2026-09-21T12:12:02Z
hinckley-il-pd,Hinckley IL PD,Hinckley,IL,south-chicago-heights-il-pd,South Chicago Heights IL PD,South Chicago Heights,IL,owner_grants_access_to_agency,https://transparency.flocksafety.com/hinckley-il-pd,EyesOnFlock transparency-portal snapshot,2026-09-21T12:12:02Z
hinckley-il-pd,Hinckley IL PD,Hinckley,IL,university-of-illinois-chicago-il-pd,University of Illinois - Chicago IL PD,,IL,owner_grants_access_to_agency,https://transparency.flocksafety.com/hinckley-il-pd,EyesOnFlock transparency-portal snapshot,2026-09-21T12:12:02Z
hinckley-il-pd,Hinckley IL PD,Hinckley,IL,west-chicago-il-pd,West Chicago IL PD,West Chicago,IL,owner_grants_access_to_agency,https://transparency.flocksafety.com/hinckley-il-pd,EyesOnFlock transparency-portal snapshot,2026-09-21T12:12:02Z
hudson-wi-pd,Hudson WI PD,Hudson,WI,chicago-il-pd,Chicago IL PD,Chicago,IL,owner_grants_access_to_agency,https://transparency.flocksafety.com/hudson-wi-pd,EyesOnFlock transparency-portal snapshot,2026-09-21T12:12:02Z
hudson-wi-pd,Hudson WI PD,Hudson,WI,north-chicago-il-pd,North Chicago IL PD,North Chicago,IL,owner_grants_access_to_agency,https://transparency.flocksafety.com/hudson-wi-pd,EyesOnFlock transparency-portal snapshot,2026-09-21T12:12:02Z
hudson-wi-pd,Hudson WI PD,Hudson,WI,university-of-illinois-chicago-il-pd,University of Illinois - Chicago IL PD,,IL,owner_grants_access_to_agency,https://transparency.flocksafety.com/hudson-wi-pd,EyesOnFlock transparency-portal snapshot,2026-09-21T12:12:02Z
hudson-wi-pd,Hudson WI PD,Hudson,WI,west-chicago-il-pd,West Chicago IL PD,West Chicago,IL,owner_grants_access_to_agency,https://transparency.flocksafety.com/hudson-wi-pd,EyesOnFlock transparency-portal snapshot,2026-09-21T12:12:02Z
inverness-il-pd,Inverness IL PD,Inverness,IL,chicago-heights-il-pd,Chicago Heights IL PD,Chicago Heights,IL,owner_grants_access_to_agency,https://transparency.flocksafety.com/inverness-il-pd,EyesOnFlock transparency-portal snapshot,2026-09-21T12:12:02Z
inverness-il-pd,Inverness IL PD,Inverness,IL,chicago-il-pd,Chicago IL PD,Chicago,IL,owner_grants_access_to_agency,https://transparency.flocksafety.com/inverness-il-pd,EyesOnFlock transparency-portal snapshot,2026-09-21T12:12:02Z
inverness-il-pd,Inverness IL PD,Inverness,IL,north-chicago-il-pd,North Chicago IL PD,North Chicago,IL,owner_grants_access_to_agency,https://transparency.flocksafety.com/inverness-il-pd,EyesOnFlock transparency-portal snapshot,2026-09-21T12:12:02Z
inverness-il-pd,Inverness IL PD,Inverness,IL,university-of-illinois-chicago-il-pd,University of Illinois - Chicago IL PD,,IL,owner_grants_access_to_agency,https://transparency.flocksafety.com/inverness-il-pd,EyesOnFlock transparency-portal snapshot,2026-09-21T12:12:02Z
inverness-il-pd,Inverness IL PD,Inverness,IL,west-chicago-il-pd,West Chicago IL PD,West Chicago,IL,owner_grants_access_to_agency,https://transparency.flocksafety.com/inverness-il-pd,EyesOnFlock transparency-portal snapshot,2026-09-21T12:12:02Z
junction-city-ks-pd,Junction City KS PD,Junction City,KS,west-chicago-il-pd,West Chicago IL PD,West Chicago,IL,owner_grants_access_to_agency,https://transparency.flocksafety.com/junction-city-ks-pd,EyesOnFlock transparency-portal snapshot,2026-09-21T12:12:02Z
kane-county-il-so,Kane County IL SO,Kane County,IL,chicago-heights-il-pd,Chicago Heights IL PD,Chicago Heights,IL,owner_grants_access_to_agency,https://transparency.flocksafety.com/kane-county-il-so,EyesOnFlock transparency-portal snapshot,2026-09-21T12:12:02Z
kane-county-il-so,Kane County IL SO,Kane County,IL,chicago-il-pd,Chicago IL PD,Chicago,IL,owner_grants_access_to_agency,https://transparency.flocksafety.com/kane-county-il-so,EyesOnFlock transparency-portal snapshot,2026-09-21T12:12:02Z
kane-county-il-so,Kane County IL SO,Kane County,IL,north-chicago-il-pd,North Chicago IL PD,North Chicago,IL,owner_grants_access_to_agency,https://transparency.flocksafety.com/kane-county-il-so,EyesOnFlock transparency-portal snapshot,2026-09-21T12:12:02Z
kane-county-il-so,Kane County IL SO,Kane County,IL,university-of-illinois-chicago-il-pd,University of Illinois - Chicago IL PD,,IL,owner_grants_access_to_agency,https://transparency.flocksafety.com/kane-county-il-so,EyesOnFlock transparency-portal snapshot,2026-09-21T12:12:02Z
kane-county-il-so,Kane County IL SO,Kane County,IL,west-chicago-il-pd,West Chicago IL PD,West Chicago,IL,owner_grants_access_to_agency,https://transparency.flocksafety.com/kane-county-il-so,EyesOnFlock transparency-portal snapshot,2026-09-21T12:12:02Z
kildeer-il-pd,Kildeer IL PD,Kildeer,IL,chicago-heights-il-pd,Chicago Heights IL PD,Chicago Heights,IL,owner_grants_access_to_agency,https://transparency.flocksafety.com/kildeer-il-pd,EyesOnFlock transparency-portal snapshot,2026-09-21T12:12:02Z
kildeer-il-pd,Kildeer IL PD,Kildeer,IL,chicago-il-pd,Chicago IL PD,Chicago,IL,owner_grants_access_to_agency,https://transparency.flocksafety.com/kildeer-il-pd,EyesOnFlock transparency-portal snapshot,2026-09-21T12:12:02Z
kildeer-il-pd,Kildeer IL PD,Kildeer,IL,north-chicago-il-pd,North Chicago IL PD,North Chicago,IL,owner_grants_access_to_agency,https://transparency.flocksafety.com/kildeer-il-pd,EyesOnFlock transparency-portal snapshot,2026-09-21T12:12:02Z
kildeer-il-pd,Kildeer IL PD,Kildeer,IL,university-of-illinois-chicago-il-pd,University of Illinois - Chicago IL PD,,IL,owner_grants_access_to_agency,https://transparency.flocksafety.com/kildeer-il-pd,EyesOnFlock transparency-portal snapshot,2026-09-21T12:12:02Z
kildeer-il-pd,Kildeer IL PD,Kildeer,IL,west-chicago-il-pd,West Chicago IL PD,West Chicago,IL,owner_grants_access_to_agency,https://transparency.flocksafety.com/kildeer-il-pd,EyesOnFlock transparency-portal snapshot,2026-09-21T12:12:02Z
knox-county-il-so,Knox County IL SO,Knox County,IL,chicago-heights-il-pd,Chicago Heights IL PD,Chicago Heights,IL,owner_grants_access_to_agency,https://transparency.flocksafety.com/knox-county-il-so,EyesOnFlock transparency-portal snapshot,2026-09-21T12:12:02Z
knox-county-il-so,Knox County IL SO,Knox County,IL,chicago-il-pd,Chicago IL PD,Chicago,IL,owner_grants_access_to_agency,https://transparency.flocksafety.com/knox-county-il-so,EyesOnFlock transparency-portal snapshot,2026-09-21T12:12:02Z
knox-county-il-so,Knox County IL SO,Knox County,IL,north-chicago-il-pd,North Chicago IL PD,North Chicago,IL,owner_grants_access_to_agency,https://transparency.flocksafety.com/knox-county-il-so,EyesOnFlock transparency-portal snapshot,2026-09-21T12:12:02Z
knox-county-il-so,Knox County IL SO,Knox County,IL,south-chicago-heights-il-pd,South Chicago Heights IL PD,South Chicago Heights,IL,owner_grants_access_to_agency,https://transparency.flocksafety.com/knox-county-il-so,EyesOnFlock transparency-portal snapshot,2026-09-21T12:12:02Z
knox-county-il-so,Knox County IL SO,Knox County,IL,university-of-illinois-chicago-il-pd,University of Illinois - Chicago IL PD,,IL,owner_grants_access_to_agency,https://transparency.flocksafety.com/knox-county-il-so,EyesOnFlock transparency-portal snapshot,2026-09-21T12:12:02Z
knox-county-il-so,Knox County IL SO,Knox County,IL,west-chicago-il-pd,West Chicago IL PD,West Chicago,IL,owner_grants_access_to_agency,https://transparency.flocksafety.com/knox-county-il-so,EyesOnFlock transparency-portal snapshot,2026-09-21T12:12:02Z
lake-city-mn-pd,Lake City MN PD,Lake City,MN,chicago-il-pd,Chicago IL PD,Chicago,IL,owner_grants_access_to_agency,https://transparency.flocksafety.com/lake-city-mn-pd,EyesOnFlock transparency-portal snapshot,2026-09-21T12:12:02Z
liberty-mo-pd,Liberty MO PD,Liberty,MO,chicago-il-pd,Chicago IL PD,Chicago,IL,owner_grants_access_to_agency,https://transparency.flocksafety.com/liberty-mo-pd,EyesOnFlock transparency-portal snapshot,2026-09-21T12:12:02Z
liberty-mo-pd,Liberty MO PD,Liberty,MO,west-chicago-il-pd,West Chicago IL PD,West Chicago,IL,owner_grants_access_to_agency,https://transparency.flocksafety.com/liberty-mo-pd,EyesOnFlock transparency-portal snapshot,2026-09-21T12:12:02Z
lithopolis-oh-pd,Lithopolis OH PD,Lithopolis,OH,chicago-il-pd,Chicago IL PD,Chicago,IL,owner_grants_access_to_agency,https://transparency.flocksafety.com/lithopolis-oh-pd,EyesOnFlock transparency-portal snapshot,2026-09-21T12:12:02Z
lithopolis-oh-pd,Lithopolis OH PD,Lithopolis,OH,north-chicago-il-pd,North Chicago IL PD,North Chicago,IL,owner_grants_access_to_agency,https://transparency.flocksafety.com/lithopolis-oh-pd,EyesOnFlock transparency-portal snapshot,2026-09-21T12:12:02Z
lithopolis-oh-pd,Lithopolis OH PD,Lithopolis,OH,university-of-illinois-chicago-il-pd,University of Illinois - Chicago IL PD,,IL,owner_grants_access_to_agency,https://transparency.flocksafety.com/lithopolis-oh-pd,EyesOnFlock transparency-portal snapshot,2026-09-21T12:12:02Z
lithopolis-oh-pd,Lithopolis OH PD,Lithopolis,OH,west-chicago-il-pd,West Chicago IL PD,West Chicago,IL,owner_grants_access_to_agency,https://transparency.flocksafety.com/lithopolis-oh-pd,EyesOnFlock transparency-portal snapshot,2026-09-21T12:12:02Z
logan-county-ky-so,Logan County KY SO,Logan County,KY,chicago-il-pd,Chicago IL PD,Chicago,IL,owner_grants_access_to_agency,https://transparency.flocksafety.com/logan-county-ky-so,EyesOnFlock transparency-portal snapshot,2026-09-21T12:12:02Z
logan-county-ky-so,Logan County KY SO,Logan County,KY,north-chicago-il-pd,North Chicago IL PD,North Chicago,IL,owner_grants_access_to_agency,https://transparency.flocksafety.com/logan-county-ky-so,EyesOnFlock transparency-portal snapshot,2026-09-21T12:12:02Z
logan-county-ky-so,Logan County KY SO,Logan County,KY,west-chicago-il-pd,West Chicago IL PD,West Chicago,IL,owner_grants_access_to_agency,https://transparency.flocksafety.com/logan-county-ky-so,EyesOnFlock transparency-portal snapshot,2026-09-21T12:12:02Z
lombard-il-pd,Lombard IL PD,Lombard,IL,chicago-heights-il-pd,Chicago Heights IL PD,Chicago Heights,IL,owner_grants_access_to_agency,https://transparency.flocksafety.com/lombard-il-pd,EyesOnFlock transparency-portal snapshot,2026-09-21T12:12:02Z
lombard-il-pd,Lombard IL PD,Lombard,IL,chicago-il-pd,Chicago IL PD,Chicago,IL,owner_grants_access_to_agency,https://transparency.flocksafety.com/lombard-il-pd,EyesOnFlock transparency-portal snapshot,2026-09-21T12:12:02Z
lombard-il-pd,Lombard IL PD,Lombard,IL,north-chicago-il-pd,North Chicago IL PD,North Chicago,IL,owner_grants_access_to_agency,https://transparency.flocksafety.com/lombard-il-pd,EyesOnFlock transparency-portal snapshot,2026-09-21T12:12:02Z
lombard-il-pd,Lombard IL PD,Lombard,IL,south-chicago-heights-il-pd,South Chicago Heights IL PD,South Chicago Heights,IL,owner_grants_access_to_agency,https://transparency.flocksafety.com/lombard-il-pd,EyesOnFlock transparency-portal snapshot,2026-09-21T12:12:02Z
lombard-il-pd,Lombard IL PD,Lombard,IL,university-of-illinois-chicago-il-pd,University of Illinois - Chicago IL PD,,IL,owner_grants_access_to_agency,https://transparency.flocksafety.com/lombard-il-pd,EyesOnFlock transparency-portal snapshot,2026-09-21T12:12:02Z
lombard-il-pd,Lombard IL PD,Lombard,IL,west-chicago-il-pd,West Chicago IL PD,West Chicago,IL,owner_grants_access_to_agency,https://transparency.flocksafety.com/lombard-il-pd,EyesOnFlock transparency-portal snapshot,2026-09-21T12:12:02Z
manchester-mo-pd,Manchester MO PD,Manchester,MO,chicago-il-pd,Chicago IL PD,Chicago,IL,owner_grants_access_to_agency,https://transparency.flocksafety.com/manchester-mo-pd,EyesOnFlock transparency-portal snapshot,2026-09-21T12:12:02Z
manteno-il-pd,Manteno IL PD,Manteno,IL,chicago-heights-il-pd,Chicago Heights IL PD,Chicago Heights,IL,owner_grants_access_to_agency,https://transparency.flocksafety.com/manteno-il-pd,EyesOnFlock transparency-portal snapshot,2026-09-21T12:12:02Z
manteno-il-pd,Manteno IL PD,Manteno,IL,chicago-il-pd,Chicago IL PD,Chicago,IL,owner_grants_access_to_agency,https://transparency.flocksafety.com/manteno-il-pd,EyesOnFlock transparency-portal snapshot,2026-09-21T12:12:02Z
manteno-il-pd,Manteno IL PD,Manteno,IL,north-chicago-il-pd,North Chicago IL PD,North Chicago,IL,owner_grants_access_to_agency,https://transparency.flocksafety.com/manteno-il-pd,EyesOnFlock transparency-portal snapshot,2026-09-21T12:12:02Z
manteno-il-pd,Manteno IL PD,Manteno,IL,south-chicago-heights-il-pd,South Chicago Heights IL PD,South Chicago Heights,IL,owner_grants_access_to_agency,https://transparency.flocksafety.com/manteno-il-pd,EyesOnFlock transparency-portal snapshot,2026-09-21T12:12:02Z
manteno-il-pd,Manteno IL PD,Manteno,IL,university-of-illinois-chicago-il-pd,University of Illinois - Chicago IL PD,,IL,owner_grants_access_to_agency,https://transparency.flocksafety.com/manteno-il-pd,EyesOnFlock transparency-portal snapshot,2026-09-21T12:12:02Z
manteno-il-pd,Manteno IL PD,Manteno,IL,west-chicago-il-pd,West Chicago IL PD,West Chicago,IL,owner_grants_access_to_agency,https://transparency.flocksafety.com/manteno-il-pd,EyesOnFlock transparency-portal snapshot,2026-09-21T12:12:02Z
marathon-county-wi-so,Marathon County WI SO,Marathon County,WI,chicago-heights-il-pd,Chicago Heights IL PD,Chicago Heights,IL,owner_grants_access_to_agency,https://transparency.flocksafety.com/marathon-county-wi-so,EyesOnFlock transparency-portal snapshot,2026-09-21T12:12:02Z
marathon-county-wi-so,Marathon County WI SO,Marathon County,WI,chicago-il-pd,Chicago IL PD,Chicago,IL,owner_grants_access_to_agency,https://transparency.flocksafety.com/marathon-county-wi-so,EyesOnFlock transparency-portal snapshot,2026-09-21T12:12:02Z
marathon-county-wi-so,Marathon County WI SO,Marathon County,WI,north-chicago-il-pd,North Chicago IL PD,North Chicago,IL,owner_grants_access_to_agency,https://transparency.flocksafety.com/marathon-county-wi-so,EyesOnFlock transparency-portal snapshot,2026-09-21T12:12:02Z
marathon-county-wi-so,Marathon County WI SO,Marathon County,WI,university-of-illinois-chicago-il-pd,University of Illinois - Chicago IL PD,,IL,owner_grants_access_to_agency,https://transparency.flocksafety.com/marathon-county-wi-so,EyesOnFlock transparency-portal snapshot,2026-09-21T12:12:02Z
marathon-county-wi-so,Marathon County WI SO,Marathon County,WI,west-chicago-il-pd,West Chicago IL PD,West Chicago,IL,owner_grants_access_to_agency,https://transparency.flocksafety.com/marathon-county-wi-so,EyesOnFlock transparency-portal snapshot,2026-09-21T12:12:02Z
marion-county-oh-so,Marion County OH SO,Marion County,OH,chicago-il-pd,Chicago IL PD,Chicago,IL,owner_grants_access_to_agency,https://transparency.flocksafety.com/marion-county-oh-so,EyesOnFlock transparency-portal snapshot,2026-09-21T12:12:02Z
marion-county-oh-so,Marion County OH SO,Marion County,OH,university-of-illinois-chicago-il-pd,University of Illinois - Chicago IL PD,,IL,owner_grants_access_to_agency,https://transparency.flocksafety.com/marion-county-oh-so,EyesOnFlock transparency-portal snapshot,2026-09-21T12:12:02Z
marion-county-oh-so,Marion County OH SO,Marion County,OH,west-chicago-il-pd,West Chicago IL PD,West Chicago,IL,owner_grants_access_to_agency,https://transparency.flocksafety.com/marion-county-oh-so,EyesOnFlock transparency-portal snapshot,2026-09-21T12:12:02Z
marseilles-il-pd,Marseilles IL PD,Marseilles,IL,chicago-heights-il-pd,Chicago Heights IL PD,Chicago Heights,IL,owner_grants_access_to_agency,https://transparency.flocksafety.com/marseilles-il-pd,EyesOnFlock transparency-portal snapshot,2026-09-21T12:12:02Z
marseilles-il-pd,Marseilles IL PD,Marseilles,IL,chicago-il-pd,Chicago IL PD,Chicago,IL,owner_grants_access_to_agency,https://transparency.flocksafety.com/marseilles-il-pd,EyesOnFlock transparency-portal snapshot,2026-09-21T12:12:02Z
marseilles-il-pd,Marseilles IL PD,Marseilles,IL,north-chicago-il-pd,North Chicago IL PD,North Chicago,IL,owner_grants_access_to_agency,https://transparency.flocksafety.com/marseilles-il-pd,EyesOnFlock transparency-portal snapshot,2026-09-21T12:12:02Z
marseilles-il-pd,Marseilles IL PD,Marseilles,IL,university-of-illinois-chicago-il-pd,University of Illinois - Chicago IL PD,,IL,owner_grants_access_to_agency,https://transparency.flocksafety.com/marseilles-il-pd,EyesOnFlock transparency-portal snapshot,2026-09-21T12:12:02Z
marseilles-il-pd,Marseilles IL PD,Marseilles,IL,west-chicago-il-pd,West Chicago IL PD,West Chicago,IL,owner_grants_access_to_agency,https://transparency.flocksafety.com/marseilles-il-pd,EyesOnFlock transparency-portal snapshot,2026-09-21T12:12:02Z
marshall-il-pd,Marshall IL PD,Marshall,IL,chicago-il-pd,Chicago IL PD,Chicago,IL,owner_grants_access_to_agency,https://transparency.flocksafety.com/marshall-il-pd,EyesOnFlock transparency-portal snapshot,2026-09-21T12:12:02Z
marshall-il-pd,Marshall IL PD,Marshall,IL,west-chicago-il-pd,West Chicago IL PD,West Chicago,IL,owner_grants_access_to_agency,https://transparency.flocksafety.com/marshall-il-pd,EyesOnFlock transparency-portal snapshot,2026-09-21T12:12:02Z
maryville-tn-pd,Maryville TN PD,Maryville,TN,chicago-il-pd,Chicago IL PD,Chicago,IL,owner_grants_access_to_agency,https://transparency.flocksafety.com/maryville-tn-pd,EyesOnFlock transparency-portal snapshot,2026-09-21T12:12:02Z
maryville-tn-pd,Maryville TN PD,Maryville,TN,university-of-illinois-chicago-il-pd,University of Illinois - Chicago IL PD,,IL,owner_grants_access_to_agency,https://transparency.flocksafety.com/maryville-tn-pd,EyesOnFlock transparency-portal snapshot,2026-09-21T12:12:02Z
maryville-tn-pd,Maryville TN PD,Maryville,TN,west-chicago-il-pd,West Chicago IL PD,West Chicago,IL,owner_grants_access_to_agency,https://transparency.flocksafety.com/maryville-tn-pd,EyesOnFlock transparency-portal snapshot,2026-09-21T12:12:02Z
mchenry-il-pd,McHenry IL PD,McHenry,IL,chicago-heights-il-pd,Chicago Heights IL PD,Chicago Heights,IL,owner_grants_access_to_agency,https://transparency.flocksafety.com/mchenry-il-pd,EyesOnFlock transparency-portal snapshot,2026-09-21T12:12:02Z
mchenry-il-pd,McHenry IL PD,McHenry,IL,chicago-il-pd,Chicago IL PD,Chicago,IL,owner_grants_access_to_agency,https://transparency.flocksafety.com/mchenry-il-pd,EyesOnFlock transparency-portal snapshot,2026-09-21T12:12:02Z
mchenry-il-pd,McHenry IL PD,McHenry,IL,north-chicago-il-pd,North Chicago IL PD,North Chicago,IL,owner_grants_access_to_agency,https://transparency.flocksafety.com/mchenry-il-pd,EyesOnFlock transparency-portal snapshot,2026-09-21T12:12:02Z
mchenry-il-pd,McHenry IL PD,McHenry,IL,university-of-illinois-chicago-il-pd,University of Illinois - Chicago IL PD,,IL,owner_grants_access_to_agency,https://transparency.flocksafety.com/mchenry-il-pd,EyesOnFlock transparency-portal snapshot,2026-09-21T12:12:02Z
mchenry-il-pd,McHenry IL PD,McHenry,IL,west-chicago-il-pd,West Chicago IL PD,West Chicago,IL,owner_grants_access_to_agency,https://transparency.flocksafety.com/mchenry-il-pd,EyesOnFlock transparency-portal snapshot,2026-09-21T12:12:02Z
metamora-il-pd,Metamora IL PD,Metamora,IL,chicago-heights-il-pd,Chicago Heights IL PD,Chicago Heights,IL,owner_grants_access_to_agency,https://transparency.flocksafety.com/metamora-il-pd,EyesOnFlock transparency-portal snapshot,2026-09-21T12:12:02Z
metamora-il-pd,Metamora IL PD,Metamora,IL,chicago-il-pd,Chicago IL PD,Chicago,IL,owner_grants_access_to_agency,https://transparency.flocksafety.com/metamora-il-pd,EyesOnFlock transparency-portal snapshot,2026-09-21T12:12:02Z
metamora-il-pd,Metamora IL PD,Metamora,IL,university-of-illinois-chicago-il-pd,University of Illinois - Chicago IL PD,,IL,owner_grants_access_to_agency,https://transparency.flocksafety.com/metamora-il-pd,EyesOnFlock transparency-portal snapshot,2026-09-21T12:12:02Z
metamora-il-pd,Metamora IL PD,Metamora,IL,west-chicago-il-pd,West Chicago IL PD,West Chicago,IL,owner_grants_access_to_agency,https://transparency.flocksafety.com/metamora-il-pd,EyesOnFlock transparency-portal snapshot,2026-09-21T12:12:02Z
metropolis-il-pd,Metropolis IL PD,Metropolis,IL,chicago-heights-il-pd,Chicago Heights IL PD,Chicago Heights,IL,owner_grants_access_to_agency,https://transparency.flocksafety.com/metropolis-il-pd,EyesOnFlock transparency-portal snapshot,2026-09-21T12:12:02Z
metropolis-il-pd,Metropolis IL PD,Metropolis,IL,chicago-il-pd,Chicago IL PD,Chicago,IL,owner_grants_access_to_agency,https://transparency.flocksafety.com/metropolis-il-pd,EyesOnFlock transparency-portal snapshot,2026-09-21T12:12:02Z
metropolis-il-pd,Metropolis IL PD,Metropolis,IL,university-of-illinois-chicago-il-pd,University of Illinois - Chicago IL PD,,IL,owner_grants_access_to_agency,https://transparency.flocksafety.com/metropolis-il-pd,EyesOnFlock transparency-portal snapshot,2026-09-21T12:12:02Z
metropolis-il-pd,Metropolis IL PD,Metropolis,IL,west-chicago-il-pd,West Chicago IL PD,West Chicago,IL,owner_grants_access_to_agency,https://transparency.flocksafety.com/metropolis-il-pd,EyesOnFlock transparency-portal snapshot,2026-09-21T12:12:02Z
michigan-city-in-pd,Michigan City IN PD,Michigan City,IN,chicago-heights-il-pd,Chicago Heights IL PD,Chicago Heights,IL,owner_grants_access_to_agency,https://transparency.flocksafety.com/michigan-city-in-pd,EyesOnFlock transparency-portal snapshot,2026-09-21T12:12:02Z
michigan-city-in-pd,Michigan City IN PD,Michigan City,IN,chicago-il-pd,Chicago IL PD,Chicago,IL,owner_grants_access_to_agency,https://transparency.flocksafety.com/michigan-city-in-pd,EyesOnFlock transparency-portal snapshot,2026-09-21T12:12:02Z
michigan-city-in-pd,Michigan City IN PD,Michigan City,IN,north-chicago-il-pd,North Chicago IL PD,North Chicago,IL,owner_grants_access_to_agency,https://transparency.flocksafety.com/michigan-city-in-pd,EyesOnFlock transparency-portal snapshot,2026-09-21T12:12:02Z
michigan-city-in-pd,Michigan City IN PD,Michigan City,IN,south-chicago-heights-il-pd,South Chicago Heights IL PD,South Chicago Heights,IL,owner_grants_access_to_agency,https://transparency.flocksafety.com/michigan-city-in-pd,EyesOnFlock transparency-portal snapshot,2026-09-21T12:12:02Z
michigan-city-in-pd,Michigan City IN PD,Michigan City,IN,university-of-illinois-chicago-il-pd,University of Illinois - Chicago IL PD,,IL,owner_grants_access_to_agency,https://transparency.flocksafety.com/michigan-city-in-pd,EyesOnFlock transparency-portal snapshot,2026-09-21T12:12:02Z
michigan-city-in-pd,Michigan City IN PD,Michigan City,IN,west-chicago-il-pd,West Chicago IL PD,West Chicago,IL,owner_grants_access_to_agency,https://transparency.flocksafety.com/michigan-city-in-pd,EyesOnFlock transparency-portal snapshot,2026-09-21T12:12:02Z
minster-oh-pd,Minster OH PD,Minster,OH,chicago-il-pd,Chicago IL PD,Chicago,IL,owner_grants_access_to_agency,https://transparency.flocksafety.com/minster-oh-pd,EyesOnFlock transparency-portal snapshot,2026-09-21T12:12:02Z
mitchell-county-nc-so,Mitchell County NC SO,Mitchell County,NC,chicago-il-pd,Chicago IL PD,Chicago,IL,owner_grants_access_to_agency,https://transparency.flocksafety.com/mitchell-county-nc-so,EyesOnFlock transparency-portal snapshot,2026-09-21T12:12:02Z
monett-mo-pd,Monett MO PD,Monett,MO,chicago-il-pd,Chicago IL PD,Chicago,IL,owner_grants_access_to_agency,https://transparency.flocksafety.com/monett-mo-pd,EyesOnFlock transparency-portal snapshot,2026-09-21T12:12:02Z
monona-wi-pd,Monona WI PD,Monona,WI,chicago-il-pd,Chicago IL PD,Chicago,IL,owner_grants_access_to_agency,https://transparency.flocksafety.com/monona-wi-pd,EyesOnFlock transparency-portal snapshot,2026-09-21T12:12:02Z
monona-wi-pd,Monona WI PD,Monona,WI,north-chicago-il-pd,North Chicago IL PD,North Chicago,IL,owner_grants_access_to_agency,https://transparency.flocksafety.com/monona-wi-pd,EyesOnFlock transparency-portal snapshot,2026-09-21T12:12:02Z
monona-wi-pd,Monona WI PD,Monona,WI,university-of-illinois-chicago-il-pd,University of Illinois - Chicago IL PD,,IL,owner_grants_access_to_agency,https://transparency.flocksafety.com/monona-wi-pd,EyesOnFlock transparency-portal snapshot,2026-09-21T12:12:02Z
monona-wi-pd,Monona WI PD,Monona,WI,west-chicago-il-pd,West Chicago IL PD,West Chicago,IL,owner_grants_access_to_agency,https://transparency.flocksafety.com/monona-wi-pd,EyesOnFlock transparency-portal snapshot,2026-09-21T12:12:02Z
morehead-ky-pd,Morehead KY PD,Morehead,KY,chicago-il-pd,Chicago IL PD,Chicago,IL,owner_grants_access_to_agency,https://transparency.flocksafety.com/morehead-ky-pd,EyesOnFlock transparency-portal snapshot,2026-09-21T12:12:02Z
morehead-ky-pd,Morehead KY PD,Morehead,KY,north-chicago-il-pd,North Chicago IL PD,North Chicago,IL,owner_grants_access_to_agency,https://transparency.flocksafety.com/morehead-ky-pd,EyesOnFlock transparency-portal snapshot,2026-09-21T12:12:02Z
morehead-ky-pd,Morehead KY PD,Morehead,KY,university-of-illinois-chicago-il-pd,University of Illinois - Chicago IL PD,,IL,owner_grants_access_to_agency,https://transparency.flocksafety.com/morehead-ky-pd,EyesOnFlock transparency-portal snapshot,2026-09-21T12:12:02Z
morehead-ky-pd,Morehead KY PD,Morehead,KY,west-chicago-il-pd,West Chicago IL PD,West Chicago,IL,owner_grants_access_to_agency,https://transparency.flocksafety.com/morehead-ky-pd,EyesOnFlock transparency-portal snapshot,2026-09-21T12:12:02Z
morton-il-pd,Morton IL PD,Morton,IL,chicago-heights-il-pd,Chicago Heights IL PD,Chicago Heights,IL,owner_grants_access_to_agency,https://transparency.flocksafety.com/morton-il-pd,EyesOnFlock transparency-portal snapshot,2026-09-21T12:12:02Z
morton-il-pd,Morton IL PD,Morton,IL,chicago-il-pd,Chicago IL PD,Chicago,IL,owner_grants_access_to_agency,https://transparency.flocksafety.com/morton-il-pd,EyesOnFlock transparency-portal snapshot,2026-09-21T12:12:02Z
morton-il-pd,Morton IL PD,Morton,IL,north-chicago-il-pd,North Chicago IL PD,North Chicago,IL,owner_grants_access_to_agency,https://transparency.flocksafety.com/morton-il-pd,EyesOnFlock transparency-portal snapshot,2026-09-21T12:12:02Z
morton-il-pd,Morton IL PD,Morton,IL,university-of-illinois-chicago-il-pd,University of Illinois - Chicago IL PD,,IL,owner_grants_access_to_agency,https://transparency.flocksafety.com/morton-il-pd,EyesOnFlock transparency-portal snapshot,2026-09-21T12:12:02Z
morton-il-pd,Morton IL PD,Morton,IL,west-chicago-il-pd,West Chicago IL PD,West Chicago,IL,owner_grants_access_to_agency,https://transparency.flocksafety.com/morton-il-pd,EyesOnFlock transparency-portal snapshot,2026-09-21T12:12:02Z
naperville-il-pd,Naperville IL PD,Naperville,IL,chicago-heights-il-pd,Chicago Heights IL PD,Chicago Heights,IL,owner_grants_access_to_agency,https://transparency.flocksafety.com/naperville-il-pd,EyesOnFlock transparency-portal snapshot,2026-09-21T12:12:02Z
naperville-il-pd,Naperville IL PD,Naperville,IL,chicago-il-pd,Chicago IL PD,Chicago,IL,owner_grants_access_to_agency,https://transparency.flocksafety.com/naperville-il-pd,EyesOnFlock transparency-portal snapshot,2026-09-21T12:12:02Z
naperville-il-pd,Naperville IL PD,Naperville,IL,north-chicago-il-pd,North Chicago IL PD,North Chicago,IL,owner_grants_access_to_agency,https://transparency.flocksafety.com/naperville-il-pd,EyesOnFlock transparency-portal snapshot,2026-09-21T12:12:02Z
naperville-il-pd,Naperville IL PD,Naperville,IL,south-chicago-heights-il-pd,South Chicago Heights IL PD,South Chicago Heights,IL,owner_grants_access_to_agency,https://transparency.flocksafety.com/naperville-il-pd,EyesOnFlock transparency-portal snapshot,2026-09-21T12:12:02Z
naperville-il-pd,Naperville IL PD,Naperville,IL,university-of-illinois-chicago-il-pd,University of Illinois - Chicago IL PD,,IL,owner_grants_access_to_agency,https://transparency.flocksafety.com/naperville-il-pd,EyesOnFlock transparency-portal snapshot,2026-09-21T12:12:02Z
naperville-il-pd,Naperville IL PD,Naperville,IL,west-chicago-il-pd,West Chicago IL PD,West Chicago,IL,owner_grants_access_to_agency,https://transparency.flocksafety.com/naperville-il-pd,EyesOnFlock transparency-portal snapshot,2026-09-21T12:12:02Z
new-berlin-wi-pd,New Berlin WI PD,New Berlin,WI,north-chicago-il-pd,North Chicago IL PD,North Chicago,IL,owner_grants_access_to_agency,https://transparency.flocksafety.com/new-berlin-wi-pd,EyesOnFlock transparency-portal snapshot,2026-09-21T12:12:02Z
new-berlin-wi-pd,New Berlin WI PD,New Berlin,WI,university-of-illinois-chicago-il-pd,University of Illinois - Chicago IL PD,,IL,owner_grants_access_to_agency,https://transparency.flocksafety.com/new-berlin-wi-pd,EyesOnFlock transparency-portal snapshot,2026-09-21T12:12:02Z
new-lenox-il-pd,New Lenox IL PD,New Lenox,IL,chicago-heights-il-pd,Chicago Heights IL PD,Chicago Heights,IL,owner_grants_access_to_agency,https://transparency.flocksafety.com/new-lenox-il-pd,EyesOnFlock transparency-portal snapshot,2026-09-21T12:12:02Z
new-lenox-il-pd,New Lenox IL PD,New Lenox,IL,chicago-il-pd,Chicago IL PD,Chicago,IL,owner_grants_access_to_agency,https://transparency.flocksafety.com/new-lenox-il-pd,EyesOnFlock transparency-portal snapshot,2026-09-21T12:12:02Z
new-lenox-il-pd,New Lenox IL PD,New Lenox,IL,north-chicago-il-pd,North Chicago IL PD,North Chicago,IL,owner_grants_access_to_agency,https://transparency.flocksafety.com/new-lenox-il-pd,EyesOnFlock transparency-portal snapshot,2026-09-21T12:12:02Z
new-lenox-il-pd,New Lenox IL PD,New Lenox,IL,south-chicago-heights-il-pd,South Chicago Heights IL PD,South Chicago Heights,IL,owner_grants_access_to_agency,https://transparency.flocksafety.com/new-lenox-il-pd,EyesOnFlock transparency-portal snapshot,2026-09-21T12:12:02Z
new-lenox-il-pd,New Lenox IL PD,New Lenox,IL,university-of-illinois-chicago-il-pd,University of Illinois - Chicago IL PD,,IL,owner_grants_access_to_agency,https://transparency.flocksafety.com/new-lenox-il-pd,EyesOnFlock transparency-portal snapshot,2026-09-21T12:12:02Z
new-lenox-il-pd,New Lenox IL PD,New Lenox,IL,west-chicago-il-pd,West Chicago IL PD,West Chicago,IL,owner_grants_access_to_agency,https://transparency.flocksafety.com/new-lenox-il-pd,EyesOnFlock transparency-portal snapshot,2026-09-21T12:12:02Z
newark-oh-pd,Newark OH PD,Newark,OH,chicago-il-pd,Chicago IL PD,Chicago,IL,owner_grants_access_to_agency,https://transparency.flocksafety.com/newark-oh-pd,EyesOnFlock transparency-portal snapshot,2026-09-21T12:12:02Z
newark-oh-pd,Newark OH PD,Newark,OH,north-chicago-il-pd,North Chicago IL PD,North Chicago,IL,owner_grants_access_to_agency,https://transparency.flocksafety.com/newark-oh-pd,EyesOnFlock transparency-portal snapshot,2026-09-21T12:12:02Z
newark-oh-pd,Newark OH PD,Newark,OH,university-of-illinois-chicago-il-pd,University of Illinois - Chicago IL PD,,IL,owner_grants_access_to_agency,https://transparency.flocksafety.com/newark-oh-pd,EyesOnFlock transparency-portal snapshot,2026-09-21T12:12:02Z
newark-oh-pd,Newark OH PD,Newark,OH,west-chicago-il-pd,West Chicago IL PD,West Chicago,IL,owner_grants_access_to_agency,https://transparency.flocksafety.com/newark-oh-pd,EyesOnFlock transparency-portal snapshot,2026-09-21T12:12:02Z
niles-il-pd,Niles IL PD,Niles,IL,chicago-heights-il-pd,Chicago Heights IL PD,Chicago Heights,IL,owner_grants_access_to_agency,https://transparency.flocksafety.com/niles-il-pd,EyesOnFlock transparency-portal snapshot,2026-09-21T12:12:02Z
niles-il-pd,Niles IL PD,Niles,IL,chicago-il-pd,Chicago IL PD,Chicago,IL,owner_grants_access_to_agency,https://transparency.flocksafety.com/niles-il-pd,EyesOnFlock transparency-portal snapshot,2026-09-21T12:12:02Z
niles-il-pd,Niles IL PD,Niles,IL,north-chicago-il-pd,North Chicago IL PD,North Chicago,IL,owner_grants_access_to_agency,https://transparency.flocksafety.com/niles-il-pd,EyesOnFlock transparency-portal snapshot,2026-09-21T12:12:02Z
niles-il-pd,Niles IL PD,Niles,IL,south-chicago-heights-il-pd,South Chicago Heights IL PD,South Chicago Heights,IL,owner_grants_access_to_agency,https://transparency.flocksafety.com/niles-il-pd,EyesOnFlock transparency-portal snapshot,2026-09-21T12:12:02Z
niles-il-pd,Niles IL PD,Niles,IL,university-of-illinois-chicago-il-pd,University of Illinois - Chicago IL PD,,IL,owner_grants_access_to_agency,https://transparency.flocksafety.com/niles-il-pd,EyesOnFlock transparency-portal snapshot,2026-09-21T12:12:02Z
niles-il-pd,Niles IL PD,Niles,IL,west-chicago-il-pd,West Chicago IL PD,West Chicago,IL,owner_grants_access_to_agency,https://transparency.flocksafety.com/niles-il-pd,EyesOnFlock transparency-portal snapshot,2026-09-21T12:12:02Z
niles-oh-pd,Niles OH PD,Niles,OH,chicago-il-pd,Chicago IL PD,Chicago,IL,owner_grants_access_to_agency,https://transparency.flocksafety.com/niles-oh-pd,EyesOnFlock transparency-portal snapshot,2026-09-21T12:12:02Z
niles-oh-pd,Niles OH PD,Niles,OH,north-chicago-il-pd,North Chicago IL PD,North Chicago,IL,owner_grants_access_to_agency,https://transparency.flocksafety.com/niles-oh-pd,EyesOnFlock transparency-portal snapshot,2026-09-21T12:12:02Z
niles-oh-pd,Niles OH PD,Niles,OH,university-of-illinois-chicago-il-pd,University of Illinois - Chicago IL PD,,IL,owner_grants_access_to_agency,https://transparency.flocksafety.com/niles-oh-pd,EyesOnFlock transparency-portal snapshot,2026-09-21T12:12:02Z
niles-oh-pd,Niles OH PD,Niles,OH,west-chicago-il-pd,West Chicago IL PD,West Chicago,IL,owner_grants_access_to_agency,https://transparency.flocksafety.com/niles-oh-pd,EyesOnFlock transparency-portal snapshot,2026-09-21T12:12:02Z
nixa-mo-pd,Nixa MO PD,Nixa,MO,chicago-il-pd,Chicago IL PD,Chicago,IL,owner_grants_access_to_agency,https://transparency.flocksafety.com/nixa-mo-pd,EyesOnFlock transparency-portal snapshot,2026-09-21T12:12:02Z
nixa-mo-pd,Nixa MO PD,Nixa,MO,north-chicago-il-pd,North Chicago IL PD,North Chicago,IL,owner_grants_access_to_agency,https://transparency.flocksafety.com/nixa-mo-pd,EyesOnFlock transparency-portal snapshot,2026-09-21T12:12:02Z
nixa-mo-pd,Nixa MO PD,Nixa,MO,university-of-illinois-chicago-il-pd,University of Illinois - Chicago IL PD,,IL,owner_grants_access_to_agency,https://transparency.flocksafety.com/nixa-mo-pd,EyesOnFlock transparency-portal snapshot,2026-09-21T12:12:02Z
nixa-mo-pd,Nixa MO PD,Nixa,MO,west-chicago-il-pd,West Chicago IL PD,West Chicago,IL,owner_grants_access_to_agency,https://transparency.flocksafety.com/nixa-mo-pd,EyesOnFlock transparency-portal snapshot,2026-09-21T12:12:02Z
oak-lawn-il-pd,Oak Lawn IL PD,Oak Lawn,IL,chicago-heights-il-pd,Chicago Heights IL PD,Chicago Heights,IL,owner_grants_access_to_agency,https://transparency.flocksafety.com/oak-lawn-il-pd,EyesOnFlock transparency-portal snapshot,2026-09-21T12:12:02Z
oak-lawn-il-pd,Oak Lawn IL PD,Oak Lawn,IL,chicago-il-pd,Chicago IL PD,Chicago,IL,owner_grants_access_to_agency,https://transparency.flocksafety.com/oak-lawn-il-pd,EyesOnFlock transparency-portal snapshot,2026-09-21T12:12:02Z
oak-lawn-il-pd,Oak Lawn IL PD,Oak Lawn,IL,north-chicago-il-pd,North Chicago IL PD,North Chicago,IL,owner_grants_access_to_agency,https://transparency.flocksafety.com/oak-lawn-il-pd,EyesOnFlock transparency-portal snapshot,2026-09-21T12:12:02Z
oak-lawn-il-pd,Oak Lawn IL PD,Oak Lawn,IL,south-chicago-heights-il-pd,South Chicago Heights IL PD,South Chicago Heights,IL,owner_grants_access_to_agency,https://transparency.flocksafety.com/oak-lawn-il-pd,EyesOnFlock transparency-portal snapshot,2026-09-21T12:12:02Z
oak-lawn-il-pd,Oak Lawn IL PD,Oak Lawn,IL,university-of-illinois-chicago-il-pd,University of Illinois - Chicago IL PD,,IL,owner_grants_access_to_agency,https://transparency.flocksafety.com/oak-lawn-il-pd,EyesOnFlock transparency-portal snapshot,2026-09-21T12:12:02Z
oak-lawn-il-pd,Oak Lawn IL PD,Oak Lawn,IL,west-chicago-il-pd,West Chicago IL PD,West Chicago,IL,owner_grants_access_to_agency,https://transparency.flocksafety.com/oak-lawn-il-pd,EyesOnFlock transparency-portal snapshot,2026-09-21T12:12:02Z
orange-county-fl-so,Orange County FL SO,Orange County,FL,chicago-heights-il-pd,Chicago Heights IL PD,Chicago Heights,IL,owner_grants_access_to_agency,https://transparency.flocksafety.com/orange-county-fl-so,EyesOnFlock transparency-portal snapshot,2026-09-21T12:12:02Z
orange-county-fl-so,Orange County FL SO,Orange County,FL,chicago-il-pd,Chicago IL PD,Chicago,IL,owner_grants_access_to_agency,https://transparency.flocksafety.com/orange-county-fl-so,EyesOnFlock transparency-portal snapshot,2026-09-21T12:12:02Z
orange-county-fl-so,Orange County FL SO,Orange County,FL,north-chicago-il-pd,North Chicago IL PD,North Chicago,IL,owner_grants_access_to_agency,https://transparency.flocksafety.com/orange-county-fl-so,EyesOnFlock transparency-portal snapshot,2026-09-21T12:12:02Z
orange-county-fl-so,Orange County FL SO,Orange County,FL,south-chicago-heights-il-pd,South Chicago Heights IL PD,South Chicago Heights,IL,owner_grants_access_to_agency,https://transparency.flocksafety.com/orange-county-fl-so,EyesOnFlock transparency-portal snapshot,2026-09-21T12:12:02Z
oregon-oh-pd,Oregon OH PD,Oregon,OH,chicago-il-pd,Chicago IL PD,Chicago,IL,owner_grants_access_to_agency,https://transparency.flocksafety.com/oregon-oh-pd,EyesOnFlock transparency-portal snapshot,2026-09-21T12:12:02Z
ottawa-county-oh-so,Ottawa County OH SO,Ottawa County,OH,chicago-il-pd,Chicago IL PD,Chicago,IL,owner_grants_access_to_agency,https://transparency.flocksafety.com/ottawa-county-oh-so,EyesOnFlock transparency-portal snapshot,2026-09-21T12:12:02Z
ottawa-county-oh-so,Ottawa County OH SO,Ottawa County,OH,north-chicago-il-pd,North Chicago IL PD,North Chicago,IL,owner_grants_access_to_agency,https://transparency.flocksafety.com/ottawa-county-oh-so,EyesOnFlock transparency-portal snapshot,2026-09-21T12:12:02Z
ottawa-county-oh-so,Ottawa County OH SO,Ottawa County,OH,university-of-illinois-chicago-il-pd,University of Illinois - Chicago IL PD,,IL,owner_grants_access_to_agency,https://transparency.flocksafety.com/ottawa-county-oh-so,EyesOnFlock transparency-portal snapshot,2026-09-21T12:12:02Z
ottawa-county-oh-so,Ottawa County OH SO,Ottawa County,OH,west-chicago-il-pd,West Chicago IL PD,West Chicago,IL,owner_grants_access_to_agency,https://transparency.flocksafety.com/ottawa-county-oh-so,EyesOnFlock transparency-portal snapshot,2026-09-21T12:12:02Z
ottawa-il-pd,Ottawa IL PD,Ottawa,IL,chicago-heights-il-pd,Chicago Heights IL PD,Chicago Heights,IL,owner_grants_access_to_agency,https://transparency.flocksafety.com/ottawa-il-pd,EyesOnFlock transparency-portal snapshot,2026-09-21T12:12:02Z
ottawa-il-pd,Ottawa IL PD,Ottawa,IL,chicago-il-pd,Chicago IL PD,Chicago,IL,owner_grants_access_to_agency,https://transparency.flocksafety.com/ottawa-il-pd,EyesOnFlock transparency-portal snapshot,2026-09-21T12:12:02Z
ottawa-il-pd,Ottawa IL PD,Ottawa,IL,north-chicago-il-pd,North Chicago IL PD,North Chicago,IL,owner_grants_access_to_agency,https://transparency.flocksafety.com/ottawa-il-pd,EyesOnFlock transparency-portal snapshot,2026-09-21T12:12:02Z
ottawa-il-pd,Ottawa IL PD,Ottawa,IL,south-chicago-heights-il-pd,South Chicago Heights IL PD,South Chicago Heights,IL,owner_grants_access_to_agency,https://transparency.flocksafety.com/ottawa-il-pd,EyesOnFlock transparency-portal snapshot,2026-09-21T12:12:02Z
ottawa-il-pd,Ottawa IL PD,Ottawa,IL,university-of-illinois-chicago-il-pd,University of Illinois - Chicago IL PD,,IL,owner_grants_access_to_agency,https://transparency.flocksafety.com/ottawa-il-pd,EyesOnFlock transparency-portal snapshot,2026-09-21T12:12:02Z
ottawa-il-pd,Ottawa IL PD,Ottawa,IL,west-chicago-il-pd,West Chicago IL PD,West Chicago,IL,owner_grants_access_to_agency,https://transparency.flocksafety.com/ottawa-il-pd,EyesOnFlock transparency-portal snapshot,2026-09-21T12:12:02Z
palmyra-mo-pd,Palmyra MO PD,Palmyra,MO,chicago-il-pd,Chicago IL PD,Chicago,IL,owner_grants_access_to_agency,https://transparency.flocksafety.com/palmyra-mo-pd,EyesOnFlock transparency-portal snapshot,2026-09-21T12:12:02Z
park-ridge-il-pd,Park Ridge IL PD,Park Ridge,IL,chicago-heights-il-pd,Chicago Heights IL PD,Chicago Heights,IL,owner_grants_access_to_agency,https://transparency.flocksafety.com/park-ridge-il-pd,EyesOnFlock transparency-portal snapshot,2026-09-21T12:12:02Z
park-ridge-il-pd,Park Ridge IL PD,Park Ridge,IL,chicago-il-pd,Chicago IL PD,Chicago,IL,owner_grants_access_to_agency,https://transparency.flocksafety.com/park-ridge-il-pd,EyesOnFlock transparency-portal snapshot,2026-09-21T12:12:02Z
park-ridge-il-pd,Park Ridge IL PD,Park Ridge,IL,north-chicago-il-pd,North Chicago IL PD,North Chicago,IL,owner_grants_access_to_agency,https://transparency.flocksafety.com/park-ridge-il-pd,EyesOnFlock transparency-portal snapshot,2026-09-21T12:12:02Z
park-ridge-il-pd,Park Ridge IL PD,Park Ridge,IL,university-of-illinois-chicago-il-pd,University of Illinois - Chicago IL PD,,IL,owner_grants_access_to_agency,https://transparency.flocksafety.com/park-ridge-il-pd,EyesOnFlock transparency-portal snapshot,2026-09-21T12:12:02Z
park-ridge-il-pd,Park Ridge IL PD,Park Ridge,IL,west-chicago-il-pd,West Chicago IL PD,West Chicago,IL,owner_grants_access_to_agency,https://transparency.flocksafety.com/park-ridge-il-pd,EyesOnFlock transparency-portal snapshot,2026-09-21T12:12:02Z
parma-oh-pd,Parma OH PD,Parma,OH,chicago-il-pd,Chicago IL PD,Chicago,IL,owner_grants_access_to_agency,https://transparency.flocksafety.com/parma-oh-pd,EyesOnFlock transparency-portal snapshot,2026-09-21T12:12:02Z
parma-oh-pd,Parma OH PD,Parma,OH,north-chicago-il-pd,North Chicago IL PD,North Chicago,IL,owner_grants_access_to_agency,https://transparency.flocksafety.com/parma-oh-pd,EyesOnFlock transparency-portal snapshot,2026-09-21T12:12:02Z
parma-oh-pd,Parma OH PD,Parma,OH,university-of-illinois-chicago-il-pd,University of Illinois - Chicago IL PD,,IL,owner_grants_access_to_agency,https://transparency.flocksafety.com/parma-oh-pd,EyesOnFlock transparency-portal snapshot,2026-09-21T12:12:02Z
parma-oh-pd,Parma OH PD,Parma,OH,west-chicago-il-pd,West Chicago IL PD,West Chicago,IL,owner_grants_access_to_agency,https://transparency.flocksafety.com/parma-oh-pd,EyesOnFlock transparency-portal snapshot,2026-09-21T12:12:02Z
parsons-ks-pd,Parsons KS PD,Parsons,KS,west-chicago-il-pd,West Chicago IL PD,West Chicago,IL,owner_grants_access_to_agency,https://transparency.flocksafety.com/parsons-ks-pd,EyesOnFlock transparency-portal snapshot,2026-09-21T12:12:02Z
pekin-il-pd,Pekin IL PD,Pekin,IL,chicago-heights-il-pd,Chicago Heights IL PD,Chicago Heights,IL,owner_grants_access_to_agency,https://transparency.flocksafety.com/pekin-il-pd,EyesOnFlock transparency-portal snapshot,2026-09-21T12:12:02Z
pekin-il-pd,Pekin IL PD,Pekin,IL,chicago-il-pd,Chicago IL PD,Chicago,IL,owner_grants_access_to_agency,https://transparency.flocksafety.com/pekin-il-pd,EyesOnFlock transparency-portal snapshot,2026-09-21T12:12:02Z
pekin-il-pd,Pekin IL PD,Pekin,IL,north-chicago-il-pd,North Chicago IL PD,North Chicago,IL,owner_grants_access_to_agency,https://transparency.flocksafety.com/pekin-il-pd,EyesOnFlock transparency-portal snapshot,2026-09-21T12:12:02Z
pekin-il-pd,Pekin IL PD,Pekin,IL,university-of-illinois-chicago-il-pd,University of Illinois - Chicago IL PD,,IL,owner_grants_access_to_agency,https://transparency.flocksafety.com/pekin-il-pd,EyesOnFlock transparency-portal snapshot,2026-09-21T12:12:02Z
pekin-il-pd,Pekin IL PD,Pekin,IL,west-chicago-il-pd,West Chicago IL PD,West Chicago,IL,owner_grants_access_to_agency,https://transparency.flocksafety.com/pekin-il-pd,EyesOnFlock transparency-portal snapshot,2026-09-21T12:12:02Z
pierce-township-oh-pd,Pierce Township OH PD,Pierce Township,OH,chicago-il-pd,Chicago IL PD,Chicago,IL,owner_grants_access_to_agency,https://transparency.flocksafety.com/pierce-township-oh-pd,EyesOnFlock transparency-portal snapshot,2026-09-21T12:12:02Z
piperton-tn-pd,Piperton TN PD,Piperton,TN,chicago-il-pd,Chicago IL PD,Chicago,IL,owner_grants_access_to_agency,https://transparency.flocksafety.com/piperton-tn-pd,EyesOnFlock transparency-portal snapshot,2026-09-21T12:12:02Z
piperton-tn-pd,Piperton TN PD,Piperton,TN,west-chicago-il-pd,West Chicago IL PD,West Chicago,IL,owner_grants_access_to_agency,https://transparency.flocksafety.com/piperton-tn-pd,EyesOnFlock transparency-portal snapshot,2026-09-21T12:12:02Z
pittsboro-in-pd,Pittsboro IN PD,Pittsboro,IN,chicago-heights-il-pd,Chicago Heights IL PD,Chicago Heights,IL,owner_grants_access_to_agency,https://transparency.flocksafety.com/pittsboro-in-pd,EyesOnFlock transparency-portal snapshot,2026-09-21T12:12:02Z
pittsboro-in-pd,Pittsboro IN PD,Pittsboro,IN,chicago-il-pd,Chicago IL PD,Chicago,IL,owner_grants_access_to_agency,https://transparency.flocksafety.com/pittsboro-in-pd,EyesOnFlock transparency-portal snapshot,2026-09-21T12:12:02Z
pittsboro-in-pd,Pittsboro IN PD,Pittsboro,IN,north-chicago-il-pd,North Chicago IL PD,North Chicago,IL,owner_grants_access_to_agency,https://transparency.flocksafety.com/pittsboro-in-pd,EyesOnFlock transparency-portal snapshot,2026-09-21T12:12:02Z
pittsboro-in-pd,Pittsboro IN PD,Pittsboro,IN,south-chicago-heights-il-pd,South Chicago Heights IL PD,South Chicago Heights,IL,owner_grants_access_to_agency,https://transparency.flocksafety.com/pittsboro-in-pd,EyesOnFlock transparency-portal snapshot,2026-09-21T12:12:02Z
pittsboro-in-pd,Pittsboro IN PD,Pittsboro,IN,university-of-illinois-chicago-il-pd,University of Illinois - Chicago IL PD,,IL,owner_grants_access_to_agency,https://transparency.flocksafety.com/pittsboro-in-pd,EyesOnFlock transparency-portal snapshot,2026-09-21T12:12:02Z
pittsboro-in-pd,Pittsboro IN PD,Pittsboro,IN,west-chicago-il-pd,West Chicago IL PD,West Chicago,IL,owner_grants_access_to_agency,https://transparency.flocksafety.com/pittsboro-in-pd,EyesOnFlock transparency-portal snapshot,2026-09-21T12:12:02Z
plainfield-in-pd,Plainfield IN PD,Plainfield,IN,chicago-heights-il-pd,Chicago Heights IL PD,Chicago Heights,IL,owner_grants_access_to_agency,https://transparency.flocksafety.com/plainfield-in-pd,EyesOnFlock transparency-portal snapshot,2026-09-21T12:12:02Z
plainfield-in-pd,Plainfield IN PD,Plainfield,IN,chicago-il-pd,Chicago IL PD,Chicago,IL,owner_grants_access_to_agency,https://transparency.flocksafety.com/plainfield-in-pd,EyesOnFlock transparency-portal snapshot,2026-09-21T12:12:02Z
plainfield-in-pd,Plainfield IN PD,Plainfield,IN,north-chicago-il-pd,North Chicago IL PD,North Chicago,IL,owner_grants_access_to_agency,https://transparency.flocksafety.com/plainfield-in-pd,EyesOnFlock transparency-portal snapshot,2026-09-21T12:12:02Z
plainfield-in-pd,Plainfield IN PD,Plainfield,IN,university-of-illinois-chicago-il-pd,University of Illinois - Chicago IL PD,,IL,owner_grants_access_to_agency,https://transparency.flocksafety.com/plainfield-in-pd,EyesOnFlock transparency-portal snapshot,2026-09-21T12:12:02Z
plainfield-in-pd,Plainfield IN PD,Plainfield,IN,west-chicago-il-pd,West Chicago IL PD,West Chicago,IL,owner_grants_access_to_agency,https://transparency.flocksafety.com/plainfield-in-pd,EyesOnFlock transparency-portal snapshot,2026-09-21T12:12:02Z
pontiac-il-pd,Pontiac IL PD,Pontiac,IL,chicago-heights-il-pd,Chicago Heights IL PD,Chicago Heights,IL,owner_grants_access_to_agency,https://transparency.flocksafety.com/pontiac-il-pd,EyesOnFlock transparency-portal snapshot,2026-09-21T12:12:02Z
pontiac-il-pd,Pontiac IL PD,Pontiac,IL,chicago-il-pd,Chicago IL PD,Chicago,IL,owner_grants_access_to_agency,https://transparency.flocksafety.com/pontiac-il-pd,EyesOnFlock transparency-portal snapshot,2026-09-21T12:12:02Z
pontiac-il-pd,Pontiac IL PD,Pontiac,IL,north-chicago-il-pd,North Chicago IL PD,North Chicago,IL,owner_grants_access_to_agency,https://transparency.flocksafety.com/pontiac-il-pd,EyesOnFlock transparency-portal snapshot,2026-09-21T12:12:02Z
pontiac-il-pd,Pontiac IL PD,Pontiac,IL,university-of-illinois-chicago-il-pd,University of Illinois - Chicago IL PD,,IL,owner_grants_access_to_agency,https://transparency.flocksafety.com/pontiac-il-pd,EyesOnFlock transparency-portal snapshot,2026-09-21T12:12:02Z
pontiac-il-pd,Pontiac IL PD,Pontiac,IL,west-chicago-il-pd,West Chicago IL PD,West Chicago,IL,owner_grants_access_to_agency,https://transparency.flocksafety.com/pontiac-il-pd,EyesOnFlock transparency-portal snapshot,2026-09-21T12:12:02Z
port-clinton-oh-pd,Port Clinton OH PD,Port Clinton,OH,chicago-il-pd,Chicago IL PD,Chicago,IL,owner_grants_access_to_agency,https://transparency.flocksafety.com/port-clinton-oh-pd,EyesOnFlock transparency-portal snapshot,2026-09-21T12:12:02Z
port-clinton-oh-pd,Port Clinton OH PD,Port Clinton,OH,university-of-illinois-chicago-il-pd,University of Illinois - Chicago IL PD,,IL,owner_grants_access_to_agency,https://transparency.flocksafety.com/port-clinton-oh-pd,EyesOnFlock transparency-portal snapshot,2026-09-21T12:12:02Z
port-clinton-oh-pd,Port Clinton OH PD,Port Clinton,OH,west-chicago-il-pd,West Chicago IL PD,West Chicago,IL,owner_grants_access_to_agency,https://transparency.flocksafety.com/port-clinton-oh-pd,EyesOnFlock transparency-portal snapshot,2026-09-21T12:12:02Z
portage-mi-pd,Portage MI PD,Portage,MI,chicago-heights-il-pd,Chicago Heights IL PD,Chicago Heights,IL,owner_grants_access_to_agency,https://transparency.flocksafety.com/portage-mi-pd,EyesOnFlock transparency-portal snapshot,2026-09-21T12:12:02Z
portage-mi-pd,Portage MI PD,Portage,MI,chicago-il-pd,Chicago IL PD,Chicago,IL,owner_grants_access_to_agency,https://transparency.flocksafety.com/portage-mi-pd,EyesOnFlock transparency-portal snapshot,2026-09-21T12:12:02Z
portage-mi-pd,Portage MI PD,Portage,MI,north-chicago-il-pd,North Chicago IL PD,North Chicago,IL,owner_grants_access_to_agency,https://transparency.flocksafety.com/portage-mi-pd,EyesOnFlock transparency-portal snapshot,2026-09-21T12:12:02Z
portage-mi-pd,Portage MI PD,Portage,MI,south-chicago-heights-il-pd,South Chicago Heights IL PD,South Chicago Heights,IL,owner_grants_access_to_agency,https://transparency.flocksafety.com/portage-mi-pd,EyesOnFlock transparency-portal snapshot,2026-09-21T12:12:02Z
portage-mi-pd,Portage MI PD,Portage,MI,university-of-illinois-chicago-il-pd,University of Illinois - Chicago IL PD,,IL,owner_grants_access_to_agency,https://transparency.flocksafety.com/portage-mi-pd,EyesOnFlock transparency-portal snapshot,2026-09-21T12:12:02Z
portage-mi-pd,Portage MI PD,Portage,MI,west-chicago-il-pd,West Chicago IL PD,West Chicago,IL,owner_grants_access_to_agency,https://transparency.flocksafety.com/portage-mi-pd,EyesOnFlock transparency-portal snapshot,2026-09-21T12:12:02Z
powell-oh-pd,Powell OH PD,Powell,OH,chicago-il-pd,Chicago IL PD,Chicago,IL,owner_grants_access_to_agency,https://transparency.flocksafety.com/powell-oh-pd,EyesOnFlock transparency-portal snapshot,2026-09-21T12:12:02Z
powell-oh-pd,Powell OH PD,Powell,OH,north-chicago-il-pd,North Chicago IL PD,North Chicago,IL,owner_grants_access_to_agency,https://transparency.flocksafety.com/powell-oh-pd,EyesOnFlock transparency-portal snapshot,2026-09-21T12:12:02Z
powell-oh-pd,Powell OH PD,Powell,OH,university-of-illinois-chicago-il-pd,University of Illinois - Chicago IL PD,,IL,owner_grants_access_to_agency,https://transparency.flocksafety.com/powell-oh-pd,EyesOnFlock transparency-portal snapshot,2026-09-21T12:12:02Z
powell-oh-pd,Powell OH PD,Powell,OH,west-chicago-il-pd,West Chicago IL PD,West Chicago,IL,owner_grants_access_to_agency,https://transparency.flocksafety.com/powell-oh-pd,EyesOnFlock transparency-portal snapshot,2026-09-21T12:12:02Z
prospect-heights-il-pd,Prospect Heights IL PD,Prospect Heights,IL,chicago-heights-il-pd,Chicago Heights IL PD,Chicago Heights,IL,owner_grants_access_to_agency,https://transparency.flocksafety.com/prospect-heights-il-pd,EyesOnFlock transparency-portal snapshot,2026-09-21T12:12:02Z
prospect-heights-il-pd,Prospect Heights IL PD,Prospect Heights,IL,chicago-il-pd,Chicago IL PD,Chicago,IL,owner_grants_access_to_agency,https://transparency.flocksafety.com/prospect-heights-il-pd,EyesOnFlock transparency-portal snapshot,2026-09-21T12:12:02Z
prospect-heights-il-pd,Prospect Heights IL PD,Prospect Heights,IL,north-chicago-il-pd,North Chicago IL PD,North Chicago,IL,owner_grants_access_to_agency,https://transparency.flocksafety.com/prospect-heights-il-pd,EyesOnFlock transparency-portal snapshot,2026-09-21T12:12:02Z
prospect-heights-il-pd,Prospect Heights IL PD,Prospect Heights,IL,south-chicago-heights-il-pd,South Chicago Heights IL PD,South Chicago Heights,IL,owner_grants_access_to_agency,https://transparency.flocksafety.com/prospect-heights-il-pd,EyesOnFlock transparency-portal snapshot,2026-09-21T12:12:02Z
prospect-heights-il-pd,Prospect Heights IL PD,Prospect Heights,IL,university-of-illinois-chicago-il-pd,University of Illinois - Chicago IL PD,,IL,owner_grants_access_to_agency,https://transparency.flocksafety.com/prospect-heights-il-pd,EyesOnFlock transparency-portal snapshot,2026-09-21T12:12:02Z
prospect-heights-il-pd,Prospect Heights IL PD,Prospect Heights,IL,west-chicago-il-pd,West Chicago IL PD,West Chicago,IL,owner_grants_access_to_agency,https://transparency.flocksafety.com/prospect-heights-il-pd,EyesOnFlock transparency-portal snapshot,2026-09-21T12:12:02Z
richmond-heights-mo-pd,Richmond Heights MO PD,Richmond Heights,MO,chicago-il-pd,Chicago IL PD,Chicago,IL,owner_grants_access_to_agency,https://transparency.flocksafety.com/richmond-heights-mo-pd,EyesOnFlock transparency-portal snapshot,2026-09-21T12:12:02Z
richmond-heights-mo-pd,Richmond Heights MO PD,Richmond Heights,MO,north-chicago-il-pd,North Chicago IL PD,North Chicago,IL,owner_grants_access_to_agency,https://transparency.flocksafety.com/richmond-heights-mo-pd,EyesOnFlock transparency-portal snapshot,2026-09-21T12:12:02Z
richmond-heights-mo-pd,Richmond Heights MO PD,Richmond Heights,MO,university-of-illinois-chicago-il-pd,University of Illinois - Chicago IL PD,,IL,owner_grants_access_to_agency,https://transparency.flocksafety.com/richmond-heights-mo-pd,EyesOnFlock transparency-portal snapshot,2026-09-21T12:12:02Z
richmond-heights-mo-pd,Richmond Heights MO PD,Richmond Heights,MO,west-chicago-il-pd,West Chicago IL PD,West Chicago,IL,owner_grants_access_to_agency,https://transparency.flocksafety.com/richmond-heights-mo-pd,EyesOnFlock transparency-portal snapshot,2026-09-21T12:12:02Z
river-falls-wi-pd,River Falls WI PD,River Falls,WI,chicago-il-pd,Chicago IL PD,Chicago,IL,owner_grants_access_to_agency,https://transparency.flocksafety.com/river-falls-wi-pd,EyesOnFlock transparency-portal snapshot,2026-09-21T12:12:02Z
riverwoods-il-pd,Riverwoods IL PD,Riverwoods,IL,chicago-heights-il-pd,Chicago Heights IL PD,Chicago Heights,IL,owner_grants_access_to_agency,https://transparency.flocksafety.com/riverwoods-il-pd,EyesOnFlock transparency-portal snapshot,2026-09-21T12:12:02Z
riverwoods-il-pd,Riverwoods IL PD,Riverwoods,IL,chicago-il-pd,Chicago IL PD,Chicago,IL,owner_grants_access_to_agency,https://transparency.flocksafety.com/riverwoods-il-pd,EyesOnFlock transparency-portal snapshot,2026-09-21T12:12:02Z
riverwoods-il-pd,Riverwoods IL PD,Riverwoods,IL,north-chicago-il-pd,North Chicago IL PD,North Chicago,IL,owner_grants_access_to_agency,https://transparency.flocksafety.com/riverwoods-il-pd,EyesOnFlock transparency-portal snapshot,2026-09-21T12:12:02Z
riverwoods-il-pd,Riverwoods IL PD,Riverwoods,IL,south-chicago-heights-il-pd,South Chicago Heights IL PD,South Chicago Heights,IL,owner_grants_access_to_agency,https://transparency.flocksafety.com/riverwoods-il-pd,EyesOnFlock transparency-portal snapshot,2026-09-21T12:12:02Z
riverwoods-il-pd,Riverwoods IL PD,Riverwoods,IL,university-of-illinois-chicago-il-pd,University of Illinois - Chicago IL PD,,IL,owner_grants_access_to_agency,https://transparency.flocksafety.com/riverwoods-il-pd,EyesOnFlock transparency-portal snapshot,2026-09-21T12:12:02Z
riverwoods-il-pd,Riverwoods IL PD,Riverwoods,IL,west-chicago-il-pd,West Chicago IL PD,West Chicago,IL,owner_grants_access_to_agency,https://transparency.flocksafety.com/riverwoods-il-pd,EyesOnFlock transparency-portal snapshot,2026-09-21T12:12:02Z
rockwood-tn-pd,Rockwood TN PD,Rockwood,TN,chicago-il-pd,Chicago IL PD,Chicago,IL,owner_grants_access_to_agency,https://transparency.flocksafety.com/rockwood-tn-pd,EyesOnFlock transparency-portal snapshot,2026-09-21T12:12:02Z
rockwood-tn-pd,Rockwood TN PD,Rockwood,TN,north-chicago-il-pd,North Chicago IL PD,North Chicago,IL,owner_grants_access_to_agency,https://transparency.flocksafety.com/rockwood-tn-pd,EyesOnFlock transparency-portal snapshot,2026-09-21T12:12:02Z
rockwood-tn-pd,Rockwood TN PD,Rockwood,TN,university-of-illinois-chicago-il-pd,University of Illinois - Chicago IL PD,,IL,owner_grants_access_to_agency,https://transparency.flocksafety.com/rockwood-tn-pd,EyesOnFlock transparency-portal snapshot,2026-09-21T12:12:02Z
rockwood-tn-pd,Rockwood TN PD,Rockwood,TN,west-chicago-il-pd,West Chicago IL PD,West Chicago,IL,owner_grants_access_to_agency,https://transparency.flocksafety.com/rockwood-tn-pd,EyesOnFlock transparency-portal snapshot,2026-09-21T12:12:02Z
rolling-meadows-il-pd,Rolling Meadows IL PD,Rolling Meadows,IL,chicago-heights-il-pd,Chicago Heights IL PD,Chicago Heights,IL,owner_grants_access_to_agency,https://transparency.flocksafety.com/rolling-meadows-il-pd,EyesOnFlock transparency-portal snapshot,2026-09-21T12:12:02Z
rolling-meadows-il-pd,Rolling Meadows IL PD,Rolling Meadows,IL,chicago-il-pd,Chicago IL PD,Chicago,IL,owner_grants_access_to_agency,https://transparency.flocksafety.com/rolling-meadows-il-pd,EyesOnFlock transparency-portal snapshot,2026-09-21T12:12:02Z
rolling-meadows-il-pd,Rolling Meadows IL PD,Rolling Meadows,IL,north-chicago-il-pd,North Chicago IL PD,North Chicago,IL,owner_grants_access_to_agency,https://transparency.flocksafety.com/rolling-meadows-il-pd,EyesOnFlock transparency-portal snapshot,2026-09-21T12:12:02Z
rolling-meadows-il-pd,Rolling Meadows IL PD,Rolling Meadows,IL,south-chicago-heights-il-pd,South Chicago Heights IL PD,South Chicago Heights,IL,owner_grants_access_to_agency,https://transparency.flocksafety.com/rolling-meadows-il-pd,EyesOnFlock transparency-portal snapshot,2026-09-21T12:12:02Z
rolling-meadows-il-pd,Rolling Meadows IL PD,Rolling Meadows,IL,university-of-illinois-chicago-il-pd,University of Illinois - Chicago IL PD,,IL,owner_grants_access_to_agency,https://transparency.flocksafety.com/rolling-meadows-il-pd,EyesOnFlock transparency-portal snapshot,2026-09-21T12:12:02Z
rolling-meadows-il-pd,Rolling Meadows IL PD,Rolling Meadows,IL,west-chicago-il-pd,West Chicago IL PD,West Chicago,IL,owner_grants_access_to_agency,https://transparency.flocksafety.com/rolling-meadows-il-pd,EyesOnFlock transparency-portal snapshot,2026-09-21T12:12:02Z
round-lake-park-il-pd,Round Lake Park IL PD,Round Lake Park,IL,chicago-heights-il-pd,Chicago Heights IL PD,Chicago Heights,IL,owner_grants_access_to_agency,https://transparency.flocksafety.com/round-lake-park-il-pd,EyesOnFlock transparency-portal snapshot,2026-09-21T12:12:02Z
round-lake-park-il-pd,Round Lake Park IL PD,Round Lake Park,IL,chicago-il-pd,Chicago IL PD,Chicago,IL,owner_grants_access_to_agency,https://transparency.flocksafety.com/round-lake-park-il-pd,EyesOnFlock transparency-portal snapshot,2026-09-21T12:12:02Z
round-lake-park-il-pd,Round Lake Park IL PD,Round Lake Park,IL,university-of-illinois-chicago-il-pd,University of Illinois - Chicago IL PD,,IL,owner_grants_access_to_agency,https://transparency.flocksafety.com/round-lake-park-il-pd,EyesOnFlock transparency-portal snapshot,2026-09-21T12:12:02Z
round-lake-park-il-pd,Round Lake Park IL PD,Round Lake Park,IL,west-chicago-il-pd,West Chicago IL PD,West Chicago,IL,owner_grants_access_to_agency,https://transparency.flocksafety.com/round-lake-park-il-pd,EyesOnFlock transparency-portal snapshot,2026-09-21T12:12:02Z
sangamon-county-il-so,Sangamon County IL SO,Sangamon County,IL,chicago-heights-il-pd,Chicago Heights IL PD,Chicago Heights,IL,owner_grants_access_to_agency,https://transparency.flocksafety.com/sangamon-county-il-so,EyesOnFlock transparency-portal snapshot,2026-09-21T12:12:02Z
sangamon-county-il-so,Sangamon County IL SO,Sangamon County,IL,chicago-il-pd,Chicago IL PD,Chicago,IL,owner_grants_access_to_agency,https://transparency.flocksafety.com/sangamon-county-il-so,EyesOnFlock transparency-portal snapshot,2026-09-21T12:12:02Z
sangamon-county-il-so,Sangamon County IL SO,Sangamon County,IL,north-chicago-il-pd,North Chicago IL PD,North Chicago,IL,owner_grants_access_to_agency,https://transparency.flocksafety.com/sangamon-county-il-so,EyesOnFlock transparency-portal snapshot,2026-09-21T12:12:02Z
sangamon-county-il-so,Sangamon County IL SO,Sangamon County,IL,university-of-illinois-chicago-il-pd,University of Illinois - Chicago IL PD,,IL,owner_grants_access_to_agency,https://transparency.flocksafety.com/sangamon-county-il-so,EyesOnFlock transparency-portal snapshot,2026-09-21T12:12:02Z
sangamon-county-il-so,Sangamon County IL SO,Sangamon County,IL,west-chicago-il-pd,West Chicago IL PD,West Chicago,IL,owner_grants_access_to_agency,https://transparency.flocksafety.com/sangamon-county-il-so,EyesOnFlock transparency-portal snapshot,2026-09-21T12:12:02Z
sarpy-county-ne-so,Sarpy County NE SO,Sarpy County,NE,chicago-il-pd,Chicago IL PD,Chicago,IL,owner_grants_access_to_agency,https://transparency.flocksafety.com/sarpy-county-ne-so,EyesOnFlock transparency-portal snapshot,2026-09-21T12:12:02Z
sarpy-county-ne-so,Sarpy County NE SO,Sarpy County,NE,university-of-illinois-chicago-il-pd,University of Illinois - Chicago IL PD,,IL,owner_grants_access_to_agency,https://transparency.flocksafety.com/sarpy-county-ne-so,EyesOnFlock transparency-portal snapshot,2026-09-21T12:12:02Z
sarpy-county-ne-so,Sarpy County NE SO,Sarpy County,NE,west-chicago-il-pd,West Chicago IL PD,West Chicago,IL,owner_grants_access_to_agency,https://transparency.flocksafety.com/sarpy-county-ne-so,EyesOnFlock transparency-portal snapshot,2026-09-21T12:12:02Z
sevierville-tn-pd,Sevierville TN PD,Sevierville,TN,chicago-il-pd,Chicago IL PD,Chicago,IL,owner_grants_access_to_agency,https://transparency.flocksafety.com/sevierville-tn-pd,EyesOnFlock transparency-portal snapshot,2026-09-21T12:12:02Z
sevierville-tn-pd,Sevierville TN PD,Sevierville,TN,north-chicago-il-pd,North Chicago IL PD,North Chicago,IL,owner_grants_access_to_agency,https://transparency.flocksafety.com/sevierville-tn-pd,EyesOnFlock transparency-portal snapshot,2026-09-21T12:12:02Z
sevierville-tn-pd,Sevierville TN PD,Sevierville,TN,university-of-illinois-chicago-il-pd,University of Illinois - Chicago IL PD,,IL,owner_grants_access_to_agency,https://transparency.flocksafety.com/sevierville-tn-pd,EyesOnFlock transparency-portal snapshot,2026-09-21T12:12:02Z
sevierville-tn-pd,Sevierville TN PD,Sevierville,TN,west-chicago-il-pd,West Chicago IL PD,West Chicago,IL,owner_grants_access_to_agency,https://transparency.flocksafety.com/sevierville-tn-pd,EyesOnFlock transparency-portal snapshot,2026-09-21T12:12:02Z
sharon-wi-pd,Sharon WI PD,Sharon,WI,north-chicago-il-pd,North Chicago IL PD,North Chicago,IL,owner_grants_access_to_agency,https://transparency.flocksafety.com/sharon-wi-pd,EyesOnFlock transparency-portal snapshot,2026-09-21T12:12:02Z
shelby-county-tn-so,Shelby County TN SO,Shelby County,TN,chicago-heights-il-pd,Chicago Heights IL PD,Chicago Heights,IL,owner_grants_access_to_agency,https://transparency.flocksafety.com/shelby-county-tn-so,EyesOnFlock transparency-portal snapshot,2026-09-21T12:12:02Z
shelby-county-tn-so,Shelby County TN SO,Shelby County,TN,chicago-il-pd,Chicago IL PD,Chicago,IL,owner_grants_access_to_agency,https://transparency.flocksafety.com/shelby-county-tn-so,EyesOnFlock transparency-portal snapshot,2026-09-21T12:12:02Z
shelby-county-tn-so,Shelby County TN SO,Shelby County,TN,north-chicago-il-pd,North Chicago IL PD,North Chicago,IL,owner_grants_access_to_agency,https://transparency.flocksafety.com/shelby-county-tn-so,EyesOnFlock transparency-portal snapshot,2026-09-21T12:12:02Z
shelby-county-tn-so,Shelby County TN SO,Shelby County,TN,university-of-illinois-chicago-il-pd,University of Illinois - Chicago IL PD,,IL,owner_grants_access_to_agency,https://transparency.flocksafety.com/shelby-county-tn-so,EyesOnFlock transparency-portal snapshot,2026-09-21T12:12:02Z
shelby-county-tn-so,Shelby County TN SO,Shelby County,TN,west-chicago-il-pd,West Chicago IL PD,West Chicago,IL,owner_grants_access_to_agency,https://transparency.flocksafety.com/shelby-county-tn-so,EyesOnFlock transparency-portal snapshot,2026-09-21T12:12:02Z
sidney-oh-pd,Sidney OH PD,Sidney,OH,chicago-il-pd,Chicago IL PD,Chicago,IL,owner_grants_access_to_agency,https://transparency.flocksafety.com/sidney-oh-pd,EyesOnFlock transparency-portal snapshot,2026-09-21T12:12:02Z
sidney-oh-pd,Sidney OH PD,Sidney,OH,north-chicago-il-pd,North Chicago IL PD,North Chicago,IL,owner_grants_access_to_agency,https://transparency.flocksafety.com/sidney-oh-pd,EyesOnFlock transparency-portal snapshot,2026-09-21T12:12:02Z
sidney-oh-pd,Sidney OH PD,Sidney,OH,university-of-illinois-chicago-il-pd,University of Illinois - Chicago IL PD,,IL,owner_grants_access_to_agency,https://transparency.flocksafety.com/sidney-oh-pd,EyesOnFlock transparency-portal snapshot,2026-09-21T12:12:02Z
sidney-oh-pd,Sidney OH PD,Sidney,OH,west-chicago-il-pd,West Chicago IL PD,West Chicago,IL,owner_grants_access_to_agency,https://transparency.flocksafety.com/sidney-oh-pd,EyesOnFlock transparency-portal snapshot,2026-09-21T12:12:02Z
slinger-wi-pd,Slinger WI PD,Slinger,WI,chicago-heights-il-pd,Chicago Heights IL PD,Chicago Heights,IL,owner_grants_access_to_agency,https://transparency.flocksafety.com/slinger-wi-pd,EyesOnFlock transparency-portal snapshot,2026-09-21T12:12:02Z
slinger-wi-pd,Slinger WI PD,Slinger,WI,chicago-il-pd,Chicago IL PD,Chicago,IL,owner_grants_access_to_agency,https://transparency.flocksafety.com/slinger-wi-pd,EyesOnFlock transparency-portal snapshot,2026-09-21T12:12:02Z
slinger-wi-pd,Slinger WI PD,Slinger,WI,north-chicago-il-pd,North Chicago IL PD,North Chicago,IL,owner_grants_access_to_agency,https://transparency.flocksafety.com/slinger-wi-pd,EyesOnFlock transparency-portal snapshot,2026-09-21T12:12:02Z
slinger-wi-pd,Slinger WI PD,Slinger,WI,south-chicago-heights-il-pd,South Chicago Heights IL PD,South Chicago Heights,IL,owner_grants_access_to_agency,https://transparency.flocksafety.com/slinger-wi-pd,EyesOnFlock transparency-portal snapshot,2026-09-21T12:12:02Z
slinger-wi-pd,Slinger WI PD,Slinger,WI,university-of-illinois-chicago-il-pd,University of Illinois - Chicago IL PD,,IL,owner_grants_access_to_agency,https://transparency.flocksafety.com/slinger-wi-pd,EyesOnFlock transparency-portal snapshot,2026-09-21T12:12:02Z
slinger-wi-pd,Slinger WI PD,Slinger,WI,west-chicago-il-pd,West Chicago IL PD,West Chicago,IL,owner_grants_access_to_agency,https://transparency.flocksafety.com/slinger-wi-pd,EyesOnFlock transparency-portal snapshot,2026-09-21T12:12:02Z
sparta-tn-pd,Sparta TN PD,Sparta,TN,chicago-il-pd,Chicago IL PD,Chicago,IL,owner_grants_access_to_agency,https://transparency.flocksafety.com/sparta-tn-pd,EyesOnFlock transparency-portal snapshot,2026-09-21T12:12:02Z
sparta-tn-pd,Sparta TN PD,Sparta,TN,north-chicago-il-pd,North Chicago IL PD,North Chicago,IL,owner_grants_access_to_agency,https://transparency.flocksafety.com/sparta-tn-pd,EyesOnFlock transparency-portal snapshot,2026-09-21T12:12:02Z
sparta-tn-pd,Sparta TN PD,Sparta,TN,west-chicago-il-pd,West Chicago IL PD,West Chicago,IL,owner_grants_access_to_agency,https://transparency.flocksafety.com/sparta-tn-pd,EyesOnFlock transparency-portal snapshot,2026-09-21T12:12:02Z
spring-hill-tn-pd,Spring Hill TN PD,Spring Hill,TN,chicago-il-pd,Chicago IL PD,Chicago,IL,owner_grants_access_to_agency,https://transparency.flocksafety.com/spring-hill-tn-pd,EyesOnFlock transparency-portal snapshot,2026-09-21T12:12:02Z
spring-hill-tn-pd,Spring Hill TN PD,Spring Hill,TN,north-chicago-il-pd,North Chicago IL PD,North Chicago,IL,owner_grants_access_to_agency,https://transparency.flocksafety.com/spring-hill-tn-pd,EyesOnFlock transparency-portal snapshot,2026-09-21T12:12:02Z
spring-hill-tn-pd,Spring Hill TN PD,Spring Hill,TN,university-of-illinois-chicago-il-pd,University of Illinois - Chicago IL PD,,IL,owner_grants_access_to_agency,https://transparency.flocksafety.com/spring-hill-tn-pd,EyesOnFlock transparency-portal snapshot,2026-09-21T12:12:02Z
spring-hill-tn-pd,Spring Hill TN PD,Spring Hill,TN,west-chicago-il-pd,West Chicago IL PD,West Chicago,IL,owner_grants_access_to_agency,https://transparency.flocksafety.com/spring-hill-tn-pd,EyesOnFlock transparency-portal snapshot,2026-09-21T12:12:02Z
springfield-mo-pd,Springfield MO PD,Springfield,MO,west-chicago-il-pd,West Chicago IL PD,West Chicago,IL,owner_grants_access_to_agency,https://transparency.flocksafety.com/springfield-mo-pd,EyesOnFlock transparency-portal snapshot,2026-09-21T12:12:02Z
springfield-oh-pd,Springfield OH PD,Springfield,OH,chicago-il-pd,Chicago IL PD,Chicago,IL,owner_grants_access_to_agency,https://transparency.flocksafety.com/springfield-oh-pd,EyesOnFlock transparency-portal snapshot,2026-09-21T12:12:02Z
springfield-oh-pd,Springfield OH PD,Springfield,OH,university-of-illinois-chicago-il-pd,University of Illinois - Chicago IL PD,,IL,owner_grants_access_to_agency,https://transparency.flocksafety.com/springfield-oh-pd,EyesOnFlock transparency-portal snapshot,2026-09-21T12:12:02Z
springfield-oh-pd,Springfield OH PD,Springfield,OH,west-chicago-il-pd,West Chicago IL PD,West Chicago,IL,owner_grants_access_to_agency,https://transparency.flocksafety.com/springfield-oh-pd,EyesOnFlock transparency-portal snapshot,2026-09-21T12:12:02Z
st-charles-il-pd,St Charles IL PD,St. Charles,IL,chicago-heights-il-pd,Chicago Heights IL PD,Chicago Heights,IL,owner_grants_access_to_agency,https://transparency.flocksafety.com/st-charles-il-pd,EyesOnFlock transparency-portal snapshot,2026-09-21T12:12:02Z
st-charles-il-pd,St Charles IL PD,St. Charles,IL,chicago-il-pd,Chicago IL PD,Chicago,IL,owner_grants_access_to_agency,https://transparency.flocksafety.com/st-charles-il-pd,EyesOnFlock transparency-portal snapshot,2026-09-21T12:12:02Z
st-charles-il-pd,St Charles IL PD,St. Charles,IL,north-chicago-il-pd,North Chicago IL PD,North Chicago,IL,owner_grants_access_to_agency,https://transparency.flocksafety.com/st-charles-il-pd,EyesOnFlock transparency-portal snapshot,2026-09-21T12:12:02Z
st-charles-il-pd,St Charles IL PD,St. Charles,IL,university-of-illinois-chicago-il-pd,University of Illinois - Chicago IL PD,,IL,owner_grants_access_to_agency,https://transparency.flocksafety.com/st-charles-il-pd,EyesOnFlock transparency-portal snapshot,2026-09-21T12:12:02Z
st-charles-il-pd,St Charles IL PD,St. Charles,IL,west-chicago-il-pd,West Chicago IL PD,West Chicago,IL,owner_grants_access_to_agency,https://transparency.flocksafety.com/st-charles-il-pd,EyesOnFlock transparency-portal snapshot,2026-09-21T12:12:02Z
st-francois-county-mo-so,St. Francois County MO SO,St. Francois County,MO,chicago-il-pd,Chicago IL PD,Chicago,IL,owner_grants_access_to_agency,https://transparency.flocksafety.com/st-francois-county-mo-so,EyesOnFlock transparency-portal snapshot,2026-09-21T12:12:02Z
st-francois-county-mo-so,St. Francois County MO SO,St. Francois County,MO,north-chicago-il-pd,North Chicago IL PD,North Chicago,IL,owner_grants_access_to_agency,https://transparency.flocksafety.com/st-francois-county-mo-so,EyesOnFlock transparency-portal snapshot,2026-09-21T12:12:02Z
st-francois-county-mo-so,St. Francois County MO SO,St. Francois County,MO,university-of-illinois-chicago-il-pd,University of Illinois - Chicago IL PD,,IL,owner_grants_access_to_agency,https://transparency.flocksafety.com/st-francois-county-mo-so,EyesOnFlock transparency-portal snapshot,2026-09-21T12:12:02Z
st-francois-county-mo-so,St. Francois County MO SO,St. Francois County,MO,west-chicago-il-pd,West Chicago IL PD,West Chicago,IL,owner_grants_access_to_agency,https://transparency.flocksafety.com/st-francois-county-mo-so,EyesOnFlock transparency-portal snapshot,2026-09-21T12:12:02Z
sylvania-oh-pd,Sylvania OH PD,Sylvania,OH,chicago-il-pd,Chicago IL PD,Chicago,IL,owner_grants_access_to_agency,https://transparency.flocksafety.com/sylvania-oh-pd,EyesOnFlock transparency-portal snapshot,2026-09-21T12:12:02Z
sylvania-oh-pd,Sylvania OH PD,Sylvania,OH,north-chicago-il-pd,North Chicago IL PD,North Chicago,IL,owner_grants_access_to_agency,https://transparency.flocksafety.com/sylvania-oh-pd,EyesOnFlock transparency-portal snapshot,2026-09-21T12:12:02Z
sylvania-oh-pd,Sylvania OH PD,Sylvania,OH,university-of-illinois-chicago-il-pd,University of Illinois - Chicago IL PD,,IL,owner_grants_access_to_agency,https://transparency.flocksafety.com/sylvania-oh-pd,EyesOnFlock transparency-portal snapshot,2026-09-21T12:12:02Z
sylvania-oh-pd,Sylvania OH PD,Sylvania,OH,west-chicago-il-pd,West Chicago IL PD,West Chicago,IL,owner_grants_access_to_agency,https://transparency.flocksafety.com/sylvania-oh-pd,EyesOnFlock transparency-portal snapshot,2026-09-21T12:12:02Z
thornton-co-pd,Thornton CO PD,Thornton,CO,west-chicago-il-pd,West Chicago IL PD,West Chicago,IL,owner_grants_access_to_agency,https://transparency.flocksafety.com/thornton-co-pd,EyesOnFlock transparency-portal snapshot,2026-09-21T12:12:02Z
tipp-city-oh-pd,Tipp City OH PD,Tipp City,OH,chicago-il-pd,Chicago IL PD,Chicago,IL,owner_grants_access_to_agency,https://transparency.flocksafety.com/tipp-city-oh-pd,EyesOnFlock transparency-portal snapshot,2026-09-21T12:12:02Z
tipp-city-oh-pd,Tipp City OH PD,Tipp City,OH,west-chicago-il-pd,West Chicago IL PD,West Chicago,IL,owner_grants_access_to_agency,https://transparency.flocksafety.com/tipp-city-oh-pd,EyesOnFlock transparency-portal snapshot,2026-09-21T12:12:02Z
toledo-oh-pd,Toledo OH PD,Toledo,OH,chicago-heights-il-pd,Chicago Heights IL PD,Chicago Heights,IL,owner_grants_access_to_agency,https://transparency.flocksafety.com/toledo-oh-pd,EyesOnFlock transparency-portal snapshot,2026-09-21T12:12:02Z
toledo-oh-pd,Toledo OH PD,Toledo,OH,chicago-il-pd,Chicago IL PD,Chicago,IL,owner_grants_access_to_agency,https://transparency.flocksafety.com/toledo-oh-pd,EyesOnFlock transparency-portal snapshot,2026-09-21T12:12:02Z
toledo-oh-pd,Toledo OH PD,Toledo,OH,north-chicago-il-pd,North Chicago IL PD,North Chicago,IL,owner_grants_access_to_agency,https://transparency.flocksafety.com/toledo-oh-pd,EyesOnFlock transparency-portal snapshot,2026-09-21T12:12:02Z
toledo-oh-pd,Toledo OH PD,Toledo,OH,university-of-illinois-chicago-il-pd,University of Illinois - Chicago IL PD,,IL,owner_grants_access_to_agency,https://transparency.flocksafety.com/toledo-oh-pd,EyesOnFlock transparency-portal snapshot,2026-09-21T12:12:02Z
toledo-oh-pd,Toledo OH PD,Toledo,OH,west-chicago-il-pd,West Chicago IL PD,West Chicago,IL,owner_grants_access_to_agency,https://transparency.flocksafety.com/toledo-oh-pd,EyesOnFlock transparency-portal snapshot,2026-09-21T12:12:02Z
twinsburg-oh-pd,Twinsburg OH PD,Twinsburg,OH,chicago-il-pd,Chicago IL PD,Chicago,IL,owner_grants_access_to_agency,https://transparency.flocksafety.com/twinsburg-oh-pd,EyesOnFlock transparency-portal snapshot,2026-09-21T12:12:02Z
twinsburg-oh-pd,Twinsburg OH PD,Twinsburg,OH,north-chicago-il-pd,North Chicago IL PD,North Chicago,IL,owner_grants_access_to_agency,https://transparency.flocksafety.com/twinsburg-oh-pd,EyesOnFlock transparency-portal snapshot,2026-09-21T12:12:02Z
twinsburg-oh-pd,Twinsburg OH PD,Twinsburg,OH,university-of-illinois-chicago-il-pd,University of Illinois - Chicago IL PD,,IL,owner_grants_access_to_agency,https://transparency.flocksafety.com/twinsburg-oh-pd,EyesOnFlock transparency-portal snapshot,2026-09-21T12:12:02Z
twinsburg-oh-pd,Twinsburg OH PD,Twinsburg,OH,west-chicago-il-pd,West Chicago IL PD,West Chicago,IL,owner_grants_access_to_agency,https://transparency.flocksafety.com/twinsburg-oh-pd,EyesOnFlock transparency-portal snapshot,2026-09-21T12:12:02Z
warrenville-il-pd,Warrenville IL PD,Warrenville,IL,chicago-heights-il-pd,Chicago Heights IL PD,Chicago Heights,IL,owner_grants_access_to_agency,https://transparency.flocksafety.com/warrenville-il-pd,EyesOnFlock transparency-portal snapshot,2026-09-21T12:12:02Z
warrenville-il-pd,Warrenville IL PD,Warrenville,IL,chicago-il-pd,Chicago IL PD,Chicago,IL,owner_grants_access_to_agency,https://transparency.flocksafety.com/warrenville-il-pd,EyesOnFlock transparency-portal snapshot,2026-09-21T12:12:02Z
warrenville-il-pd,Warrenville IL PD,Warrenville,IL,north-chicago-il-pd,North Chicago IL PD,North Chicago,IL,owner_grants_access_to_agency,https://transparency.flocksafety.com/warrenville-il-pd,EyesOnFlock transparency-portal snapshot,2026-09-21T12:12:02Z
warrenville-il-pd,Warrenville IL PD,Warrenville,IL,university-of-illinois-chicago-il-pd,University of Illinois - Chicago IL PD,,IL,owner_grants_access_to_agency,https://transparency.flocksafety.com/warrenville-il-pd,EyesOnFlock transparency-portal snapshot,2026-09-21T12:12:02Z
warrenville-il-pd,Warrenville IL PD,Warrenville,IL,west-chicago-il-pd,West Chicago IL PD,West Chicago,IL,owner_grants_access_to_agency,https://transparency.flocksafety.com/warrenville-il-pd,EyesOnFlock transparency-portal snapshot,2026-09-21T12:12:02Z
washington-ia-pd,Washington IA PD,Washington,IA,chicago-il-pd,Chicago IL PD,Chicago,IL,owner_grants_access_to_agency,https://transparency.flocksafety.com/washington-ia-pd,EyesOnFlock transparency-portal snapshot,2026-09-21T12:12:02Z
waterville-oh-pd,Waterville OH PD,Waterville,OH,chicago-il-pd,Chicago IL PD,Chicago,IL,owner_grants_access_to_agency,https://transparency.flocksafety.com/waterville-oh-pd,EyesOnFlock transparency-portal snapshot,2026-09-21T12:12:02Z
waterville-oh-pd,Waterville OH PD,Waterville,OH,north-chicago-il-pd,North Chicago IL PD,North Chicago,IL,owner_grants_access_to_agency,https://transparency.flocksafety.com/waterville-oh-pd,EyesOnFlock transparency-portal snapshot,2026-09-21T12:12:02Z
waterville-oh-pd,Waterville OH PD,Waterville,OH,university-of-illinois-chicago-il-pd,University of Illinois - Chicago IL PD,,IL,owner_grants_access_to_agency,https://transparency.flocksafety.com/waterville-oh-pd,EyesOnFlock transparency-portal snapshot,2026-09-21T12:12:02Z
waterville-oh-pd,Waterville OH PD,Waterville,OH,west-chicago-il-pd,West Chicago IL PD,West Chicago,IL,owner_grants_access_to_agency,https://transparency.flocksafety.com/waterville-oh-pd,EyesOnFlock transparency-portal snapshot,2026-09-21T12:12:02Z
wauconda-il-pd,Wauconda IL PD,Wauconda,IL,chicago-heights-il-pd,Chicago Heights IL PD,Chicago Heights,IL,owner_grants_access_to_agency,https://transparency.flocksafety.com/wauconda-il-pd,EyesOnFlock transparency-portal snapshot,2026-09-21T12:12:02Z
wauconda-il-pd,Wauconda IL PD,Wauconda,IL,chicago-il-pd,Chicago IL PD,Chicago,IL,owner_grants_access_to_agency,https://transparency.flocksafety.com/wauconda-il-pd,EyesOnFlock transparency-portal snapshot,2026-09-21T12:12:02Z
wauconda-il-pd,Wauconda IL PD,Wauconda,IL,north-chicago-il-pd,North Chicago IL PD,North Chicago,IL,owner_grants_access_to_agency,https://transparency.flocksafety.com/wauconda-il-pd,EyesOnFlock transparency-portal snapshot,2026-09-21T12:12:02Z
wauconda-il-pd,Wauconda IL PD,Wauconda,IL,university-of-illinois-chicago-il-pd,University of Illinois - Chicago IL PD,,IL,owner_grants_access_to_agency,https://transparency.flocksafety.com/wauconda-il-pd,EyesOnFlock transparency-portal snapshot,2026-09-21T12:12:02Z
wauconda-il-pd,Wauconda IL PD,Wauconda,IL,west-chicago-il-pd,West Chicago IL PD,West Chicago,IL,owner_grants_access_to_agency,https://transparency.flocksafety.com/wauconda-il-pd,EyesOnFlock transparency-portal snapshot,2026-09-21T12:12:02Z
webster-groves-mo-pd,Webster Groves MO PD,Webster Groves,MO,chicago-il-pd,Chicago IL PD,Chicago,IL,owner_grants_access_to_agency,https://transparency.flocksafety.com/webster-groves-mo-pd,EyesOnFlock transparency-portal snapshot,2026-09-21T12:12:02Z
webster-groves-mo-pd,Webster Groves MO PD,Webster Groves,MO,north-chicago-il-pd,North Chicago IL PD,North Chicago,IL,owner_grants_access_to_agency,https://transparency.flocksafety.com/webster-groves-mo-pd,EyesOnFlock transparency-portal snapshot,2026-09-21T12:12:02Z
webster-groves-mo-pd,Webster Groves MO PD,Webster Groves,MO,university-of-illinois-chicago-il-pd,University of Illinois - Chicago IL PD,,IL,owner_grants_access_to_agency,https://transparency.flocksafety.com/webster-groves-mo-pd,EyesOnFlock transparency-portal snapshot,2026-09-21T12:12:02Z
webster-groves-mo-pd,Webster Groves MO PD,Webster Groves,MO,west-chicago-il-pd,West Chicago IL PD,West Chicago,IL,owner_grants_access_to_agency,https://transparency.flocksafety.com/webster-groves-mo-pd,EyesOnFlock transparency-portal snapshot,2026-09-21T12:12:02Z
wentzville-mo-pd,Wentzville MO PD,Wentzville,MO,chicago-il-pd,Chicago IL PD,Chicago,IL,owner_grants_access_to_agency,https://transparency.flocksafety.com/wentzville-mo-pd,EyesOnFlock transparency-portal snapshot,2026-09-21T12:12:02Z
wentzville-mo-pd,Wentzville MO PD,Wentzville,MO,north-chicago-il-pd,North Chicago IL PD,North Chicago,IL,owner_grants_access_to_agency,https://transparency.flocksafety.com/wentzville-mo-pd,EyesOnFlock transparency-portal snapshot,2026-09-21T12:12:02Z
wentzville-mo-pd,Wentzville MO PD,Wentzville,MO,university-of-illinois-chicago-il-pd,University of Illinois - Chicago IL PD,,IL,owner_grants_access_to_agency,https://transparency.flocksafety.com/wentzville-mo-pd,EyesOnFlock transparency-portal snapshot,2026-09-21T12:12:02Z
wentzville-mo-pd,Wentzville MO PD,Wentzville,MO,west-chicago-il-pd,West Chicago IL PD,West Chicago,IL,owner_grants_access_to_agency,https://transparency.flocksafety.com/wentzville-mo-pd,EyesOnFlock transparency-portal snapshot,2026-09-21T12:12:02Z
west-des-moines-ia-pd,West Des Moines IA PD,West Des Moines,IA,chicago-heights-il-pd,Chicago Heights IL PD,Chicago Heights,IL,owner_grants_access_to_agency,https://transparency.flocksafety.com/west-des-moines-ia-pd,EyesOnFlock transparency-portal snapshot,2026-09-21T12:12:02Z
west-des-moines-ia-pd,West Des Moines IA PD,West Des Moines,IA,chicago-il-pd,Chicago IL PD,Chicago,IL,owner_grants_access_to_agency,https://transparency.flocksafety.com/west-des-moines-ia-pd,EyesOnFlock transparency-portal snapshot,2026-09-21T12:12:02Z
west-des-moines-ia-pd,West Des Moines IA PD,West Des Moines,IA,north-chicago-il-pd,North Chicago IL PD,North Chicago,IL,owner_grants_access_to_agency,https://transparency.flocksafety.com/west-des-moines-ia-pd,EyesOnFlock transparency-portal snapshot,2026-09-21T12:12:02Z
west-des-moines-ia-pd,West Des Moines IA PD,West Des Moines,IA,south-chicago-heights-il-pd,South Chicago Heights IL PD,South Chicago Heights,IL,owner_grants_access_to_agency,https://transparency.flocksafety.com/west-des-moines-ia-pd,EyesOnFlock transparency-portal snapshot,2026-09-21T12:12:02Z
west-des-moines-ia-pd,West Des Moines IA PD,West Des Moines,IA,university-of-illinois-chicago-il-pd,University of Illinois - Chicago IL PD,,IL,owner_grants_access_to_agency,https://transparency.flocksafety.com/west-des-moines-ia-pd,EyesOnFlock transparency-portal snapshot,2026-09-21T12:12:02Z
west-des-moines-ia-pd,West Des Moines IA PD,West Des Moines,IA,west-chicago-il-pd,West Chicago IL PD,West Chicago,IL,owner_grants_access_to_agency,https://transparency.flocksafety.com/west-des-moines-ia-pd,EyesOnFlock transparency-portal snapshot,2026-09-21T12:12:02Z
westfield-in-pd,Westfield IN PD,Westfield,IN,chicago-heights-il-pd,Chicago Heights IL PD,Chicago Heights,IL,owner_grants_access_to_agency,https://transparency.flocksafety.com/westfield-in-pd,EyesOnFlock transparency-portal snapshot,2026-09-21T12:12:02Z
westfield-in-pd,Westfield IN PD,Westfield,IN,chicago-il-pd,Chicago IL PD,Chicago,IL,owner_grants_access_to_agency,https://transparency.flocksafety.com/westfield-in-pd,EyesOnFlock transparency-portal snapshot,2026-09-21T12:12:02Z
westfield-in-pd,Westfield IN PD,Westfield,IN,north-chicago-il-pd,North Chicago IL PD,North Chicago,IL,owner_grants_access_to_agency,https://transparency.flocksafety.com/westfield-in-pd,EyesOnFlock transparency-portal snapshot,2026-09-21T12:12:02Z
westfield-in-pd,Westfield IN PD,Westfield,IN,university-of-illinois-chicago-il-pd,University of Illinois - Chicago IL PD,,IL,owner_grants_access_to_agency,https://transparency.flocksafety.com/westfield-in-pd,EyesOnFlock transparency-portal snapshot,2026-09-21T12:12:02Z
westfield-in-pd,Westfield IN PD,Westfield,IN,west-chicago-il-pd,West Chicago IL PD,West Chicago,IL,owner_grants_access_to_agency,https://transparency.flocksafety.com/westfield-in-pd,EyesOnFlock transparency-portal snapshot,2026-09-21T12:12:02Z
whitestown-in-pd,Whitestown IN PD,Whitestown,IN,chicago-heights-il-pd,Chicago Heights IL PD,Chicago Heights,IL,owner_grants_access_to_agency,https://transparency.flocksafety.com/whitestown-in-pd,EyesOnFlock transparency-portal snapshot,2026-09-21T12:12:02Z
whitestown-in-pd,Whitestown IN PD,Whitestown,IN,chicago-il-pd,Chicago IL PD,Chicago,IL,owner_grants_access_to_agency,https://transparency.flocksafety.com/whitestown-in-pd,EyesOnFlock transparency-portal snapshot,2026-09-21T12:12:02Z
whitestown-in-pd,Whitestown IN PD,Whitestown,IN,north-chicago-il-pd,North Chicago IL PD,North Chicago,IL,owner_grants_access_to_agency,https://transparency.flocksafety.com/whitestown-in-pd,EyesOnFlock transparency-portal snapshot,2026-09-21T12:12:02Z
whitestown-in-pd,Whitestown IN PD,Whitestown,IN,south-chicago-heights-il-pd,South Chicago Heights IL PD,South Chicago Heights,IL,owner_grants_access_to_agency,https://transparency.flocksafety.com/whitestown-in-pd,EyesOnFlock transparency-portal snapshot,2026-09-21T12:12:02Z
whitestown-in-pd,Whitestown IN PD,Whitestown,IN,university-of-illinois-chicago-il-pd,University of Illinois - Chicago IL PD,,IL,owner_grants_access_to_agency,https://transparency.flocksafety.com/whitestown-in-pd,EyesOnFlock transparency-portal snapshot,2026-09-21T12:12:02Z
whitestown-in-pd,Whitestown IN PD,Whitestown,IN,west-chicago-il-pd,West Chicago IL PD,West Chicago,IL,owner_grants_access_to_agency,https://transparency.flocksafety.com/whitestown-in-pd,EyesOnFlock transparency-portal snapshot,2026-09-21T12:12:02Z
willowbrook-il-pd,Willowbrook IL PD,Willowbrook,IL,chicago-heights-il-pd,Chicago Heights IL PD,Chicago Heights,IL,owner_grants_access_to_agency,https://transparency.flocksafety.com/willowbrook-il-pd,EyesOnFlock transparency-portal snapshot,2026-09-21T12:12:02Z
willowbrook-il-pd,Willowbrook IL PD,Willowbrook,IL,chicago-il-pd,Chicago IL PD,Chicago,IL,owner_grants_access_to_agency,https://transparency.flocksafety.com/willowbrook-il-pd,EyesOnFlock transparency-portal snapshot,2026-09-21T12:12:02Z
willowbrook-il-pd,Willowbrook IL PD,Willowbrook,IL,north-chicago-il-pd,North Chicago IL PD,North Chicago,IL,owner_grants_access_to_agency,https://transparency.flocksafety.com/willowbrook-il-pd,EyesOnFlock transparency-portal snapshot,2026-09-21T12:12:02Z
willowbrook-il-pd,Willowbrook IL PD,Willowbrook,IL,south-chicago-heights-il-pd,South Chicago Heights IL PD,South Chicago Heights,IL,owner_grants_access_to_agency,https://transparency.flocksafety.com/willowbrook-il-pd,EyesOnFlock transparency-portal snapshot,2026-09-21T12:12:02Z
willowbrook-il-pd,Willowbrook IL PD,Willowbrook,IL,university-of-illinois-chicago-il-pd,University of Illinois - Chicago IL PD,,IL,owner_grants_access_to_agency,https://transparency.flocksafety.com/willowbrook-il-pd,EyesOnFlock transparency-portal snapshot,2026-09-21T12:12:02Z
willowbrook-il-pd,Willowbrook IL PD,Willowbrook,IL,west-chicago-il-pd,West Chicago IL PD,West Chicago,IL,owner_grants_access_to_agency,https://transparency.flocksafety.com/willowbrook-il-pd,EyesOnFlock transparency-portal snapshot,2026-09-21T12:12:02Z
wilmington-il-pd,Wilmington IL PD,Wilmington,IL,chicago-heights-il-pd,Chicago Heights IL PD,Chicago Heights,IL,owner_grants_access_to_agency,https://transparency.flocksafety.com/wilmington-il-pd,EyesOnFlock transparency-portal snapshot,2026-09-21T12:12:02Z
wilmington-il-pd,Wilmington IL PD,Wilmington,IL,chicago-il-pd,Chicago IL PD,Chicago,IL,owner_grants_access_to_agency,https://transparency.flocksafety.com/wilmington-il-pd,EyesOnFlock transparency-portal snapshot,2026-09-21T12:12:02Z
wilmington-il-pd,Wilmington IL PD,Wilmington,IL,north-chicago-il-pd,North Chicago IL PD,North Chicago,IL,owner_grants_access_to_agency,https://transparency.flocksafety.com/wilmington-il-pd,EyesOnFlock transparency-portal snapshot,2026-09-21T12:12:02Z
wilmington-il-pd,Wilmington IL PD,Wilmington,IL,south-chicago-heights-il-pd,South Chicago Heights IL PD,South Chicago Heights,IL,owner_grants_access_to_agency,https://transparency.flocksafety.com/wilmington-il-pd,EyesOnFlock transparency-portal snapshot,2026-09-21T12:12:02Z
wilmington-il-pd,Wilmington IL PD,Wilmington,IL,university-of-illinois-chicago-il-pd,University of Illinois - Chicago IL PD,,IL,owner_grants_access_to_agency,https://transparency.flocksafety.com/wilmington-il-pd,EyesOnFlock transparency-portal snapshot,2026-09-21T12:12:02Z
wilmington-il-pd,Wilmington IL PD,Wilmington,IL,west-chicago-il-pd,West Chicago IL PD,West Chicago,IL,owner_grants_access_to_agency,https://transparency.flocksafety.com/wilmington-il-pd,EyesOnFlock transparency-portal snapshot,2026-09-21T12:12:02Z
winnebago-county-wi-so,Winnebago County WI SO,Winnebago County,WI,chicago-il-pd,Chicago IL PD,Chicago,IL,owner_grants_access_to_agency,https://transparency.flocksafety.com/winnebago-county-wi-so,EyesOnFlock transparency-portal snapshot,2026-09-21T12:12:02Z
winnebago-county-wi-so,Winnebago County WI SO,Winnebago County,WI,university-of-illinois-chicago-il-pd,University of Illinois - Chicago IL PD,,IL,owner_grants_access_to_agency,https://transparency.flocksafety.com/winnebago-county-wi-so,EyesOnFlock transparency-portal snapshot,2026-09-21T12:12:02Z
winnebago-county-wi-so,Winnebago County WI SO,Winnebago County,WI,west-chicago-il-pd,West Chicago IL PD,West Chicago,IL,owner_grants_access_to_agency,https://transparency.flocksafety.com/winnebago-county-wi-so,EyesOnFlock transparency-portal snapshot,2026-09-21T12:12:02Z
woodridge-il-pd,Woodridge IL PD,Woodridge,IL,chicago-heights-il-pd,Chicago Heights IL PD,Chicago Heights,IL,owner_grants_access_to_agency,https://transparency.flocksafety.com/woodridge-il-pd,EyesOnFlock transparency-portal snapshot,2026-09-21T12:12:02Z
woodridge-il-pd,Woodridge IL PD,Woodridge,IL,chicago-il-pd,Chicago IL PD,Chicago,IL,owner_grants_access_to_agency,https://transparency.flocksafety.com/woodridge-il-pd,EyesOnFlock transparency-portal snapshot,2026-09-21T12:12:02Z
woodridge-il-pd,Woodridge IL PD,Woodridge,IL,north-chicago-il-pd,North Chicago IL PD,North Chicago,IL,owner_grants_access_to_agency,https://transparency.flocksafety.com/woodridge-il-pd,EyesOnFlock transparency-portal snapshot,2026-09-21T12:12:02Z
woodridge-il-pd,Woodridge IL PD,Woodridge,IL,south-chicago-heights-il-pd,South Chicago Heights IL PD,South Chicago Heights,IL,owner_grants_access_to_agency,https://transparency.flocksafety.com/woodridge-il-pd,EyesOnFlock transparency-portal snapshot,2026-09-21T12:12:02Z
woodridge-il-pd,Woodridge IL PD,Woodridge,IL,university-of-illinois-chicago-il-pd,University of Illinois - Chicago IL PD,,IL,owner_grants_access_to_agency,https://transparency.flocksafety.com/woodridge-il-pd,EyesOnFlock transparency-portal snapshot,2026-09-21T12:12:02Z
woodridge-il-pd,Woodridge IL PD,Woodridge,IL,west-chicago-il-pd,West Chicago IL PD,West Chicago,IL,owner_grants_access_to_agency,https://transparency.flocksafety.com/woodridge-il-pd,EyesOnFlock transparency-portal snapshot,2026-09-21T12:12:02Z
woodstock-il-pd,Woodstock IL PD,Woodstock,IL,chicago-heights-il-pd,Chicago Heights IL PD,Chicago Heights,IL,owner_grants_access_to_agency,https://transparency.flocksafety.com/woodstock-il-pd,EyesOnFlock transparency-portal snapshot,2026-09-21T12:12:02Z
woodstock-il-pd,Woodstock IL PD,Woodstock,IL,chicago-il-pd,Chicago IL PD,Chicago,IL,owner_grants_access_to_agency,https://transparency.flocksafety.com/woodstock-il-pd,EyesOnFlock transparency-portal snapshot,2026-09-21T12:12:02Z
woodstock-il-pd,Woodstock IL PD,Woodstock,IL,north-chicago-il-pd,North Chicago IL PD,North Chicago,IL,owner_grants_access_to_agency,https://transparency.flocksafety.com/woodstock-il-pd,EyesOnFlock transparency-portal snapshot,2026-09-21T12:12:02Z
woodstock-il-pd,Woodstock IL PD,Woodstock,IL,south-chicago-heights-il-pd,South Chicago Heights IL PD,South Chicago Heights,IL,owner_grants_access_to_agency,https://transparency.flocksafety.com/woodstock-il-pd,EyesOnFlock transparency-portal snapshot,2026-09-21T12:12:02Z
woodstock-il-pd,Woodstock IL PD,Woodstock,IL,university-of-illinois-chicago-il-pd,University of Illinois - Chicago IL PD,,IL,owner_grants_access_to_agency,https://transparency.flocksafety.com/woodstock-il-pd,EyesOnFlock transparency-portal snapshot,2026-09-21T12:12:02Z
woodstock-il-pd,Woodstock IL PD,Woodstock,IL,west-chicago-il-pd,West Chicago IL PD,West Chicago,IL,owner_grants_access_to_agency,https://transparency.flocksafety.com/woodstock-il-pd,EyesOnFlock transparency-portal snapshot,2026-09-21T12:12:02Z
wright-city-mo-pd,Wright City MO PD,Wright City,MO,chicago-il-pd,Chicago IL PD,Chicago,IL,owner_grants_access_to_agency,https://transparency.flocksafety.com/wright-city-mo-pd,EyesOnFlock transparency-portal snapshot,2026-09-21T12:12:02Z
wright-city-mo-pd,Wright City MO PD,Wright City,MO,north-chicago-il-pd,North Chicago IL PD,North Chicago,IL,owner_grants_access_to_agency,https://transparency.flocksafety.com/wright-city-mo-pd,EyesOnFlock transparency-portal snapshot,2026-09-21T12:12:02Z
wright-city-mo-pd,Wright City MO PD,Wright City,MO,university-of-illinois-chicago-il-pd,University of Illinois - Chicago IL PD,,IL,owner_grants_access_to_agency,https://transparency.flocksafety.com/wright-city-mo-pd,EyesOnFlock transparency-portal snapshot,2026-09-21T12:12:02Z
wright-city-mo-pd,Wright City MO PD,Wright City,MO,west-chicago-il-pd,West Chicago IL PD,West Chicago,IL,owner_grants_access_to_agency,https://transparency.flocksafety.com/wright-city-mo-pd,EyesOnFlock transparency-portal snapshot,2026-09-21T12:12:02Z
wyoming-mi-pd,Wyoming MI PD,Wyoming,MI,chicago-il-pd,Chicago IL PD,Chicago,IL,owner_grants_access_to_agency,https://transparency.flocksafety.com/wyoming-mi-pd,EyesOnFlock transparency-portal snapshot,2026-09-21T12:12:02Z
wyoming-mi-pd,Wyoming MI PD,Wyoming,MI,university-of-illinois-chicago-il-pd,University of Illinois - Chicago IL PD,,IL,owner_grants_access_to_agency,https://transparency.flocksafety.com/wyoming-mi-pd,EyesOnFlock transparency-portal snapshot,2026-09-21T12:12:02Z
wyoming-mi-pd,Wyoming MI PD,Wyoming,MI,west-chicago-il-pd,West Chicago IL PD,West Chicago,IL,owner_grants_access_to_agency,https://transparency.flocksafety.com/wyoming-mi-pd,EyesOnFlock transparency-portal snapshot,2026-09-21T12:12:02Z
bloomingdale-il-pd,bloomingdale-il-pd,,,chicago-heights-il-pd,Chicago Heights IL PD,Chicago Heights,IL,owner_grants_access_to_agency,,EyesOnFlock transparency-portal snapshot,2026-09-21T12:12:02Z
bloomingdale-il-pd,bloomingdale-il-pd,,,chicago-il-pd,Chicago IL PD,Chicago,IL,owner_grants_access_to_agency,,EyesOnFlock transparency-portal snapshot,2026-09-21T12:12:02Z
bloomingdale-il-pd,bloomingdale-il-pd,,,north-chicago-il-pd,North Chicago IL PD,North Chicago,IL,owner_grants_access_to_agency,,EyesOnFlock transparency-portal snapshot,2026-09-21T12:12:02Z
bloomingdale-il-pd,bloomingdale-il-pd,,,south-chicago-heights-il-pd,South Chicago Heights IL PD,South Chicago Heights,IL,owner_grants_access_to_agency,,EyesOnFlock transparency-portal snapshot,2026-09-21T12:12:02Z
bloomingdale-il-pd,bloomingdale-il-pd,,,university-of-illinois-chicago-il-pd,University of Illinois - Chicago IL PD,,IL,owner_grants_access_to_agency,,EyesOnFlock transparency-portal snapshot,2026-09-21T12:12:02Z
bloomingdale-il-pd,bloomingdale-il-pd,,,west-chicago-il-pd,West Chicago IL PD,West Chicago,IL,owner_grants_access_to_agency,,EyesOnFlock transparency-portal snapshot,2026-09-21T12:12:02Z
delhi-oh-pd,delhi-oh-pd,,,chicago-il-pd,Chicago IL PD,Chicago,IL,owner_grants_access_to_agency,,EyesOnFlock transparency-portal snapshot,2026-09-21T12:12:02Z
delhi-oh-pd,delhi-oh-pd,,,north-chicago-il-pd,North Chicago IL PD,North Chicago,IL,owner_grants_access_to_agency,,EyesOnFlock transparency-portal snapshot,2026-09-21T12:12:02Z
delhi-oh-pd,delhi-oh-pd,,,university-of-illinois-chicago-il-pd,University of Illinois - Chicago IL PD,,IL,owner_grants_access_to_agency,,EyesOnFlock transparency-portal snapshot,2026-09-21T12:12:02Z
delhi-oh-pd,delhi-oh-pd,,,west-chicago-il-pd,West Chicago IL PD,West Chicago,IL,owner_grants_access_to_agency,,EyesOnFlock transparency-portal snapshot,2026-09-21T12:12:02Z
geneseo-il-pd,geneseo-il-pd,,,chicago-heights-il-pd,Chicago Heights IL PD,Chicago Heights,IL,owner_grants_access_to_agency,,EyesOnFlock transparency-portal snapshot,2026-09-21T12:12:02Z
geneseo-il-pd,geneseo-il-pd,,,chicago-il-pd,Chicago IL PD,Chicago,IL,owner_grants_access_to_agency,,EyesOnFlock transparency-portal snapshot,2026-09-21T12:12:02Z
geneseo-il-pd,geneseo-il-pd,,,north-chicago-il-pd,North Chicago IL PD,North Chicago,IL,owner_grants_access_to_agency,,EyesOnFlock transparency-portal snapshot,2026-09-21T12:12:02Z
geneseo-il-pd,geneseo-il-pd,,,university-of-illinois-chicago-il-pd,University of Illinois - Chicago IL PD,,IL,owner_grants_access_to_agency,,EyesOnFlock transparency-portal snapshot,2026-09-21T12:12:02Z
geneseo-il-pd,geneseo-il-pd,,,west-chicago-il-pd,West Chicago IL PD,West Chicago,IL,owner_grants_access_to_agency,,EyesOnFlock transparency-portal snapshot,2026-09-21T12:12:02Z
grand-blanc-mi-pd,grand-blanc-mi-pd,,,chicago-il-pd,Chicago IL PD,Chicago,IL,owner_grants_access_to_agency,,EyesOnFlock transparency-portal snapshot,2026-09-21T12:12:02Z
grand-blanc-mi-pd,grand-blanc-mi-pd,,,university-of-illinois-chicago-il-pd,University of Illinois - Chicago IL PD,,IL,owner_grants_access_to_agency,,EyesOnFlock transparency-portal snapshot,2026-09-21T12:12:02Z
grand-blanc-mi-pd,grand-blanc-mi-pd,,,west-chicago-il-pd,West Chicago IL PD,West Chicago,IL,owner_grants_access_to_agency,,EyesOnFlock transparency-portal snapshot,2026-09-21T12:12:02Z
grandville-mi-pd,grandville-mi-pd,,,chicago-il-pd,Chicago IL PD,Chicago,IL,owner_grants_access_to_agency,,EyesOnFlock transparency-portal snapshot,2026-09-21T12:12:02Z
grandville-mi-pd,grandville-mi-pd,,,university-of-illinois-chicago-il-pd,University of Illinois - Chicago IL PD,,IL,owner_grants_access_to_agency,,EyesOnFlock transparency-portal snapshot,2026-09-21T12:12:02Z
grandville-mi-pd,grandville-mi-pd,,,west-chicago-il-pd,West Chicago IL PD,West Chicago,IL,owner_grants_access_to_agency,,EyesOnFlock transparency-portal snapshot,2026-09-21T12:12:02Z
hamburg-ny-pd,hamburg-ny-pd,,,chicago-il-pd,Chicago IL PD,Chicago,IL,owner_grants_access_to_agency,,EyesOnFlock transparency-portal snapshot,2026-09-21T12:12:02Z
hamburg-ny-pd,hamburg-ny-pd,,,north-chicago-il-pd,North Chicago IL PD,North Chicago,IL,owner_grants_access_to_agency,,EyesOnFlock transparency-portal snapshot,2026-09-21T12:12:02Z
hamburg-ny-pd,hamburg-ny-pd,,,university-of-illinois-chicago-il-pd,University of Illinois - Chicago IL PD,,IL,owner_grants_access_to_agency,,EyesOnFlock transparency-portal snapshot,2026-09-21T12:12:02Z
hamburg-ny-pd,hamburg-ny-pd,,,west-chicago-il-pd,West Chicago IL PD,West Chicago,IL,owner_grants_access_to_agency,,EyesOnFlock transparency-portal snapshot,2026-09-21T12:12:02Z
lafayette-in-pd,lafayette-in-pd,,,chicago-heights-il-pd,Chicago Heights IL PD,Chicago Heights,IL,owner_grants_access_to_agency,,EyesOnFlock transparency-portal snapshot,2026-09-21T12:12:02Z
lafayette-in-pd,lafayette-in-pd,,,chicago-il-pd,Chicago IL PD,Chicago,IL,owner_grants_access_to_agency,,EyesOnFlock transparency-portal snapshot,2026-09-21T12:12:02Z
lafayette-in-pd,lafayette-in-pd,,,north-chicago-il-pd,North Chicago IL PD,North Chicago,IL,owner_grants_access_to_agency,,EyesOnFlock transparency-portal snapshot,2026-09-21T12:12:02Z
lafayette-in-pd,lafayette-in-pd,,,south-chicago-heights-il-pd,South Chicago Heights IL PD,South Chicago Heights,IL,owner_grants_access_to_agency,,EyesOnFlock transparency-portal snapshot,2026-09-21T12:12:02Z
lafayette-in-pd,lafayette-in-pd,,,university-of-illinois-chicago-il-pd,University of Illinois - Chicago IL PD,,IL,owner_grants_access_to_agency,,EyesOnFlock transparency-portal snapshot,2026-09-21T12:12:02Z
lafayette-in-pd,lafayette-in-pd,,,west-chicago-il-pd,West Chicago IL PD,West Chicago,IL,owner_grants_access_to_agency,,EyesOnFlock transparency-portal snapshot,2026-09-21T12:12:02Z
lake-bluff-il-pd,lake-bluff-il-pd,,,north-chicago-il-pd,North Chicago IL PD,North Chicago,IL,owner_grants_access_to_agency,,EyesOnFlock transparency-portal snapshot,2026-09-21T12:12:02Z
milford-oh-pd,milford-oh-pd,,,chicago-il-pd,Chicago IL PD,Chicago,IL,owner_grants_access_to_agency,,EyesOnFlock transparency-portal snapshot,2026-09-21T12:12:02Z
milford-oh-pd,milford-oh-pd,,,north-chicago-il-pd,North Chicago IL PD,North Chicago,IL,owner_grants_access_to_agency,,EyesOnFlock transparency-portal snapshot,2026-09-21T12:12:02Z
paxton-il-pd,paxton-il-pd,,,chicago-heights-il-pd,Chicago Heights IL PD,Chicago Heights,IL,owner_grants_access_to_agency,,EyesOnFlock transparency-portal snapshot,2026-09-21T12:12:02Z
paxton-il-pd,paxton-il-pd,,,chicago-il-pd,Chicago IL PD,Chicago,IL,owner_grants_access_to_agency,,EyesOnFlock transparency-portal snapshot,2026-09-21T12:12:02Z
paxton-il-pd,paxton-il-pd,,,north-chicago-il-pd,North Chicago IL PD,North Chicago,IL,owner_grants_access_to_agency,,EyesOnFlock transparency-portal snapshot,2026-09-21T12:12:02Z
paxton-il-pd,paxton-il-pd,,,university-of-illinois-chicago-il-pd,University of Illinois - Chicago IL PD,,IL,owner_grants_access_to_agency,,EyesOnFlock transparency-portal snapshot,2026-09-21T12:12:02Z
paxton-il-pd,paxton-il-pd,,,west-chicago-il-pd,West Chicago IL PD,West Chicago,IL,owner_grants_access_to_agency,,EyesOnFlock transparency-portal snapshot,2026-09-21T12:12:02Z
pingree-grove-il-pd,pingree-grove-il-pd,,,chicago-heights-il-pd,Chicago Heights IL PD,Chicago Heights,IL,owner_grants_access_to_agency,,EyesOnFlock transparency-portal snapshot,2026-09-21T12:12:02Z
pingree-grove-il-pd,pingree-grove-il-pd,,,chicago-il-pd,Chicago IL PD,Chicago,IL,owner_grants_access_to_agency,,EyesOnFlock transparency-portal snapshot,2026-09-21T12:12:02Z
pingree-grove-il-pd,pingree-grove-il-pd,,,university-of-illinois-chicago-il-pd,University of Illinois - Chicago IL PD,,IL,owner_grants_access_to_agency,,EyesOnFlock transparency-portal snapshot,2026-09-21T12:12:02Z
pingree-grove-il-pd,pingree-grove-il-pd,,,west-chicago-il-pd,West Chicago IL PD,West Chicago,IL,owner_grants_access_to_agency,,EyesOnFlock transparency-portal snapshot,2026-09-21T12:12:02Z
river-grove-il-pd,river-grove-il-pd,,,chicago-heights-il-pd,Chicago Heights IL PD,Chicago Heights,IL,owner_grants_access_to_agency,,EyesOnFlock transparency-portal snapshot,2026-09-21T12:12:02Z
river-grove-il-pd,river-grove-il-pd,,,chicago-il-pd,Chicago IL PD,Chicago,IL,owner_grants_access_to_agency,,EyesOnFlock transparency-portal snapshot,2026-09-21T12:12:02Z
river-grove-il-pd,river-grove-il-pd,,,north-chicago-il-pd,North Chicago IL PD,North Chicago,IL,owner_grants_access_to_agency,,EyesOnFlock transparency-portal snapshot,2026-09-21T12:12:02Z
river-grove-il-pd,river-grove-il-pd,,,south-chicago-heights-il-pd,South Chicago Heights IL PD,South Chicago Heights,IL,owner_grants_access_to_agency,,EyesOnFlock transparency-portal snapshot,2026-09-21T12:12:02Z
river-grove-il-pd,river-grove-il-pd,,,university-of-illinois-chicago-il-pd,University of Illinois - Chicago IL PD,,IL,owner_grants_access_to_agency,,EyesOnFlock transparency-portal snapshot,2026-09-21T12:12:02Z
river-grove-il-pd,river-grove-il-pd,,,west-chicago-il-pd,West Chicago IL PD,West Chicago,IL,owner_grants_access_to_agency,,EyesOnFlock transparency-portal snapshot,2026-09-21T12:12:02Z
roselle-il-pd,roselle-il-pd,,,chicago-heights-il-pd,Chicago Heights IL PD,Chicago Heights,IL,owner_grants_access_to_agency,,EyesOnFlock transparency-portal snapshot,2026-09-21T12:12:02Z
roselle-il-pd,roselle-il-pd,,,chicago-il-pd,Chicago IL PD,Chicago,IL,owner_grants_access_to_agency,,EyesOnFlock transparency-portal snapshot,2026-09-21T12:12:02Z
roselle-il-pd,roselle-il-pd,,,north-chicago-il-pd,North Chicago IL PD,North Chicago,IL,owner_grants_access_to_agency,,EyesOnFlock transparency-portal snapshot,2026-09-21T12:12:02Z
roselle-il-pd,roselle-il-pd,,,south-chicago-heights-il-pd,South Chicago Heights IL PD,South Chicago Heights,IL,owner_grants_access_to_agency,,EyesOnFlock transparency-portal snapshot,2026-09-21T12:12:02Z
roselle-il-pd,roselle-il-pd,,,university-of-illinois-chicago-il-pd,University of Illinois - Chicago IL PD,,IL,owner_grants_access_to_agency,,EyesOnFlock transparency-portal snapshot,2026-09-21T12:12:02Z
roselle-il-pd,roselle-il-pd,,,west-chicago-il-pd,West Chicago IL PD,West Chicago,IL,owner_grants_access_to_agency,,EyesOnFlock transparency-portal snapshot,2026-09-21T12:12:02Z
vanderburgh-county-in-so,vanderburgh-county-in-so,,,chicago-heights-il-pd,Chicago Heights IL PD,Chicago Heights,IL,owner_grants_access_to_agency,,EyesOnFlock transparency-portal snapshot,2026-09-21T12:12:02Z
vanderburgh-county-in-so,vanderburgh-county-in-so,,,chicago-il-pd,Chicago IL PD,Chicago,IL,owner_grants_access_to_agency,,EyesOnFlock transparency-portal snapshot,2026-09-21T12:12:02Z
vanderburgh-county-in-so,vanderburgh-county-in-so,,,north-chicago-il-pd,North Chicago IL PD,North Chicago,IL,owner_grants_access_to_agency,,EyesOnFlock transparency-portal snapshot,2026-09-21T12:12:02Z
vanderburgh-county-in-so,vanderburgh-county-in-so,,,university-of-illinois-chicago-il-pd,University of Illinois - Chicago IL PD,,IL,owner_grants_access_to_agency,,EyesOnFlock transparency-portal snapshot,2026-09-21T12:12:02Z
vanderburgh-county-in-so,vanderburgh-county-in-so,,,west-chicago-il-pd,West Chicago IL PD,West Chicago,IL,owner_grants_access_to_agency,,EyesOnFlock transparency-portal snapshot,2026-09-21T12:12:02Z
warrick-county-in-so,warrick-county-in-so,,,chicago-heights-il-pd,Chicago Heights IL PD,Chicago Heights,IL,owner_grants_access_to_agency,,EyesOnFlock transparency-portal snapshot,2026-09-21T12:12:02Z
warrick-county-in-so,warrick-county-in-so,,,chicago-il-pd,Chicago IL PD,Chicago,IL,owner_grants_access_to_agency,,EyesOnFlock transparency-portal snapshot,2026-09-21T12:12:02Z
warrick-county-in-so,warrick-county-in-so,,,north-chicago-il-pd,North Chicago IL PD,North Chicago,IL,owner_grants_access_to_agency,,EyesOnFlock transparency-portal snapshot,2026-09-21T12:12:02Z
warrick-county-in-so,warrick-county-in-so,,,university-of-illinois-chicago-il-pd,University of Illinois - Chicago IL PD,,IL,owner_grants_access_to_agency,,EyesOnFlock transparency-portal snapshot,2026-09-21T12:12:02Z
warrick-county-in-so,warrick-county-in-so,,,west-chicago-il-pd,West Chicago IL PD,West Chicago,IL,owner_grants_access_to_agency,,EyesOnFlock transparency-portal snapshot,2026-09-21T12:12:02Z
willard-oh-pd,willard-oh-pd,,,chicago-il-pd,Chicago IL PD,Chicago,IL,owner_grants_access_to_agency,,EyesOnFlock transparency-portal snapshot,2026-09-21T12:12:02Z
willard-oh-pd,willard-oh-pd,,,north-chicago-il-pd,North Chicago IL PD,North Chicago,IL,owner_grants_access_to_agency,,EyesOnFlock transparency-portal snapshot,2026-09-21T12:12:02Z
willard-oh-pd,willard-oh-pd,,,west-chicago-il-pd,West Chicago IL PD,West Chicago,IL,owner_grants_access_to_agency,,EyesOnFlock transparency-portal snapshot,2026-09-21T12:12:02Z
