slug,agency,city,state,is_portal,portal_url,connection_count,latitude,longitude
gulf-shores-al-pd,Gulf Shores AL PD,Gulf Shores,AL,True,https://transparency.flocksafety.com/gulf-shores-al-pd,55,30.2758,-87.7013
hartselle-al-pd,Hartselle AL PD,Hartselle,AL,True,https://transparency.flocksafety.com/hartselle-al-pd,2027,34.4404,-86.9404
huntsville-airport-al-pd,Huntsville Airport AL PD,Huntsville Airport,AL,True,https://transparency.flocksafety.com/huntsville-airport-al-pd,250,34.6377,-86.7768
jemison-al-pd,Jemison AL PD,Jemison,AL,True,https://transparency.flocksafety.com/jemison-al-pd,100,32.9707,-86.7331
margaret-al-pd,Margaret AL PD,Margaret,AL,True,https://transparency.flocksafety.com/margaret-al-pd,237,33.6729,-86.4639
morgan-county-al-so,Morgan County AL SO,Morgan County,AL,True,https://transparency.flocksafety.com/morgan-county-al-so,2015,34.4545,-86.8464
moundville-al-pd,Moundville AL PD,Moundville,AL,True,https://transparency.flocksafety.com/moundville-al-pd,285,32.9965,-87.6275
red-bay-al-pd,Red Bay AL PD,Red Bay,AL,True,https://transparency.flocksafety.com/red-bay-al-pd,288,34.4361,-88.1365
al-troy-university-insight-,Troy University AL PD,,AL,True,https://transparency.flocksafety.com/al-troy-university-insight-,203,31.8026,-85.9572
barling-ar-pd,Barling AR PD,Barling,AR,True,https://transparency.flocksafety.com/barling-ar-pd,43,35.3313,-94.2752
bentonville-ar-pd,Bentonville AR PD,Bentonville,AR,True,https://transparency.flocksafety.com/bentonville-ar-pd,50,36.3527,-94.2312
bryant-ar-pd,Bryant AR PD,Bryant,AR,True,https://transparency.flocksafety.com/bryant-ar-pd,1070,34.6151,-92.4913
cabot-ar-pd,Cabot AR PD,Cabot,AR,True,https://transparency.flocksafety.com/cabot-ar-pd,190,34.9751,-92.0283
centerton-ar-pd,Centerton AR PD,Centerton,AR,True,https://transparency.flocksafety.com/centerton-ar-pd,78,36.3551,-94.2977
conway-ar-pd,Conway AR PD,Conway,AR,True,https://transparency.flocksafety.com/conway-ar-pd,91,35.0744,-92.467
fort-smith-ar-pd,Fort Smith AR PD,Fort Smith,AR,True,https://transparency.flocksafety.com/fort-smith-ar-pd,13,35.3493,-94.3709
greenwood-ar-pd,Greenwood AR PD,Greenwood,AR,True,https://transparency.flocksafety.com/greenwood-ar-pd,51,35.2269,-94.2764
jacksonville-ar-pd,Jacksonville AR PD,Jacksonville,AR,True,https://transparency.flocksafety.com/jacksonville-ar-pd,1094,34.8805,-92.1306
little-rock-ar-pd,Little Rock AR PD,Little Rock,AR,True,https://transparency.flocksafety.com/little-rock-ar-pd,174,34.7254,-92.3586
lonoke-county-ar-so,Lonoke County AR SO,Lonoke County,AR,True,https://transparency.flocksafety.com/lonoke-county-ar-so,918,34.7905,-91.9074
marshall-ar-pd,Marshall AR PD,Marshall,AR,True,https://transparency.flocksafety.com/marshall-ar-pd,36,35.9085,-92.6465
morrilton-ar-pd,Morrilton AR PD,Morrilton,AR,True,https://transparency.flocksafety.com/morrilton-ar-pd,96,35.1555,-92.7389
pea-ridge-ar-pd,Pea Ridge AR PD,Pea Ridge,AR,True,https://transparency.flocksafety.com/pea-ridge-ar-pd,216,36.4528,-94.1259
russellville-ar-pd,Russellville AR PD,Russellville,AR,True,https://transparency.flocksafety.com/russellville-ar-pd,171,35.2763,-93.1387
sherwood-ar-pd,Sherwood AR PD,Sherwood,AR,True,https://transparency.flocksafety.com/sherwood-ar-pd,1711,34.852,-92.2045
siloam-springs-ar-pd,Siloam Springs AR PD,Siloam Springs,AR,True,https://transparency.flocksafety.com/siloam-springs-ar-pd,140,36.1846,-94.5315
springdale-ar-pd,Springdale AR PD,Springdale,AR,True,https://transparency.flocksafety.com/springdale-ar-pd,48,36.1914,-94.1551
texarkana-ar-pd,Texarkana AR PD,Texarkana,AR,True,https://transparency.flocksafety.com/texarkana-ar-pd,60,33.4363,-93.9871
apache-junction-az-pd,Apache Junction AZ PD,Apache Junction,AZ,True,https://transparency.flocksafety.com/apache-junction-az-pd,14,33.3828,-111.5405
buckeye-az-pd,Buckeye AZ PD,Buckeye,AZ,True,https://transparency.flocksafety.com/buckeye-az-pd,16,33.4316,-112.6416
casa-grande-az-pd,Casa Grande AZ PD,Casa Grande,AZ,True,https://transparency.flocksafety.com/casa-grande-az-pd,193,32.9069,-111.7635
chino-valley-az-pd,Chino Valley AZ PD,Chino Valley,AZ,True,https://transparency.flocksafety.com/chino-valley-az-pd,12,34.7399,-112.4061
coconino-az-so,Coconino AZ SO,Coconino,AZ,True,https://transparency.flocksafety.com/coconino-az-so,14,35.8297,-111.7737
el-mirage-az-pd,El Mirage AZ PD,El Mirage,AZ,True,https://transparency.flocksafety.com/el-mirage-az-pd,7,33.5902,-112.3271
flagstaff-az-pd,Flagstaff AZ PD,Flagstaff,AZ,True,https://transparency.flocksafety.com/flagstaff-az-pd,8,35.1852,-111.6207
florence-az-pd,Florence AZ PD,Florence,AZ,True,https://transparency.flocksafety.com/florence-az-pd,67,33.0694,-111.414
goodyear-az-pd,Goodyear AZ PD,Goodyear,AZ,True,https://transparency.flocksafety.com/goodyear-az-pd,125,33.254,-112.3665
lake-havasu-city-az-pd,Lake Havasu City AZ PD,Lake Havasu City,AZ,True,https://transparency.flocksafety.com/lake-havasu-city-az-pd,70,34.4998,-114.3109
maricopa-az-pd,Maricopa AZ PD,Maricopa,AZ,True,https://transparency.flocksafety.com/maricopa-az-pd,67,33.0419,-111.9993
oro-valley-az-pd,Oro Valley AZ PD,Oro Valley,AZ,True,https://transparency.flocksafety.com/oro-valley-az-pd,70,32.4207,-110.977
page-az-pd,Page AZ PD,Page,AZ,True,https://transparency.flocksafety.com/page-az-pd,51,36.9418,-111.5133
payson-az-pd,Payson AZ PD,Payson,AZ,True,https://transparency.flocksafety.com/payson-az-pd,88,34.2438,-111.319
city-of-peoria-pd,Peoria AZ PD,Peoria,AZ,True,https://transparency.flocksafety.com/city-of-peoria-pd,0,33.7862,-112.308
prescott-az-pd,Prescott AZ PD,Prescott,AZ,True,https://transparency.flocksafety.com/prescott-az-pd,194,34.5922,-112.4467
prescott-valley-az-pd,Prescott Valley AZ PD,Prescott Valley,AZ,True,https://transparency.flocksafety.com/prescott-valley-az-pd,32,34.5979,-112.3185
safford-az-pd,Safford AZ PD,Safford,AZ,True,https://transparency.flocksafety.com/safford-az-pd,11,32.8333,-109.6974
south-tucson-az-pd,South Tucson AZ PD,South Tucson,AZ,True,https://transparency.flocksafety.com/south-tucson-az-pd,10,32.1955,-110.9692
saint-johns-az-pd,St. Johns AZ PD,St. Johns,AZ,True,https://transparency.flocksafety.com/saint-johns-az-pd,0,34.5004,-109.3769
tempe-az-pd,Tempe AZ PD,Tempe,AZ,True,https://transparency.flocksafety.com/tempe-az-pd,12,33.3884,-111.9318
thatcher-az-pd,Thatcher AZ PD,Thatcher,AZ,True,https://transparency.flocksafety.com/thatcher-az-pd,15,32.8127,-109.7665
tucson-az-pd,Tucson AZ PD,Tucson,AZ,True,https://transparency.flocksafety.com/tucson-az-pd,0,32.153,-110.8708
university-of-arizona-campus-az-pd,University Of Arizona AZ PD,,AZ,True,https://transparency.flocksafety.com/university-of-arizona-campus-az-pd,63,32.2339,-110.9481
alameda-ca-pd,Alameda CA PD,Alameda,CA,True,https://transparency.flocksafety.com/alameda-ca-pd,92,37.7419,-122.2599
alameda-county-ca-so,Alameda County CA SO,Alameda County,CA,True,https://transparency.flocksafety.com/alameda-county-ca-so,198,37.7419,-122.2599
albany-ca-pd,Albany CA PD,Albany,CA,True,https://transparency.flocksafety.com/albany-ca-pd,106,37.8907,-122.3181
alhambra-ca-pd,Alhambra CA PD,Alhambra,CA,True,https://transparency.flocksafety.com/alhambra-ca-pd,330,34.0836,-118.1364
antioch-ca-pd,Antioch CA PD,Antioch,CA,True,https://transparency.flocksafety.com/antioch-ca-pd,286,37.9783,-121.7961
arcadia-ca-pd,Arcadia CA PD,Arcadia,CA,True,https://transparency.flocksafety.com/arcadia-ca-pd,179,34.1327,-118.0363
atherton-ca-pd,Atherton CA PD,Atherton,CA,True,https://transparency.flocksafety.com/atherton-ca-pd,311,37.4571,-122.2011
auburn-ca-pd,Auburn CA PD,Auburn,CA,True,https://transparency.flocksafety.com/auburn-ca-pd,321,38.8951,-121.0767
bakersfield-ca-pd,Bakersfield CA PD,Bakersfield,CA,True,https://transparency.flocksafety.com/bakersfield-ca-pd,371,35.3532,-119.0379
baldwin-park-ca-pd,Baldwin Park CA PD,Baldwin Park,CA,True,https://transparency.flocksafety.com/baldwin-park-ca-pd,323,34.0828,-117.9713
barstow-ca-pd,Barstow CA PD,Barstow,CA,True,https://transparency.flocksafety.com/barstow-ca-pd,322,34.867,-117.043
beaumont-ca-pd,Beaumont CA PD,Beaumont,CA,True,https://transparency.flocksafety.com/beaumont-ca-pd,321,33.8767,-116.953
bell-ca-pd,Bell CA PD,Bell,CA,True,https://transparency.flocksafety.com/bell-ca-pd,356,33.9797,-118.1792
bell-gardens-ca-pd,Bell Gardens CA PD,Bell Gardens,CA,True,https://transparency.flocksafety.com/bell-gardens-ca-pd,121,33.9644,-118.1544
belmont-ca-pd,Belmont CA PD,Belmont,CA,True,https://transparency.flocksafety.com/belmont-ca-pd,141,37.5144,-122.2945
belvedere-ca-pd,Belvedere CA PD,Belvedere,CA,True,https://transparency.flocksafety.com/belvedere-ca-pd,146,37.8736,-122.471
benicia-ca-pd,Benicia CA PD,Benicia,CA,True,https://transparency.flocksafety.com/benicia-ca-pd,194,38.0727,-122.1552
berkeley-ca-pd,Berkeley CA PD,Berkeley,CA,True,https://transparency.flocksafety.com/berkeley-ca-pd,171,37.8657,-122.2987
beverly-hills-ca-pd,Beverly Hills CA PD,Beverly Hills,CA,True,https://transparency.flocksafety.com/beverly-hills-ca-pd,316,34.0792,-118.4024
brawley-ca-pd,Brawley CA PD,Brawley,CA,True,https://transparency.flocksafety.com/brawley-ca-pd,335,32.9785,-115.5286
brisbane-ca-pd,Brisbane CA PD,Brisbane,CA,True,https://transparency.flocksafety.com/brisbane-ca-pd,145,37.6758,-122.3833
buena-park-ca-pd,Buena Park CA PD,Buena Park,CA,True,https://transparency.flocksafety.com/buena-park-ca-pd,333,33.8574,-118.0074
burbank-ca-pd,Burbank CA PD,Burbank,CA,True,https://transparency.flocksafety.com/burbank-ca-pd,363,34.1901,-118.3264
burlingame-ca-pd,Burlingame CA PD,Burlingame,CA,True,https://transparency.flocksafety.com/burlingame-ca-pd,97,37.59,-122.3633
butte-county-ca-so,Butte County CA SO,Butte County,CA,True,https://transparency.flocksafety.com/butte-county-ca-so,305,39.6653,-121.6032
cal-maritime-ca,Cal Maritime Academy CA PD,Cal Maritime Academy,CA,True,https://transparency.flocksafety.com/cal-maritime-ca,1,38.069,-122.2303
cal-poly-ca-pd,Cal Poly CA PD,Cal Poly,CA,True,https://transparency.flocksafety.com/cal-poly-ca-pd,0,35.3027,-120.6666
calistoga-ca-pd,Calistoga CA PD,Calistoga,CA,True,https://transparency.flocksafety.com/calistoga-ca-pd,380,38.5814,-122.5827
campbell-ca-pd,Campbell CA PD,Campbell,CA,True,https://transparency.flocksafety.com/campbell-ca-pd,335,37.2802,-121.9533
capitola-ca-pd,Capitola CA PD,Capitola,CA,True,https://transparency.flocksafety.com/capitola-ca-pd,145,36.9761,-121.954
carmel-ca-pd,Carmel CA PD,Carmel,CA,True,https://transparency.flocksafety.com/carmel-ca-pd,136,36.5552,-121.9233
cathedral-city-ca-pd,Cathedral City CA PD,Cathedral City,CA,True,https://transparency.flocksafety.com/cathedral-city-ca-pd,259,33.8355,-116.4631
chula-vista-ca-pd,Chula Vista CA PD,Chula Vista,CA,True,https://transparency.flocksafety.com/chula-vista-ca-pd,328,32.6277,-117.0152
citrus-heights-ca-pd,Citrus Heights CA PD,Citrus Heights,CA,True,https://transparency.flocksafety.com/citrus-heights-ca-pd,376,38.6948,-121.288
city-of-half-moon-bay-smcso-,City of Half Moon Bay (SMCSO) County CA SO,City of Half Moon Bay (SMCSO) County,CA,True,https://transparency.flocksafety.com/city-of-half-moon-bay-smcso-,279,37.4636,-122.4286
city-of-riverside-ca-pd-,City of Riverside CA PD,City of Riverside,CA,True,https://transparency.flocksafety.com/city-of-riverside-ca-pd-,334,33.9825,-117.3758
claremont-ca-pd,Claremont CA PD,Claremont,CA,True,https://transparency.flocksafety.com/claremont-ca-pd,248,34.1249,-117.7139
clearlake-ca-pd,Clearlake CA PD,Clearlake,CA,True,https://transparency.flocksafety.com/clearlake-ca-pd,167,38.96,-122.6332
cloverdale-ca-pd,Cloverdale CA PD,Cloverdale,CA,True,https://transparency.flocksafety.com/cloverdale-ca-pd,229,38.7948,-123.0147
colma-ca-pd,Colma CA PD,Colma,CA,True,https://transparency.flocksafety.com/colma-ca-pd,341,37.6767,-122.4528
colton-ca-pd-,Colton CA PD,Colton,CA,True,https://transparency.flocksafety.com/colton-ca-pd-,329,34.0545,-117.325
contra-costa-county-ca-so,Contra Costa County CA SO,Contra Costa County,CA,True,https://transparency.flocksafety.com/contra-costa-county-ca-so,340,37.9195,-121.9515
corona-ca-pd,Corona CA PD,Corona,CA,True,https://transparency.flocksafety.com/corona-ca-pd,345,33.862,-117.5655
coronado-ca-pd,Coronado CA PD,Coronado,CA,True,https://transparency.flocksafety.com/coronado-ca-pd,310,32.6576,-117.1565
costa-mesa-ca-pd,Costa Mesa CA PD,Costa Mesa,CA,True,https://transparency.flocksafety.com/costa-mesa-ca-pd,347,33.6659,-117.9123
covina-ca-pd,Covina CA PD,Covina,CA,True,https://transparency.flocksafety.com/covina-ca-pd,293,34.0905,-117.8821
culver-city-ca-pd,Culver City CA PD,Culver City,CA,True,https://transparency.flocksafety.com/culver-city-ca-pd,120,34.0058,-118.3968
danville-ca-pd,Danville CA PD,Danville,CA,True,https://transparency.flocksafety.com/danville-ca-pd,367,37.8121,-121.9698
delano-ca-pd,Delano CA PD,Delano,CA,True,https://transparency.flocksafety.com/delano-ca-pd,355,35.7664,-119.2642
desert-hot-springs-ca-pd,Desert Hot Springs CA PD,Desert Hot Springs,CA,True,https://transparency.flocksafety.com/desert-hot-springs-ca-pd,324,33.9576,-116.5423
dinuba-ca-pd,Dinuba CA PD,Dinuba,CA,True,https://transparency.flocksafety.com/dinuba-ca-pd,291,36.5451,-119.3988
dixon-ca-pd,Dixon CA PD,Dixon,CA,True,https://transparency.flocksafety.com/dixon-ca-pd,355,38.4475,-121.8242
dublin-ca-pd-acso,Dublin CA PD,Dublin,CA,True,https://transparency.flocksafety.com/dublin-ca-pd-acso,304,37.7161,-121.8962
east-palo-alto-ca-pd,East Palo Alto CA PD,East Palo Alto,CA,True,https://transparency.flocksafety.com/east-palo-alto-ca-pd,320,37.4678,-122.1325
-el-cajon-pd-ca,El Cajon CA PD,El Cajon,CA,True,https://transparency.flocksafety.com/-el-cajon-pd-ca,856,32.8017,-116.9605
el-cerrito-ca-pd,El Cerrito CA PD,El Cerrito,CA,True,https://transparency.flocksafety.com/el-cerrito-ca-pd,320,37.9196,-122.3025
el-segundo-ca-pd,El Segundo CA PD,El Segundo,CA,True,https://transparency.flocksafety.com/el-segundo-ca-pd,314,33.9104,-118.4251
emeryville-ca-pd,Emeryville CA PD,Emeryville,CA,True,https://transparency.flocksafety.com/emeryville-ca-pd,292,37.8385,-122.3017
escondido-ca-pd,Escondido CA PD,Escondido,CA,True,https://transparency.flocksafety.com/escondido-ca-pd,322,33.1331,-117.074
fairfield-ca-pd,Fairfield CA PD,Fairfield,CA,True,https://transparency.flocksafety.com/fairfield-ca-pd,441,38.2621,-122.0324
folsom-ca-pd,Folsom CA PD,Folsom,CA,True,https://transparency.flocksafety.com/folsom-ca-pd,235,38.6666,-121.1416
fontana-ca-pd,Fontana CA PD,Fontana,CA,True,https://transparency.flocksafety.com/fontana-ca-pd,342,34.1097,-117.4629
foothilldeanza-ca-pd,Foothill-DeAnza CA PD,Foothill-DeAnza,CA,True,https://transparency.flocksafety.com/foothilldeanza-ca-pd,137,37.3588,-122.1283
fort-bragg-ca-pd,Fort Bragg CA PD,Fort Bragg,CA,True,https://transparency.flocksafety.com/fort-bragg-ca-pd,314,39.4398,-123.8018
foster-city-ca-pd,Foster CA PD,Foster,CA,True,https://transparency.flocksafety.com/foster-city-ca-pd,13,41.2538,-122.9589
fountain-valley-ca-pd,Fountain Valley CA PD,Fountain Valley,CA,True,https://transparency.flocksafety.com/fountain-valley-ca-pd,303,33.7106,-117.9511
fremont-ca-pd,Fremont CA PD,Fremont,CA,True,https://transparency.flocksafety.com/fremont-ca-pd,369,37.4945,-121.9411
fullerton-ca-pd,Fullerton CA PD,Fullerton,CA,True,https://transparency.flocksafety.com/fullerton-ca-pd,339,33.8857,-117.928
galt-ca-pd,Galt CA PD,Galt,CA,True,https://transparency.flocksafety.com/galt-ca-pd,328,38.2685,-121.299
garden-grove-ca-pd,Garden Grove CA PD,Garden Grove,CA,True,https://transparency.flocksafety.com/garden-grove-ca-pd,321,33.7788,-117.9605
gilroy-ca-pd,Gilroy CA PD,Gilroy,CA,True,https://transparency.flocksafety.com/gilroy-ca-pd,350,37.0064,-121.5853
glendale-ca-pd,Glendale CA PD,Glendale,CA,True,https://transparency.flocksafety.com/glendale-ca-pd,326,34.1814,-118.2458
grass-valley-ca-pd,Grass Valley CA PD,Grass Valley,CA,True,https://transparency.flocksafety.com/grass-valley-ca-pd,5,39.2203,-121.0527
greenfield-ca-pd,Greenfield CA PD,Greenfield,CA,True,https://transparency.flocksafety.com/greenfield-ca-pd,359,36.324,-121.2437
grover-beach-ca-pd,Grover Beach CA PD,Grover Beach,CA,True,https://transparency.flocksafety.com/grover-beach-ca-pd,330,35.1209,-120.6197
hanford-ca-pd,Hanford CA PD,Hanford,CA,True,https://transparency.flocksafety.com/hanford-ca-pd,351,36.3277,-119.6546
hayward-ca-pd,Hayward CA PD,Hayward,CA,True,https://transparency.flocksafety.com/hayward-ca-pd,156,37.6268,-122.104
healdsburg-ca-pd,Healdsburg CA PD,Healdsburg,CA,True,https://transparency.flocksafety.com/healdsburg-ca-pd,61,38.6225,-122.8651
hemet-ca-pd-,Hemet CA PD,Hemet,CA,True,https://transparency.flocksafety.com/hemet-ca-pd-,370,33.7341,-116.9968
hercules-ca-pd,Hercules CA PD,Hercules,CA,True,https://transparency.flocksafety.com/hercules-ca-pd,349,38.0214,-122.2889
hillsborough-ca-pd,Hillsborough CA PD,Hillsborough,CA,True,https://transparency.flocksafety.com/hillsborough-ca-pd,311,37.5572,-122.3585
hollister-ca-pd,Hollister CA PD,Hollister,CA,True,https://transparency.flocksafety.com/hollister-ca-pd,329,36.8556,-121.3986
humboldt-county-ca-so,Humboldt County CA SO,Humboldt County,CA,True,https://transparency.flocksafety.com/humboldt-county-ca-so,152,40.7067,-123.9262
indio-ca-pd,Indio CA PD,Indio,CA,True,https://transparency.flocksafety.com/indio-ca-pd,319,33.7316,-116.236
kensington-ca-pd,Kensington CA PD,Kensington,CA,True,https://transparency.flocksafety.com/kensington-ca-pd,48,37.9051,-122.2842
kern-county-ca-so-,Kern County CA SO,Kern County,CA,True,https://transparency.flocksafety.com/kern-county-ca-so-,342,35.3466,-118.7295
kings-county-ca-das-office,Kings County CA PD,Kings County,CA,True,https://transparency.flocksafety.com/kings-county-ca-das-office,269,36.0725,-119.8155
kings-county-sheriffs-office-ca-,Kings County CA SO,Kings County,CA,True,https://transparency.flocksafety.com/kings-county-sheriffs-office-ca-,326,36.0725,-119.8155
kingsburg-ca-pd,Kingsburg CA PD,Kingsburg,CA,True,https://transparency.flocksafety.com/kingsburg-ca-pd,239,36.5252,-119.5666
la-mesa-ca-pd,La Mesa CA PD,La Mesa,CA,True,https://transparency.flocksafety.com/la-mesa-ca-pd,343,32.7695,-117.0219
la-verne-ca-pd,La Verne CA PD,La Verne,CA,True,https://transparency.flocksafety.com/la-verne-ca-pd,331,34.1205,-117.7699
lake-county-ca-so,Lake County CA SO,Lake County,CA,True,https://transparency.flocksafety.com/lake-county-ca-so,334,39.108,-122.7452
lakeshore-homes-association-ca-,Lakeshore Homes Assoc. CA PD,Lakeshore Homes Assoc.,CA,True,https://transparency.flocksafety.com/lakeshore-homes-association-ca-,9,37.8077,-122.2303
lassen-county-so-ca,Lassen County CA SO,Lassen County,CA,True,https://transparency.flocksafety.com/lassen-county-so-ca,176,40.7153,-120.6212
lathrop-ca-pd-,Lathrop CA PD,Lathrop,CA,True,https://transparency.flocksafety.com/lathrop-ca-pd-,320,37.8087,-121.3178
city-of-lemoore-ca,Lemoore CA PD,Lemoore,CA,True,https://transparency.flocksafety.com/city-of-lemoore-ca,275,36.2944,-119.7983
lincoln-ca-pd,Lincoln CA PD,Lincoln,CA,True,https://transparency.flocksafety.com/lincoln-ca-pd,360,38.8745,-121.2929
livermore-ca-pd,Livermore CA PD,Livermore,CA,True,https://transparency.flocksafety.com/livermore-ca-pd,352,37.687,-121.7598
livingston-ca-pd,Livingston CA PD,Livingston,CA,True,https://transparency.flocksafety.com/livingston-ca-pd,120,37.3873,-120.7249
lodi-ca-pd,Lodi CA PD,Lodi,CA,True,https://transparency.flocksafety.com/lodi-ca-pd,386,38.1216,-121.2908
lompoc-ca-pd,Lompoc CA PD,Lompoc,CA,True,https://transparency.flocksafety.com/lompoc-ca-pd,147,34.6627,-120.4708
los-altos-ca-pd,Los Altos CA PD,Los Altos,CA,True,https://transparency.flocksafety.com/los-altos-ca-pd,168,37.3684,-122.0966
los-gatos-ca-pd,Los Gatos CA PD,Los Gatos,CA,True,https://transparency.flocksafety.com/los-gatos-ca-pd,16,37.2299,-121.9568
madera-ca-pd,Madera CA PD,Madera,CA,True,https://transparency.flocksafety.com/madera-ca-pd,256,36.9658,-120.0862
mammoth-lakes-ca-pd,Mammoth Lakes CA PD,Mammoth Lakes,CA,True,https://transparency.flocksafety.com/mammoth-lakes-ca-pd,14,37.6244,-118.9884
manteca-ca-pd,Manteca CA PD,Manteca,CA,True,https://transparency.flocksafety.com/manteca-ca-pd,377,37.7928,-121.2261
marin-county-ca-so,Marin County CA SO,Marin County,CA,True,https://transparency.flocksafety.com/marin-county-ca-so,163,38.0514,-122.7464
marina-ca-pd,Marina CA PD,Marina,CA,True,https://transparency.flocksafety.com/marina-ca-pd,309,36.6803,-121.7894
mcfarland-ca-pd,McFarland CA PD,McFarland,CA,True,https://transparency.flocksafety.com/mcfarland-ca-pd,336,35.6673,-119.2307
mendocino-county-soca,Mendocino County CA SO,Mendocino County,CA,True,https://transparency.flocksafety.com/mendocino-county-soca,339,39.4324,-123.4429
menifee-ca-pd,Menifee CA PD,Menifee,CA,True,https://transparency.flocksafety.com/menifee-ca-pd,357,33.6899,-117.1844
menlo-park-ca-pd,Menlo Park CA PD,Menlo Park,CA,True,https://transparency.flocksafety.com/menlo-park-ca-pd,154,37.4797,-122.1481
merced-county-ca-so,Merced County CA SO,Merced County,CA,True,https://transparency.flocksafety.com/merced-county-ca-so,156,37.3057,-120.4779
mill-valley-ca-pd,Mill Valley CA PD,Mill Valley,CA,True,https://transparency.flocksafety.com/mill-valley-ca-pd,141,37.9081,-122.5423
modoc-county-ca-so,Modoc County CA SO,Modoc County,CA,True,https://transparency.flocksafety.com/modoc-county-ca-so,329,41.5929,-120.7184
monrovia-ca-pd,Monrovia CA PD,Monrovia,CA,True,https://transparency.flocksafety.com/monrovia-ca-pd,325,34.164,-117.9846
montclair-ca-pd,Montclair CA PD,Montclair,CA,True,https://transparency.flocksafety.com/montclair-ca-pd,354,34.0715,-117.6981
monte-sereno-ca-pd,Monte Sereno CA PD,Monte Sereno,CA,True,https://transparency.flocksafety.com/monte-sereno-ca-pd,15,37.2404,-121.9882
monterey-ca-pd,Monterey CA PD,Monterey,CA,True,https://transparency.flocksafety.com/monterey-ca-pd,158,36.6012,-121.8831
monterey-park-ca-pd,Monterey Park CA PD,Monterey Park,CA,True,https://transparency.flocksafety.com/monterey-park-ca-pd,231,34.0484,-118.1332
morgan-hill-ca-pd,Morgan Hill CA PD,Morgan Hill,CA,True,https://transparency.flocksafety.com/morgan-hill-ca-pd,163,37.1325,-121.6419
mountain-view-ca-pd,Mountain View CA PD,Mountain View,CA,True,https://transparency.flocksafety.com/mountain-view-ca-pd,1,37.3997,-122.0793
murrieta-ca-pd,Murrieta CA PD,Murrieta,CA,True,https://transparency.flocksafety.com/murrieta-ca-pd,333,33.5721,-117.1904
ncric,NCRIC CA PD,NCRIC,CA,True,https://transparency.flocksafety.com/ncric,0,37.7819,-122.4181
napa-ca-pd,Napa CA PD,Napa,CA,True,https://transparency.flocksafety.com/napa-ca-pd,303,38.2979,-122.3007
napa-county-ca-so,Napa County CA SO,Napa County,CA,True,https://transparency.flocksafety.com/napa-county-ca-so,343,38.2979,-122.3007
national-city-ca-pd,National City CA PD,National City,CA,True,https://transparency.flocksafety.com/national-city-ca-pd,323,32.6659,-117.0974
nevada-county-ca-so,Nevada County CA SO,Nevada County,CA,True,https://transparency.flocksafety.com/nevada-county-ca-so,126,39.2975,-120.7713
newport-beach-pd-ca,Newport Beach CA PD,Newport Beach,CA,True,https://transparency.flocksafety.com/newport-beach-pd-ca,318,33.5973,-117.8904
novato-ca-pd,Novato CA PD,Novato,CA,True,https://transparency.flocksafety.com/novato-ca-pd,339,38.0851,-122.5483
oakland-ca-pd,Oakland CA PD,Oakland,CA,True,https://transparency.flocksafety.com/oakland-ca-pd,135,37.7698,-122.2257
oakley-ca-pd,Oakley CA PD,Oakley,CA,True,https://transparency.flocksafety.com/oakley-ca-pd,347,37.9961,-121.6936
oceanside-ca-pd,Oceanside CA PD,Oceanside,CA,True,https://transparency.flocksafety.com/oceanside-ca-pd,319,33.2246,-117.3063
ontario-ca-pd,Ontario CA PD,Ontario,CA,True,https://transparency.flocksafety.com/ontario-ca-pd,340,34.0376,-117.6044
orange-ca-pd,Orange CA PD,Orange,CA,True,https://transparency.flocksafety.com/orange-ca-pd,318,33.787,-117.8613
oroville-ca-pd,Oroville CA PD,Oroville,CA,True,https://transparency.flocksafety.com/oroville-ca-pd,92,39.4954,-121.5601
oxnard-ca-pd-,Oxnard CA PD,Oxnard,CA,True,https://transparency.flocksafety.com/oxnard-ca-pd-,4,34.1994,-119.2075
pacific-grove-ca-pd,Pacific Grove CA PD,Pacific Grove,CA,True,https://transparency.flocksafety.com/pacific-grove-ca-pd,122,36.6226,-121.9264
pacifica-ca-pd,Pacifica CA PD,Pacifica,CA,True,https://transparency.flocksafety.com/pacifica-ca-pd,189,37.6066,-122.4772
palm-springs-ca-pd,Palm Springs CA PD,Palm Springs,CA,True,https://transparency.flocksafety.com/palm-springs-ca-pd,171,33.8034,-116.5383
palo-alto-ca-pd,Palo Alto CA PD,Palo Alto,CA,True,https://transparency.flocksafety.com/palo-alto-ca-pd,136,37.3965,-122.1431
pasadena-ca-pd,Pasadena CA PD,Pasadena,CA,True,https://transparency.flocksafety.com/pasadena-ca-pd,325,34.1606,-118.138
petaluma-ca-pd,Petaluma CA PD,Petaluma,CA,True,https://transparency.flocksafety.com/petaluma-ca-pd,218,38.2423,-122.6288
piedmont-ca-pd,Piedmont CA PD,Piedmont,CA,True,https://transparency.flocksafety.com/piedmont-ca-pd,91,37.8225,-122.23
placer-county-ca-so,Placer County CA SO,Placer County,CA,True,https://transparency.flocksafety.com/placer-county-ca-so,356,39.062,-120.7227
pleasanton-ca-pd,Pleasanton CA PD,Pleasanton,CA,True,https://transparency.flocksafety.com/pleasanton-ca-pd,243,37.6672,-121.8812
pomona-ca-pd,Pomona CA PD,Pomona,CA,True,https://transparency.flocksafety.com/pomona-ca-pd,260,34.0585,-117.7611
port-hueneme-ca-pd,Port Hueneme CA PD,Port Hueneme,CA,True,https://transparency.flocksafety.com/port-hueneme-ca-pd,240,34.1621,-119.2042
port-of-stockton-ca-pd,Port of Stockton CA PD,Port of Stockton,CA,True,https://transparency.flocksafety.com/port-of-stockton-ca-pd,320,37.951,-121.3266
porterville-ca-pd,Porterville CA PD,Porterville,CA,True,https://transparency.flocksafety.com/porterville-ca-pd,323,36.0635,-119.0336
redlands-ca-pd,Redlands CA PD,Redlands,CA,True,https://transparency.flocksafety.com/redlands-ca-pd,203,34.0535,-117.1705
redwood-city-ca-pd,Redwood City CA PD,Redwood City,CA,True,https://transparency.flocksafety.com/redwood-city-ca-pd,206,37.5153,-122.2137
reedley-ca-pd,Reedley CA PD,Reedley,CA,True,https://transparency.flocksafety.com/reedley-ca-pd,334,36.5984,-119.4467
richmond-ca-pd,Richmond CA PD,Richmond,CA,True,https://transparency.flocksafety.com/richmond-ca-pd,53,37.9523,-122.3606
ridgecrest-ca-pd,Ridgecrest CA PD,Ridgecrest,CA,True,https://transparency.flocksafety.com/ridgecrest-ca-pd,315,35.6285,-117.664
rio-vista-ca-pd,Rio Vista CA PD,Rio Vista,CA,True,https://transparency.flocksafety.com/rio-vista-ca-pd,365,38.1767,-121.7034
riverside-county-ca-sd,Riverside County CA SO,Riverside County,CA,True,https://transparency.flocksafety.com/riverside-county-ca-sd,366,33.9381,-117.3932
rohnert-park-department-of-public-safety-ca,Rohnert CA PD,Rohnert,CA,True,https://transparency.flocksafety.com/rohnert-park-department-of-public-safety-ca,233,38.3396,-122.7011
san-bernardino-ca-pd,San Bernardino CA PD,San Bernardino,CA,True,https://transparency.flocksafety.com/san-bernardino-ca-pd,314,34.1411,-117.2946
san-bruno-ca-pd,San Bruno CA PD,San Bruno,CA,True,https://transparency.flocksafety.com/san-bruno-ca-pd,337,37.6256,-122.4314
san-diego-ca-pd,San Diego CA PD,San Diego,CA,True,https://transparency.flocksafety.com/san-diego-ca-pd,129,32.815,-117.1356
san-francisco-ca-pd,San Francisco CA PD,San Francisco,CA,True,https://transparency.flocksafety.com/san-francisco-ca-pd,327,37.7749,-122.4194
san-gabriel-ca-pd,San Gabriel CA PD,San Gabriel,CA,True,https://transparency.flocksafety.com/san-gabriel-ca-pd,251,34.0946,-118.0985
san-joaquin-county-ca-so,San Joaquin County CA SO,San Joaquin County,CA,True,https://transparency.flocksafety.com/san-joaquin-county-ca-so,345,36.6056,-120.1899
san-jose-ca-pd,San Jose CA PD,San Jose,CA,True,https://transparency.flocksafety.com/san-jose-ca-pd,319,37.296,-121.8146
san-juan-bautista-ca-,San Juan Bautista CA PD,San Juan Bautista,CA,True,https://transparency.flocksafety.com/san-juan-bautista-ca-,10,36.8451,-121.5369
san-leandro-pd-ca,San Leandro CA PD,San Leandro,CA,True,https://transparency.flocksafety.com/san-leandro-pd-ca,345,37.7034,-122.163
san-marino-ca-pd,San Marino CA PD,San Marino,CA,True,https://transparency.flocksafety.com/san-marino-ca-pd,101,34.1227,-118.1129
san-mateo-ca-pd,San Mateo CA PD,San Mateo,CA,True,https://transparency.flocksafety.com/san-mateo-ca-pd,157,37.5603,-122.3106
san-mateo-county-ca-so,San Mateo County CA SO,San Mateo County,CA,True,https://transparency.flocksafety.com/san-mateo-county-ca-so,304,37.5603,-122.3106
san-rafael-ca-pd,San Rafael CA PD,San Rafael,CA,True,https://transparency.flocksafety.com/san-rafael-ca-pd,149,37.981,-122.5069
santa-ana-ca-pd,Santa Ana CA PD,Santa Ana,CA,True,https://transparency.flocksafety.com/santa-ana-ca-pd,426,33.7363,-117.8829
santa-barbara-pd-ca,Santa Barbara CA PD,Santa Barbara,CA,True,https://transparency.flocksafety.com/santa-barbara-pd-ca,2,34.4036,-119.7137
santa-clara-ca-pd,Santa Clara CA PD,Santa Clara,CA,True,https://transparency.flocksafety.com/santa-clara-ca-pd,366,37.3646,-121.968
santa-clara-county-ca-so,Santa Clara County CA SO,Santa Clara County,CA,True,https://transparency.flocksafety.com/santa-clara-county-ca-so,129,37.3646,-121.968
santa-cruz-ca-pd,Santa Cruz CA PD,Santa Cruz,CA,True,https://transparency.flocksafety.com/santa-cruz-ca-pd,227,36.9744,-122.0353
santa-maria-ca-pd,Santa Maria CA PD,Santa Maria,CA,True,https://transparency.flocksafety.com/santa-maria-ca-pd,48,34.9331,-120.4436
santa-paula-ca-pd,Santa Paula CA PD,Santa Paula,CA,True,https://transparency.flocksafety.com/santa-paula-ca-pd,55,34.3549,-119.0663
santa-rosa-ca-pd,Santa Rosa CA PD,Santa Rosa,CA,True,https://transparency.flocksafety.com/santa-rosa-ca-pd,163,38.4458,-122.7062
saratoga-ca-pd,Saratoga CA PD,Saratoga,CA,True,https://transparency.flocksafety.com/saratoga-ca-pd,0,37.2683,-122.0262
sausalito-ca-pd,Sausalito CA PD,Sausalito,CA,True,https://transparency.flocksafety.com/sausalito-ca-pd,307,37.8584,-122.4918
seaside-ca-pd,Seaside CA PD,Seaside,CA,True,https://transparency.flocksafety.com/seaside-ca-pd,214,36.6251,-121.8178
sequoias-community-college-district-ca-pd,Sequoias Community College CA PD,,CA,True,https://transparency.flocksafety.com/sequoias-community-college-district-ca-pd,320,36.3251,-119.315
shasta-county-so,Shasta County CA SO,Shasta County,CA,True,https://transparency.flocksafety.com/shasta-county-so,203,40.7605,-122.0436
simi-valley-ca-pd,Simi Valley CA PD,Simi Valley,CA,True,https://transparency.flocksafety.com/simi-valley-ca-pd,340,34.2669,-118.7485
solano-county-ca-so,Solano County CA SO,Solano County,CA,True,https://transparency.flocksafety.com/solano-county-ca-so,351,38.2672,-121.9396
south-gate-ca-pd,South Gate CA PD,South Gate,CA,True,https://transparency.flocksafety.com/south-gate-ca-pd,4,33.9442,-118.1928
south-pasadena-ca-pd,South Pasadena CA PD,South Pasadena,CA,True,https://transparency.flocksafety.com/south-pasadena-ca-pd,325,34.109,-118.1566
south-san-francisco-ca-pd,South San Francisco CA PD,South San Francisco,CA,True,https://transparency.flocksafety.com/south-san-francisco-ca-pd,69,37.6551,-122.3762
st-helena-ca-pd,St. Helena CA PD,St. Helena,CA,True,https://transparency.flocksafety.com/st-helena-ca-pd,68,38.5128,-122.4681
stanford-university-ca-pd,Stanford University CA PD,,CA,True,https://transparency.flocksafety.com/stanford-university-ca-pd,102,37.4277,-122.1701
stockton-ca-pd,Stockton CA PD,Stockton,CA,True,https://transparency.flocksafety.com/stockton-ca-pd,335,37.9772,-121.3089
suisun-city-ca-pd-,Suisun City CA PD,Suisun City,CA,True,https://transparency.flocksafety.com/suisun-city-ca-pd-,347,38.2483,-122.0101
sunnyvale-ca-pd,Sunnyvale CA PD,Sunnyvale,CA,True,https://transparency.flocksafety.com/sunnyvale-ca-pd,148,37.3858,-122.0263
sutter-county-ca-so,Sutter County CA SO,Sutter County,CA,True,https://transparency.flocksafety.com/sutter-county-ca-so,291,39.0362,-121.7039
tiburon-ca-pd,Tiburon CA PD,Tiburon,CA,True,https://transparency.flocksafety.com/tiburon-ca-pd,267,37.8868,-122.4626
tracy-ca-pd,Tracy CA PD,Tracy,CA,True,https://transparency.flocksafety.com/tracy-ca-pd,374,37.7274,-121.4522
truckee-ca-pd,Truckee CA PD,Truckee,CA,True,https://transparency.flocksafety.com/truckee-ca-pd,119,39.3505,-120.1939
tulare-ca-pd-,Tulare CA PD,Tulare,CA,True,https://transparency.flocksafety.com/tulare-ca-pd-,316,36.1994,-119.3419
ukiah-pd-ca,Ukiah CA PD,Ukiah,CA,True,https://transparency.flocksafety.com/ukiah-pd-ca,333,39.1466,-123.2103
union-city-ca-pd,Union CA PD,Union,CA,True,https://transparency.flocksafety.com/union-city-ca-pd,308,38.3171,-122.3131
upland-ca-pd-,Upland CA PD,Upland,CA,True,https://transparency.flocksafety.com/upland-ca-pd-,322,34.1161,-117.6599
vacaville-ca-pd,Vacaville CA PD,Vacaville,CA,True,https://transparency.flocksafety.com/vacaville-ca-pd,226,38.3586,-121.9686
vallejo-ca-pd,Vallejo CA PD,Vallejo,CA,True,https://transparency.flocksafety.com/vallejo-ca-pd,167,38.1069,-122.2623
ventura-ca-pd,Ventura CA PD,Ventura,CA,True,https://transparency.flocksafety.com/ventura-ca-pd,372,34.3587,-119.1331
ventura-county-ca-so,Ventura County CA SO,Ventura County,CA,True,https://transparency.flocksafety.com/ventura-county-ca-so,161,34.3587,-119.1331
visalia-ca-pd,Visalia CA PD,Visalia,CA,True,https://transparency.flocksafety.com/visalia-ca-pd,323,36.328,-119.3285
watsonville-ca-pd,Watsonville CA PD,Watsonville,CA,True,https://transparency.flocksafety.com/watsonville-ca-pd,326,36.9236,-121.7724
west-covina-ca-pd,West Covina CA PD,West Covina,CA,True,https://transparency.flocksafety.com/west-covina-ca-pd,344,34.0559,-117.9099
west-sacramento-ca-pd,West Sacramento CA PD,West Sacramento,CA,True,https://transparency.flocksafety.com/west-sacramento-ca-pd,335,38.5544,-121.5487
westminster-ca-pd,Westminster CA PD,Westminster,CA,True,https://transparency.flocksafety.com/westminster-ca-pd,343,33.7523,-117.9939
whittier-ca-pd,Whittier CA PD,Whittier,CA,True,https://transparency.flocksafety.com/whittier-ca-pd,326,33.9668,-118.0201
williams-ca-pd,Williams CA PD,Williams,CA,True,https://transparency.flocksafety.com/williams-ca-pd,320,39.1498,-122.139
willits-ca-pd,Willits CA PD,Willits,CA,True,https://transparency.flocksafety.com/willits-ca-pd,279,39.405,-123.3489
winters-ca-pd-,Winters CA PD,Winters,CA,True,https://transparency.flocksafety.com/winters-ca-pd-,251,38.5333,-121.9755
woodland-ca-pd,Woodland CA PD,Woodland,CA,True,https://transparency.flocksafety.com/woodland-ca-pd,334,38.6712,-121.75
town-of-woodside-ca-smcso,Woodside County CA SO,Woodside County,CA,True,https://transparency.flocksafety.com/town-of-woodside-ca-smcso,3,37.4299,-122.2539
yolo-county-ca-so,Yolo County CA SO,Yolo County,CA,True,https://transparency.flocksafety.com/yolo-county-ca-so,331,38.6796,-121.9027
yuba-city-ca-pd,Yuba City CA PD,Yuba City,CA,True,https://transparency.flocksafety.com/yuba-city-ca-pd,282,39.1298,-121.6415
yuba-county-ca-so,Yuba County CA SO,Yuba County,CA,True,https://transparency.flocksafety.com/yuba-county-ca-so,325,39.2701,-121.3443
arvada-co-pd,Arvada CO PD,Arvada,CO,True,https://transparency.flocksafety.com/arvada-co-pd,88,39.8337,-105.1503
aurora-co-pd,Aurora CO PD,Aurora,CO,True,https://transparency.flocksafety.com/aurora-co-pd,45,39.7036,-104.7201
boulder-co-pd,Boulder CO PD,Boulder,CO,True,https://transparency.flocksafety.com/boulder-co-pd,94,40.0244,-105.2513
broomfield-co-pd,Broomfield CO PD,Broomfield,CO,True,https://transparency.flocksafety.com/broomfield-co-pd,105,39.9536,-105.0508
castle-rock-co-pd,Castle Rock CO PD,Castle Rock,CO,True,https://transparency.flocksafety.com/castle-rock-co-pd,17,39.3762,-104.8529
chaffee-county-co-so,Chaffee County CO SO,Chaffee County,CO,True,https://transparency.flocksafety.com/chaffee-county-co-so,129,38.7346,-106.3
clear-creek-county-co-so,Clear Creek County CO SO,Clear Creek County,CO,True,https://transparency.flocksafety.com/clear-creek-county-co-so,85,39.6894,-105.6708
colorado-springs-co-pd,Colorado Springs CO PD,Colorado Springs,CO,True,https://transparency.flocksafety.com/colorado-springs-co-pd,0,38.8673,-104.7607
commerce-city-co-pd,Commerce City CO PD,Commerce City,CO,True,https://transparency.flocksafety.com/commerce-city-co-pd,32,39.8828,-104.7949
denver-co-pd,Denver CO PD,Denver,CO,True,https://transparency.flocksafety.com/denver-co-pd,0,39.7619,-104.8811
douglas-county-co-so,Douglas County CO SO,Douglas County,CO,True,https://transparency.flocksafety.com/douglas-county-co-so,17,39.3254,-104.926
durango-co-pd,Durango CO PD,Durango,CO,True,https://transparency.flocksafety.com/durango-co-pd,203,37.2654,-107.8782
eaton-co-pd,Eaton CO PD,Eaton,CO,True,https://transparency.flocksafety.com/eaton-co-pd,99,40.5257,-104.713
edgewater-co-pd,Edgewater CO PD,Edgewater,CO,True,https://transparency.flocksafety.com/edgewater-co-pd,85,39.7508,-105.0626
el-paso-co-so,El Paso CO SO,El Paso,CO,True,https://transparency.flocksafety.com/el-paso-co-so,44,38.8274,-104.5275
co-erie-pd,Erie CO PD,Erie,CO,True,https://transparency.flocksafety.com/co-erie-pd,19,40.0403,-105.0383
firestone-co-pd,Firestone CO PD,Firestone,CO,True,https://transparency.flocksafety.com/firestone-co-pd,13,40.1557,-104.9486
fort-collins-co-pd,Fort Collins CO PD,Fort Collins,CO,True,https://transparency.flocksafety.com/fort-collins-co-pd,70,40.5482,-105.0648
co-fort-lewis-college-pd,Fort Lewis College CO PD,,CO,True,https://transparency.flocksafety.com/co-fort-lewis-college-pd,0,37.2737,-107.8712
fountain-co-pd,Fountain CO PD,Fountain,CO,True,https://transparency.flocksafety.com/fountain-co-pd,19,38.689,-104.6806
golden-co-pd,Golden CO PD,Golden,CO,True,https://transparency.flocksafety.com/golden-co-pd,89,39.7425,-105.2106
granby-co-pd,Granby CO PD,Granby,CO,True,https://transparency.flocksafety.com/granby-co-pd,13,40.0648,-105.9194
grand-junction-co-pd,Grand Junction CO PD,Grand Junction,CO,True,https://transparency.flocksafety.com/grand-junction-co-pd,79,39.0891,-108.5675
greeley-co-pd,Greeley CO PD,Greeley,CO,True,https://transparency.flocksafety.com/greeley-co-pd,25,40.414,-104.771
hayden-co-pd,Hayden CO PD,Hayden,CO,True,https://transparency.flocksafety.com/hayden-co-pd,2,40.4922,-107.2643
idaho-springs-co-pd-,Idaho Springs CO PD,Idaho Springs,CO,True,https://transparency.flocksafety.com/idaho-springs-co-pd-,18,39.7493,-105.5038
co-lafayette-pd,Lafayette CO PD,Lafayette,CO,True,https://transparency.flocksafety.com/co-lafayette-pd,88,39.9948,-105.0997
larimer-county-co-so,Larimer County CO SO,Larimer County,CO,True,https://transparency.flocksafety.com/larimer-county-co-so,823,40.6581,-105.4868
longmont-co-pd,Longmont CO PD,Longmont,CO,True,https://transparency.flocksafety.com/longmont-co-pd,0,40.1699,-105.1018
louisville-co-pd,Louisville CO PD,Louisville,CO,True,https://transparency.flocksafety.com/louisville-co-pd,1,39.9696,-105.1433
mesa-county-co-so,Mesa County CO SO,Mesa County,CO,True,https://transparency.flocksafety.com/mesa-county-co-so,65,39.0195,-108.4606
monument-co-pd,Monument CO PD,Monument,CO,True,https://transparency.flocksafety.com/monument-co-pd,14,39.0744,-104.8442
mountain-village-pd-co,Mountain Village CO PD,Mountain Village,CO,True,https://transparency.flocksafety.com/mountain-village-pd-co,14,37.9324,-107.8577
northglenn-co-pd,Northglenn CO PD,Northglenn,CO,True,https://transparency.flocksafety.com/northglenn-co-pd,110,39.9116,-104.9821
parker-co-pd,Parker CO PD,Parker,CO,True,https://transparency.flocksafety.com/parker-co-pd,11,39.5059,-104.7758
silverthorne-co-pd,Silverthorne CO PD,Silverthorne,CO,True,https://transparency.flocksafety.com/silverthorne-co-pd,1,39.6599,-106.0891
summit-county-co-so,Summit County CO SO,Summit County,CO,True,https://transparency.flocksafety.com/summit-county-co-so,197,39.621,-106.1376
telluride-co-pd,Telluride CO PD,Telluride,CO,True,https://transparency.flocksafety.com/telluride-co-pd,10,37.9402,-107.8182
thornton-co-pd,Thornton CO PD,Thornton,CO,True,https://transparency.flocksafety.com/thornton-co-pd,1590,39.9204,-104.9414
timnath-co-pd,Timnath CO PD,Timnath,CO,True,https://transparency.flocksafety.com/timnath-co-pd,94,40.5332,-104.9645
university-of-colorado-boulder-campus-pd-co,University of Colorado Boulder CO PD,,CO,True,https://transparency.flocksafety.com/university-of-colorado-boulder-campus-pd-co,0,40.0073,-105.266
vail-co-pd,Vail CO PD,Vail,CO,True,https://transparency.flocksafety.com/vail-co-pd,411,39.6378,-106.3625
westminster-co-pd,Westminster CO PD,Westminster,CO,True,https://transparency.flocksafety.com/westminster-co-pd,32,39.8801,-105.0615
windsor-co-pd,Windsor CO PD,Windsor,CO,True,https://transparency.flocksafety.com/windsor-co-pd,902,40.4783,-104.9151
avon-ct-pd,Avon CT PD,Avon,CT,True,https://transparency.flocksafety.com/avon-ct-pd,63,41.8096,-72.8305
berlin-ct-pd,Berlin CT PD,Berlin,CT,True,https://transparency.flocksafety.com/berlin-ct-pd,25,41.6215,-72.7457
bloomfield-ct-pd,Bloomfield CT PD,Bloomfield,CT,True,https://transparency.flocksafety.com/bloomfield-ct-pd,50,41.8265,-72.7301
bristol-ct-pd,Bristol CT PD,Bristol,CT,True,https://transparency.flocksafety.com/bristol-ct-pd,61,41.6816,-72.9407
cheshire-ct-pd,Cheshire CT PD,Cheshire,CT,True,https://transparency.flocksafety.com/cheshire-ct-pd,73,41.5084,-72.9106
clinton-ct-pd,Clinton CT PD,Clinton,CT,True,https://transparency.flocksafety.com/clinton-ct-pd,514,41.2764,-72.529
darien-ct-pd,Darien CT PD,Darien,CT,True,https://transparency.flocksafety.com/darien-ct-pd,33,41.0772,-73.4687
farmington-ct-pd,Farmington CT PD,Farmington,CT,True,https://transparency.flocksafety.com/farmington-ct-pd,17,41.736,-72.795
glastonbury-ct-pd,Glastonbury CT PD,Glastonbury,CT,True,https://transparency.flocksafety.com/glastonbury-ct-pd,93,41.6862,-72.5451
ledyard-ct-pd,Ledyard CT PD,Ledyard,CT,True,https://transparency.flocksafety.com/ledyard-ct-pd,80,41.4456,-72.0182
manchester-ct-pd,Manchester CT PD,Manchester,CT,True,https://transparency.flocksafety.com/manchester-ct-pd,51,41.7796,-72.5202
milford-ct-pd,Milford CT PD,Milford,CT,True,https://transparency.flocksafety.com/milford-ct-pd,32,41.2307,-73.064
monroe-ct-pd,Monroe CT PD,Monroe,CT,True,https://transparency.flocksafety.com/monroe-ct-pd,57,41.3326,-73.2073
newington-ct-pd,Newington CT PD,Newington,CT,True,https://transparency.flocksafety.com/newington-ct-pd,30,41.687,-72.7308
newtown-ct-pd,Newtown CT PD,Newtown,CT,True,https://transparency.flocksafety.com/newtown-ct-pd,35,41.4141,-73.3036
norwalk-ct-pd,Norwalk CT PD,Norwalk,CT,True,https://transparency.flocksafety.com/norwalk-ct-pd,16,41.0927,-73.4198
norwich-ct-pd,Norwich CT PD,Norwich,CT,True,https://transparency.flocksafety.com/norwich-ct-pd,77,41.548,-72.0895
orange-ct-pd,Orange CT PD,Orange,CT,True,https://transparency.flocksafety.com/orange-ct-pd,16,41.285,-73.0246
putnam-ct-pd,Putnam CT PD,Putnam,CT,True,https://transparency.flocksafety.com/putnam-ct-pd,182,41.9168,-71.9107
ridgefield-ct-pd,Ridgefield CT PD,Ridgefield,CT,True,https://transparency.flocksafety.com/ridgefield-ct-pd,59,41.2697,-73.4926
simsbury-ct-pd,Simsbury CT PD,Simsbury,CT,True,https://transparency.flocksafety.com/simsbury-ct-pd,62,41.8702,-72.8047
waterford-ct-pd,Waterford CT PD,Waterford,CT,True,https://transparency.flocksafety.com/waterford-ct-pd,66,41.3463,-72.1293
west-hartford-ct-pd,West Hartford CT PD,West Hartford,CT,True,https://transparency.flocksafety.com/west-hartford-ct-pd,31,41.7666,-72.7549
westport-ct-pd,Westport CT PD,Westport,CT,True,https://transparency.flocksafety.com/westport-ct-pd,29,41.1414,-73.3581
wilton-ct-pd,Wilton CT PD,Wilton,CT,True,https://transparency.flocksafety.com/wilton-ct-pd,141,41.1954,-73.4379
windsor-ct-pd,Windsor CT PD,Windsor,CT,True,https://transparency.flocksafety.com/windsor-ct-pd,64,41.8526,-72.6437
clayton-de-pd,Clayton DE PD,Clayton,DE,True,https://transparency.flocksafety.com/clayton-de-pd,56,39.2741,-75.6315
dagsboro-de-pd,Dagsboro DE PD,Dagsboro,DE,True,https://transparency.flocksafety.com/dagsboro-de-pd,3,38.5462,-75.2458
georgetown-de-pd,Georgetown DE PD,Georgetown,DE,True,https://transparency.flocksafety.com/georgetown-de-pd,147,38.6895,-75.3872
rehoboth-beach-de-pd,Rehoboth Beach DE PD,Rehoboth Beach,DE,True,https://transparency.flocksafety.com/rehoboth-beach-de-pd,33,38.7174,-75.0806
apopka-fl-pd,Apopka FL PD,Apopka,FL,True,https://transparency.flocksafety.com/apopka-fl-pd,179,28.7017,-81.5318
belle-isle-fl-pd,Belle Isle FL PD,Belle Isle,FL,True,https://transparency.flocksafety.com/belle-isle-fl-pd,211,28.4649,-81.3513
columbia-county-fl-so,Columbia County FL SO,Columbia County,FL,True,https://transparency.flocksafety.com/columbia-county-fl-so,191,30.2217,-82.6234
fernandina-beach-fl-pd,Fernandina Beach FL PD,Fernandina Beach,FL,True,https://transparency.flocksafety.com/fernandina-beach-fl-pd,1104,30.6581,-81.4515
fort-walton-beach-fl-pd,Fort Walton Beach FL PD,Fort Walton Beach,FL,True,https://transparency.flocksafety.com/fort-walton-beach-fl-pd,1034,30.4249,-86.6218
franklin-county-fl-so,Franklin County FL SO,Franklin County,FL,True,https://transparency.flocksafety.com/franklin-county-fl-so,60,29.6778,-84.8152
indialantic-fl-pd,Indialantic FL PD,Indialantic,FL,True,https://transparency.flocksafety.com/indialantic-fl-pd,54,28.0862,-80.5683
jupiter-inlet-colony-fl-pd,Jupiter Inlet Colony FL PD,Jupiter Inlet Colony,FL,True,https://transparency.flocksafety.com/jupiter-inlet-colony-fl-pd,0,26.948,-80.0752
lady-lake-fl-pd,Lady Lake FL PD,Lady Lake,FL,True,https://transparency.flocksafety.com/lady-lake-fl-pd,177,28.9198,-81.9328
largo-fl-pd,Largo FL PD,Largo,FL,True,https://transparency.flocksafety.com/largo-fl-pd,17,27.9059,-82.7672
leon-county-fl-so,Leon County FL SO,Leon County,FL,True,https://transparency.flocksafety.com/leon-county-fl-so,1561,30.4593,-84.2778
liberty-county-fl-so,Liberty County FL SO,Liberty County,FL,True,https://transparency.flocksafety.com/liberty-county-fl-so,1550,30.2598,-84.8686
lynn-haven-fl-pd,Lynn Haven FL PD,Lynn Haven,FL,True,https://transparency.flocksafety.com/lynn-haven-fl-pd,1703,30.2336,-85.6369
miami-fl-pd,Miami FL PD,Miami,FL,True,https://transparency.flocksafety.com/miami-fl-pd,0,25.7752,-80.2086
mount-dora-fl-pd,Mount Dora FL PD,Mount Dora,FL,True,https://transparency.flocksafety.com/mount-dora-fl-pd,573,28.8133,-81.6334
ocoee-fl-pd,Ocoee FL PD,Ocoee,FL,True,https://transparency.flocksafety.com/ocoee-fl-pd,204,28.5788,-81.533
okaloosa-county-fl-so,Okaloosa County FL SO,Okaloosa County,FL,True,https://transparency.flocksafety.com/okaloosa-county-fl-so,544,30.6143,-86.5911
orange-county-fl-so,Orange County FL SO,Orange County,FL,True,https://transparency.flocksafety.com/orange-county-fl-so,3788,28.5144,-81.3233
oviedo-fl-pd,Oviedo FL PD,Oviedo,FL,True,https://transparency.flocksafety.com/oviedo-fl-pd,197,28.6619,-81.1871
port-saint-joe-fl-pd,Port Saint Joe FL PD,Port Saint Joe,FL,True,https://transparency.flocksafety.com/port-saint-joe-fl-pd,222,29.8119,-85.303
springfield-fl-pd,Springfield FL PD,Springfield,FL,True,https://transparency.flocksafety.com/springfield-fl-pd,197,30.1712,-85.6122
st-augustine-fl-pd,St Augustine FL PD,St. Augustine,FL,True,https://transparency.flocksafety.com/st-augustine-fl-pd,1096,29.8962,-81.3111
st-lucie-county-fl-so,St. Lucie County FL SO,St. Lucie County,FL,True,https://transparency.flocksafety.com/st-lucie-county-fl-so,58,27.3798,-80.4435
suwannee-county-fl-so,Suwannee County FL SO,Suwannee County,FL,True,https://transparency.flocksafety.com/suwannee-county-fl-so,58,30.1892,-82.9928
tallahassee-fl-pd,Tallahassee FL PD,Tallahassee,FL,True,https://transparency.flocksafety.com/tallahassee-fl-pd,5,30.4535,-84.2523
west-melbourne-fl-pd,West Melbourne FL PD,West Melbourne,FL,True,https://transparency.flocksafety.com/west-melbourne-fl-pd,230,28.0504,-80.6583
acworth-ga-pd,Acworth GA PD,Acworth,GA,True,https://transparency.flocksafety.com/acworth-ga-pd,200,34.062,-84.6811
alpharetta-ga-pd,Alpharetta GA PD,Alpharetta,GA,True,https://transparency.flocksafety.com/alpharetta-ga-pd,2065,34.0709,-84.2726
barrow-county-ga-so,Barrow County GA SO,Barrow County,GA,True,https://transparency.flocksafety.com/barrow-county-ga-so,1893,33.992,-83.7123
bibb-county-so-ga,Bibb County GA SO,Bibb County,GA,True,https://transparency.flocksafety.com/bibb-county-so-ga,85,32.8088,-83.6942
blairsville-ga-pd,Blairsville GA PD,Blairsville,GA,True,https://transparency.flocksafety.com/blairsville-ga-pd,355,34.8757,-83.9547
bremen-ga-pd,Bremen GA PD,Bremen,GA,True,https://transparency.flocksafety.com/bremen-ga-pd,1794,33.7108,-85.1519
chamblee-ga-pd,Chamblee GA PD,Chamblee,GA,True,https://transparency.flocksafety.com/chamblee-ga-pd,361,33.8811,-84.3017
chatham-county-ga-pd,Chatham County GA PD,Chatham County,GA,True,https://transparency.flocksafety.com/chatham-county-ga-pd,1644,31.9804,-81.0852
conyers-ga-pd,Conyers GA PD,Conyers,GA,True,https://transparency.flocksafety.com/conyers-ga-pd,1721,33.6575,-83.9838
dalton-ga-pd,Dalton GA PD,Dalton,GA,True,https://transparency.flocksafety.com/dalton-ga-pd,135,34.7679,-84.9728
dillard-ga-pd,Dillard GA PD,Dillard,GA,True,https://transparency.flocksafety.com/dillard-ga-pd,1630,34.9715,-83.3812
doraville-ga-pd,Doraville GA PD,Doraville,GA,True,https://transparency.flocksafety.com/doraville-ga-pd,124,33.9083,-84.2699
douglasville-ga-pd,Douglasville GA PD,Douglasville,GA,True,https://transparency.flocksafety.com/douglasville-ga-pd,52,33.7368,-84.7011
dublin-ga-pd,Dublin GA PD,Dublin,GA,True,https://transparency.flocksafety.com/dublin-ga-pd,400,32.5355,-82.9288
dunwoody-ga-pd,Dunwoody GA PD,Dunwoody,GA,True,https://transparency.flocksafety.com/dunwoody-ga-pd,82,33.9414,-84.3127
ellijay-ga-pd,Ellijay GA PD,Ellijay,GA,True,https://transparency.flocksafety.com/ellijay-ga-pd,122,34.6913,-84.4839
euharlee-ga-pd,Euharlee GA PD,Euharlee,GA,True,https://transparency.flocksafety.com/euharlee-ga-pd,370,34.1436,-84.9328
flock-pd,Flock PD GA PD,Flock PD,GA,True,https://transparency.flocksafety.com/flock-pd,0,32.1574,-82.9071
flock-safety-admins,Flock Safety Admins GA PD,Flock Safety Admins,GA,True,https://transparency.flocksafety.com/flock-safety-admins,0,32.1574,-82.9071
flock-safety-sales,Flock Safety Sales GA PD,Flock Safety Sales,GA,True,https://transparency.flocksafety.com/flock-safety-sales,0,33.7859,-84.4122
franklin-springs-ga-pd-,Franklin Springs GA PD,Franklin Springs,GA,True,https://transparency.flocksafety.com/franklin-springs-ga-pd-,390,34.2834,-83.1461
garden-city-ga-pd,Garden City GA PD,Garden City,GA,True,https://transparency.flocksafety.com/garden-city-ga-pd,760,32.0872,-81.1766
hall-county-ga-so,Hall County GA SO,Hall County,GA,True,https://transparency.flocksafety.com/hall-county-ga-so,112,34.3176,-83.8185
hiawassee-ga-pd,Hiawassee GA PD,Hiawassee,GA,True,https://transparency.flocksafety.com/hiawassee-ga-pd,387,34.9462,-83.7463
jackson-county-ga-so,Jackson County GA SO,Jackson County,GA,True,https://transparency.flocksafety.com/jackson-county-ga-so,1953,33.2924,-83.9678
johns-creek-ga-pd,Johns Creek GA PD,Johns Creek,GA,True,https://transparency.flocksafety.com/johns-creek-ga-pd,125,34.0327,-84.2038
jonesboro-ga-pd,Jonesboro GA PD,Jonesboro,GA,True,https://transparency.flocksafety.com/jonesboro-ga-pd,487,33.5208,-84.3547
kennesaw-ga-pd,Kennesaw GA PD,Kennesaw,GA,True,https://transparency.flocksafety.com/kennesaw-ga-pd,1683,34.0272,-84.6171
loganville-ga-pd,Loganville GA PD,Loganville,GA,True,https://transparency.flocksafety.com/loganville-ga-pd,110,33.8365,-83.8961
lovejoy-ga-pd,Lovejoy GA PD,Lovejoy,GA,True,https://transparency.flocksafety.com/lovejoy-ga-pd,365,33.4415,-84.3174
mcdonough-ga-pd,McDonough GA PD,McDonough,GA,True,https://transparency.flocksafety.com/mcdonough-ga-pd,1975,33.4422,-84.151
montezuma-ga-pd,Montezuma GA PD,Montezuma,GA,True,https://transparency.flocksafety.com/montezuma-ga-pd,1782,32.2973,-84.0191
newnan-ga-pd,Newnan GA PD,Newnan,GA,True,https://transparency.flocksafety.com/newnan-ga-pd,106,33.3797,-84.7712
oxford-ga-pd,Oxford GA PD,Oxford,GA,True,https://transparency.flocksafety.com/oxford-ga-pd,461,33.6284,-83.8723
port-wentworth-ga-pd,Port Wentworth GA PD,Port Wentworth,GA,True,https://transparency.flocksafety.com/port-wentworth-ga-pd,71,32.192,-81.2057
rabun-county-ga-so,Rabun County GA SO,Rabun County,GA,True,https://transparency.flocksafety.com/rabun-county-ga-so,2088,34.8839,-83.4049
rome-ga-pd,Rome GA PD,Rome,GA,True,https://transparency.flocksafety.com/rome-ga-pd,108,34.2661,-85.1861
rossville-ga-pd,Rossville GA PD,Rossville,GA,True,https://transparency.flocksafety.com/rossville-ga-pd,34,34.9758,-85.2896
roswell-ga-pd,Roswell GA PD,Roswell,GA,True,https://transparency.flocksafety.com/roswell-ga-pd,1793,34.0395,-84.3509
savannah-ga-pd,Savannah GA PD,Savannah,GA,True,https://transparency.flocksafety.com/savannah-ga-pd,1705,32.018,-81.1965
smyrna-ga-pd,Smyrna GA PD,Smyrna,GA,True,https://transparency.flocksafety.com/smyrna-ga-pd,58,33.8626,-84.5161
snellville-ga-pd,Snellville GA PD,Snellville,GA,True,https://transparency.flocksafety.com/snellville-ga-pd,1966,33.8602,-84.0063
temple-ga-pd,Temple GA PD,Temple,GA,True,https://transparency.flocksafety.com/temple-ga-pd,413,33.7332,-85.0273
thomas-county-ga-so,Thomas County GA SO,Thomas County,GA,True,https://transparency.flocksafety.com/thomas-county-ga-so,1547,30.8646,-83.9198
thomasville-ga-pd,Thomasville GA PD,Thomasville,GA,True,https://transparency.flocksafety.com/thomasville-ga-pd,1076,30.8394,-83.9788
thunderbolt-ga-pd,Thunderbolt GA PD,Thunderbolt,GA,True,https://transparency.flocksafety.com/thunderbolt-ga-pd,335,32.0357,-81.0492
warner-robins-ga-pd,Warner Robins GA PD,Warner Robins,GA,True,https://transparency.flocksafety.com/warner-robins-ga-pd,220,32.5971,-83.6539
woodstock-ga-pd,Woodstock GA PD,Woodstock,GA,True,https://transparency.flocksafety.com/woodstock-ga-pd,137,34.1031,-84.513
worth-county-ga-so,Worth County GA SO,Worth County,GA,True,https://transparency.flocksafety.com/worth-county-ga-so,1529,31.5518,-83.85
altoona-ia-pd,Altoona IA PD,Altoona,IA,True,https://transparency.flocksafety.com/altoona-ia-pd,235,41.6464,-93.4786
ankeny-ia-pd,Ankeny IA PD,Ankeny,IA,True,https://transparency.flocksafety.com/ankeny-ia-pd,216,41.7302,-93.6025
bettendorf-ia-pd,Bettendorf IA PD,Bettendorf,IA,True,https://transparency.flocksafety.com/bettendorf-ia-pd,18,41.5668,-90.4769
burlington-ia-pd,Burlington IA PD,Burlington,IA,True,https://transparency.flocksafety.com/burlington-ia-pd,133,40.8071,-91.1237
carlisle-ia-pd,Carlisle IA PD,Carlisle,IA,True,https://transparency.flocksafety.com/carlisle-ia-pd,188,41.5136,-93.4968
cedar-rapids-ia-pd,Cedar Rapids IA PD,Cedar Rapids,IA,True,https://transparency.flocksafety.com/cedar-rapids-ia-pd,637,41.9659,-91.6789
clarke-county-ia-so,Clarke County IA SO,Clarke County,IA,True,https://transparency.flocksafety.com/clarke-county-ia-so,15,41.0297,-93.7853
clear-lake-ia-pd,Clear Lake IA PD,Clear Lake,IA,True,https://transparency.flocksafety.com/clear-lake-ia-pd,52,43.1351,-93.3737
clinton-ia-pd,Clinton IA PD,Clinton,IA,True,https://transparency.flocksafety.com/clinton-ia-pd,151,41.8424,-90.2428
clive-ia-pd,Clive IA PD,Clive,IA,True,https://transparency.flocksafety.com/clive-ia-pd,259,41.6132,-93.7979
coralville-ia-pd,Coralville IA PD,Coralville,IA,True,https://transparency.flocksafety.com/coralville-ia-pd,30,41.6988,-91.5968
council-bluffs-ia-pd,Council Bluffs IA PD,Council Bluffs,IA,True,https://transparency.flocksafety.com/council-bluffs-ia-pd,126,41.236,-95.8532
davenport-ia-pd,Davenport IA PD,Davenport,IA,True,https://transparency.flocksafety.com/davenport-ia-pd,1140,41.5568,-90.6039
dewitt-ia-pd,DeWitt IA PD,DeWitt,IA,True,https://transparency.flocksafety.com/dewitt-ia-pd,29,41.8227,-90.5441
dubuque-ia-pd,Dubuque IA PD,Dubuque,IA,True,https://transparency.flocksafety.com/dubuque-ia-pd,148,42.4989,-90.7073
earlham-ia-pd,Earlham IA PD,Earlham,IA,True,https://transparency.flocksafety.com/earlham-ia-pd,869,41.4944,-94.1223
indianola-ia-pd,Indianola IA PD,Indianola,IA,True,https://transparency.flocksafety.com/indianola-ia-pd,0,41.363,-93.5655
iowa-state-university-ia-pd,Iowa State University IA PD,,IA,True,https://transparency.flocksafety.com/iowa-state-university-ia-pd,123,42.0267,-93.6465
johnson-county-ia-so,Johnson County IA SO,Johnson County,IA,True,https://transparency.flocksafety.com/johnson-county-ia-so,3,41.6707,-91.5905
johnston-ia-pd,Johnston IA PD,Johnston,IA,True,https://transparency.flocksafety.com/johnston-ia-pd,124,41.6919,-93.7245
le-mars-ia-pd,Le Mars IA PD,Le Mars,IA,True,https://transparency.flocksafety.com/le-mars-ia-pd,56,42.7815,-96.1733
mar-mac-ia-pd,Mar Mac IA PD,Mar Mac,IA,True,https://transparency.flocksafety.com/mar-mac-ia-pd,156,43.0461,-91.1869
newton-ia-pd,Newton IA PD,Newton,IA,True,https://transparency.flocksafety.com/newton-ia-pd,91,41.6963,-93.0405
north-liberty-ia-pd,North Liberty IA PD,North Liberty,IA,True,https://transparency.flocksafety.com/north-liberty-ia-pd,167,41.7436,-91.6112
norwalk-ia-pd,Norwalk IA PD,Norwalk,IA,True,https://transparency.flocksafety.com/norwalk-ia-pd,55,41.4837,-93.6955
pleasant-hill-ia-pd,Pleasant Hill IA PD,Pleasant Hill,IA,True,https://transparency.flocksafety.com/pleasant-hill-ia-pd,141,41.5991,-93.505
polk-city-ia-pd,Polk City IA PD,Polk City,IA,True,https://transparency.flocksafety.com/polk-city-ia-pd,60,41.7818,-93.7226
polk-county-conservation-ia,Polk County Conservation IA SO,Polk County Conservation,IA,True,https://transparency.flocksafety.com/polk-county-conservation-ia,11,41.6278,-93.5003
sioux-city-ia-pd,Sioux City IA PD,Sioux City,IA,True,https://transparency.flocksafety.com/sioux-city-ia-pd,229,42.4953,-96.3899
ia-storm-lake-pd,Storm Lake IA PD,Storm Lake,IA,True,https://transparency.flocksafety.com/ia-storm-lake-pd,195,42.643,-95.1965
story-county-ia-so,Story County IA SO,Story County,IA,True,https://transparency.flocksafety.com/story-county-ia-so,3,42.0375,-93.4661
university-of-iowa-pd-ia,University of Iowa IA PD,,IA,True,https://transparency.flocksafety.com/university-of-iowa-pd-ia,60,41.6627,-91.555
urbandale-ia-pd,Urbandale IA PD,Urbandale,IA,True,https://transparency.flocksafety.com/urbandale-ia-pd,91,41.6368,-93.7798
washington-ia-pd,Washington IA PD,Washington,IA,True,https://transparency.flocksafety.com/washington-ia-pd,1052,41.2979,-91.6937
waukee-ia-pd,Waukee IA PD,Waukee,IA,True,https://transparency.flocksafety.com/waukee-ia-pd,113,41.5905,-93.8828
west-des-moines-ia-pd,West Des Moines IA PD,West Des Moines,IA,True,https://transparency.flocksafety.com/west-des-moines-ia-pd,1421,41.5499,-93.7814
bannock-county-id-so,Bannock County ID SO,Bannock County,ID,True,https://transparency.flocksafety.com/bannock-county-id-so,28,42.6929,-112.229
bellevue-id-pd-,Bellevue ID PD,Bellevue,ID,True,https://transparency.flocksafety.com/bellevue-id-pd-,20,43.469,-114.2551
caldwell-id-pd-,Caldwell ID PD,Caldwell,ID,True,https://transparency.flocksafety.com/caldwell-id-pd-,25,43.6459,-116.6593
idaho-falls-id-pd,Idaho Falls ID PD,Idaho Falls,ID,True,https://transparency.flocksafety.com/idaho-falls-id-pd,481,43.4889,-112.0363
pocatello-id-pd,Pocatello ID PD,Pocatello,ID,True,https://transparency.flocksafety.com/pocatello-id-pd,28,42.8727,-112.4638
st-anthony-id-pd-,St Anthony ID PD,St Anthony,ID,True,https://transparency.flocksafety.com/st-anthony-id-pd-,160,43.9663,-111.6822
twin-falls-id-pd,Twin Falls ID PD,Twin Falls,ID,True,https://transparency.flocksafety.com/twin-falls-id-pd,13,42.5647,-114.4606
arlington-heights-il-pd-,Arlington Heights IL PD,Arlington Heights,IL,True,https://transparency.flocksafety.com/arlington-heights-il-pd-,73,42.0974,-87.9817
aviston-il-pd,Aviston IL PD,Aviston,IL,True,https://transparency.flocksafety.com/aviston-il-pd,779,38.626,-89.6134
bartlett-il-pd,Bartlett IL PD,Bartlett,IL,True,https://transparency.flocksafety.com/bartlett-il-pd,467,41.9606,-88.1777
beardstown-il-pd,Beardstown IL PD,Beardstown,IL,True,https://transparency.flocksafety.com/beardstown-il-pd,291,40.0101,-90.4311
beecher-il-pd,Beecher IL PD,Beecher,IL,True,https://transparency.flocksafety.com/beecher-il-pd,552,41.35,-87.6173
berwyn-il-pd,Berwyn IL PD,Berwyn,IL,True,https://transparency.flocksafety.com/berwyn-il-pd,74,41.8433,-87.7909
bethany-il-pd,Bethany IL PD,Bethany,IL,True,https://transparency.flocksafety.com/bethany-il-pd,92,39.6442,-88.7409
village-of-bloomingdale-il-pd,Bloomingdale IL PD,Bloomingdale,IL,True,https://transparency.flocksafety.com/village-of-bloomingdale-il-pd,442,41.9515,-88.0891
blue-island-il-pd,Blue Island IL PD,Blue Island,IL,True,https://transparency.flocksafety.com/blue-island-il-pd,418,41.6576,-87.6811
bolingbrook-il-pd,Bolingbrook IL PD,Bolingbrook,IL,True,https://transparency.flocksafety.com/bolingbrook-il-pd,130,41.6881,-88.101
bourbonnais-il-pd,Bourbonnais IL PD,Bourbonnais,IL,True,https://transparency.flocksafety.com/bourbonnais-il-pd,1388,41.183,-87.8785
bradley-il-pd,Bradley IL PD,Bradley,IL,True,https://transparency.flocksafety.com/bradley-il-pd,1585,41.1642,-87.8451
breese-il-pd,Breese IL PD,Breese,IL,True,https://transparency.flocksafety.com/breese-il-pd,1580,38.6138,-89.5237
burr-ridge-il-pd,Burr Ridge IL PD,Burr Ridge,IL,True,https://transparency.flocksafety.com/burr-ridge-il-pd,1620,41.7479,-87.9201
carlyle-il-pd,Carlyle IL PD,Carlyle,IL,True,https://transparency.flocksafety.com/carlyle-il-pd,1326,38.6223,-89.3754
casey-il-pd,Casey IL PD,Casey,IL,True,https://transparency.flocksafety.com/casey-il-pd,825,39.3054,-87.9853
cass-county-il-so,Cass County IL SO,Cass County,IL,True,https://transparency.flocksafety.com/cass-county-il-so,410,39.9692,-90.2457
champaign-il-pd,Champaign IL PD,Champaign,IL,True,https://transparency.flocksafety.com/champaign-il-pd,148,40.1141,-88.2746
chatham-il-pd,Chatham IL PD,Chatham,IL,True,https://transparency.flocksafety.com/chatham-il-pd,1537,39.6745,-89.6933
cortland-il-pd,Cortland IL PD,Cortland,IL,True,https://transparency.flocksafety.com/cortland-il-pd,432,41.9372,-88.6893
crystal-lake-il-pd,Crystal Lake IL PD,Crystal Lake,IL,True,https://transparency.flocksafety.com/crystal-lake-il-pd,1510,42.2332,-88.3344
darien-il-pd,Darien IL PD,Darien,IL,True,https://transparency.flocksafety.com/darien-il-pd,500,41.7457,-87.9815
dekalb-il-pd,DeKalb IL PD,DeKalb,IL,True,https://transparency.flocksafety.com/dekalb-il-pd,305,41.9289,-88.7464
dwight-il-pd,Dwight IL PD,Dwight,IL,True,https://transparency.flocksafety.com/dwight-il-pd,55,41.0987,-88.4221
east-peoria-il-pd,East Peoria IL PD,East Peoria,IL,True,https://transparency.flocksafety.com/east-peoria-il-pd,130,40.6734,-89.5418
effingham-il-pd,Effingham IL PD,Effingham,IL,True,https://transparency.flocksafety.com/effingham-il-pd,466,39.1198,-88.5509
elmwood-park-il-pd,Elmwood Park IL PD,Elmwood Park,IL,True,https://transparency.flocksafety.com/elmwood-park-il-pd,433,41.9225,-87.8163
eureka-il-pd-,Eureka IL PD,Eureka,IL,True,https://transparency.flocksafety.com/eureka-il-pd-,0,40.714,-89.277
evanston-il-pd,Evanston IL PD,Evanston,IL,True,https://transparency.flocksafety.com/evanston-il-pd,0,42.0464,-87.6944
evergreen-park-il-pd,Evergreen Park IL PD,Evergreen Park,IL,True,https://transparency.flocksafety.com/evergreen-park-il-pd,481,41.7213,-87.7013
flossmoor-il-pd,Flossmoor IL PD,Flossmoor,IL,True,https://transparency.flocksafety.com/flossmoor-il-pd,510,41.5391,-87.6857
franklin-county-il-so,Franklin County IL SO,Franklin County,IL,True,https://transparency.flocksafety.com/franklin-county-il-so,203,37.9919,-88.9263
galesburg-il-pd,Galesburg IL PD,Galesburg,IL,True,https://transparency.flocksafety.com/galesburg-il-pd,148,40.9502,-90.3766
geneseo-il-pd-,Geneseo IL PD,Geneseo,IL,True,https://transparency.flocksafety.com/geneseo-il-pd-,391,41.4513,-90.1548
glen-ellyn-il-pd,Glen Ellyn IL PD,Glen Ellyn,IL,True,https://transparency.flocksafety.com/glen-ellyn-il-pd,400,41.8667,-88.0627
glencoe-il-pd,Glencoe IL PD,Glencoe,IL,True,https://transparency.flocksafety.com/glencoe-il-pd,238,42.1345,-87.7632
glendale-heights-il-pd,Glendale Heights IL PD,Glendale Heights,IL,True,https://transparency.flocksafety.com/glendale-heights-il-pd,528,41.9189,-88.0781
gurnee-il-pd,Gurnee IL PD,Gurnee,IL,True,https://transparency.flocksafety.com/gurnee-il-pd,171,42.3701,-87.9368
hanover-park-il-pd-,Hanover Park IL PD,Hanover Park,IL,True,https://transparency.flocksafety.com/hanover-park-il-pd-,253,41.9825,-88.1429
harvey-il-pd,Harvey IL PD,Harvey,IL,True,https://transparency.flocksafety.com/harvey-il-pd,163,41.6076,-87.652
herrin-il-pd,Herrin IL PD,Herrin,IL,True,https://transparency.flocksafety.com/herrin-il-pd,1445,37.7984,-89.0306
hinckley-il-pd,Hinckley IL PD,Hinckley,IL,True,https://transparency.flocksafety.com/hinckley-il-pd,1236,41.7714,-88.6404
hoffman-estates-il-pd,Hoffman Estates IL PD,Hoffman Estates,IL,True,https://transparency.flocksafety.com/hoffman-estates-il-pd,123,42.0652,-88.153
inverness-il-pd,Inverness IL PD,Inverness,IL,True,https://transparency.flocksafety.com/inverness-il-pd,522,42.1151,-88.1009
itasca-il-pd,Itasca IL PD,Itasca,IL,True,https://transparency.flocksafety.com/itasca-il-pd,77,41.9766,-88.0188
kane-county-il-so,Kane County IL SO,Kane County,IL,True,https://transparency.flocksafety.com/kane-county-il-so,590,41.9396,-88.428
kildeer-il-pd,Kildeer IL PD,Kildeer,IL,True,https://transparency.flocksafety.com/kildeer-il-pd,355,42.1814,-88.0489
knox-county-il-so,Knox County IL SO,Knox County,IL,True,https://transparency.flocksafety.com/knox-county-il-so,1647,40.9309,-90.2138
lake-bluff-il-pd-,Lake Bluff IL PD,Lake Bluff,IL,True,https://transparency.flocksafety.com/lake-bluff-il-pd-,100,42.2827,-87.8523
lake-zurich-il-pd,Lake Zurich IL PD,Lake Zurich,IL,True,https://transparency.flocksafety.com/lake-zurich-il-pd,127,42.195,-88.0877
leroy-il-pd,LeRoy IL PD,LeRoy,IL,True,https://transparency.flocksafety.com/leroy-il-pd,63,40.352,-88.7642
lombard-il-pd,Lombard IL PD,Lombard,IL,True,https://transparency.flocksafety.com/lombard-il-pd,544,41.8738,-88.0155
manteno-il-pd,Manteno IL PD,Manteno,IL,True,https://transparency.flocksafety.com/manteno-il-pd,526,41.2478,-87.8443
marseilles-il-pd,Marseilles IL PD,Marseilles,IL,True,https://transparency.flocksafety.com/marseilles-il-pd,531,41.2822,-88.6814
marshall-il-pd,Marshall IL PD,Marshall,IL,True,https://transparency.flocksafety.com/marshall-il-pd,336,39.3995,-87.6912
mchenry-il-pd,McHenry IL PD,McHenry,IL,True,https://transparency.flocksafety.com/mchenry-il-pd,487,42.3362,-88.2917
metamora-il-pd,Metamora IL PD,Metamora,IL,True,https://transparency.flocksafety.com/metamora-il-pd,842,40.795,-89.3684
metropolis-il-pd,Metropolis IL PD,Metropolis,IL,True,https://transparency.flocksafety.com/metropolis-il-pd,1094,37.1496,-88.6874
morton-grove-il-pd,Morton Grove IL PD,Morton Grove,IL,True,https://transparency.flocksafety.com/morton-grove-il-pd,177,42.0423,-87.789
morton-il-pd,Morton IL PD,Morton,IL,True,https://transparency.flocksafety.com/morton-il-pd,524,40.6137,-89.4668
mundelein-il-pd,Mundelein IL PD,Mundelein,IL,True,https://transparency.flocksafety.com/mundelein-il-pd,173,42.2691,-88.0115
naperville-il-pd,Naperville IL PD,Naperville,IL,True,https://transparency.flocksafety.com/naperville-il-pd,467,41.7492,-88.162
new-lenox-il-pd,New Lenox IL PD,New Lenox,IL,True,https://transparency.flocksafety.com/new-lenox-il-pd,604,41.51,-87.97
niles-il-pd,Niles IL PD,Niles,IL,True,https://transparency.flocksafety.com/niles-il-pd,492,42.0279,-87.81
normal-il-pd-,Normal IL PD,Normal,IL,True,https://transparency.flocksafety.com/normal-il-pd-,232,40.5197,-88.9907
oak-lawn-il-pd,Oak Lawn IL PD,Oak Lawn,IL,True,https://transparency.flocksafety.com/oak-lawn-il-pd,1647,41.7139,-87.7528
oak-park-il-pd,Oak Park IL PD,Oak Park,IL,True,https://transparency.flocksafety.com/oak-park-il-pd,25,41.8872,-87.7899
ottawa-il-pd,Ottawa IL PD,Ottawa,IL,True,https://transparency.flocksafety.com/ottawa-il-pd,1404,41.354,-88.8234
palatine-il-pd,Palatine IL PD,Palatine,IL,True,https://transparency.flocksafety.com/palatine-il-pd,55,42.1165,-88.0444
palos-hills-il-pd,Palos Hills IL PD,Palos Hills,IL,True,https://transparency.flocksafety.com/palos-hills-il-pd,133,41.7007,-87.8253
palos-park-il-pd,Palos Park IL PD,Palos Park,IL,True,https://transparency.flocksafety.com/palos-park-il-pd,154,41.6662,-87.8296
park-ridge-il-pd,Park Ridge IL PD,Park Ridge,IL,True,https://transparency.flocksafety.com/park-ridge-il-pd,425,42.0118,-87.8434
paxton-il-pd-,Paxton IL PD,Paxton,IL,True,https://transparency.flocksafety.com/paxton-il-pd-,471,40.4563,-88.1034
pekin-il-pd,Pekin IL PD,Pekin,IL,True,https://transparency.flocksafety.com/pekin-il-pd,453,40.5688,-89.6251
peotone-il-pd-,Peotone IL PD,Peotone,IL,True,https://transparency.flocksafety.com/peotone-il-pd-,170,41.3307,-87.7963
village-of-pingree-grove-il-pd,Pingree Grove IL PD,Pingree Grove,IL,True,https://transparency.flocksafety.com/village-of-pingree-grove-il-pd,337,42.0876,-88.436
pontiac-il-pd,Pontiac IL PD,Pontiac,IL,True,https://transparency.flocksafety.com/pontiac-il-pd,462,40.8893,-88.6414
prospect-heights-il-pd,Prospect Heights IL PD,Prospect Heights,IL,True,https://transparency.flocksafety.com/prospect-heights-il-pd,504,42.1037,-87.929
quincy-il-pd,Quincy IL PD,Quincy,IL,True,https://transparency.flocksafety.com/quincy-il-pd,207,39.9337,-91.3793
rantoul-il-pd,Rantoul IL PD,Rantoul,IL,True,https://transparency.flocksafety.com/rantoul-il-pd,138,40.3026,-88.1549
river-grove-il-pd-,River Grove IL PD,River Grove,IL,True,https://transparency.flocksafety.com/river-grove-il-pd-,530,41.9243,-87.8379
riverwoods-il-pd,Riverwoods IL PD,Riverwoods,IL,True,https://transparency.flocksafety.com/riverwoods-il-pd,238,42.1729,-87.8949
rolling-meadows-il-pd,Rolling Meadows IL PD,Rolling Meadows,IL,True,https://transparency.flocksafety.com/rolling-meadows-il-pd,569,42.0749,-88.0254
romeoville-il-pd,Romeoville IL PD,Romeoville,IL,True,https://transparency.flocksafety.com/romeoville-il-pd,165,41.6279,-88.1012
roselle-il-pd-,Roselle IL PD,Roselle,IL,True,https://transparency.flocksafety.com/roselle-il-pd-,552,41.9802,-88.0859
round-lake-park-il-pd,Round Lake Park IL PD,Round Lake Park,IL,True,https://transparency.flocksafety.com/round-lake-park-il-pd,349,42.3407,-88.0812
sangamon-county-il-so,Sangamon County IL SO,Sangamon County,IL,True,https://transparency.flocksafety.com/sangamon-county-il-so,1723,39.7569,-89.6624
springfield-il-pd,Springfield IL PD,Springfield,IL,True,https://transparency.flocksafety.com/springfield-il-pd,74,39.7911,-89.6446
st-charles-il-pd,St Charles IL PD,St. Charles,IL,True,https://transparency.flocksafety.com/st-charles-il-pd,570,41.9194,-88.3107
sterling-il-pd,Sterling IL PD,Sterling,IL,True,https://transparency.flocksafety.com/sterling-il-pd,137,41.7997,-89.6959
streator-il-pd,Streator IL PD,Streator,IL,True,https://transparency.flocksafety.com/streator-il-pd,60,41.125,-88.8296
sugar-grove-il-pd-,Sugar Grove IL PD,Sugar Grove,IL,True,https://transparency.flocksafety.com/sugar-grove-il-pd-,53,41.7686,-88.4489
university-of-illinois-at-urbanachampaign-il-pd,University of Illinois Urbana-Champaign IL PD,,IL,True,https://transparency.flocksafety.com/university-of-illinois-at-urbanachampaign-il-pd,209,40.0985,-88.2291
vernon-hills-il-pd,Vernon Hills IL PD,Vernon Hills,IL,True,https://transparency.flocksafety.com/vernon-hills-il-pd,105,42.2344,-87.9611
warrenville-il-pd,Warrenville IL PD,Warrenville,IL,True,https://transparency.flocksafety.com/warrenville-il-pd,532,41.821,-88.1875
wauconda-il-pd,Wauconda IL PD,Wauconda,IL,True,https://transparency.flocksafety.com/wauconda-il-pd,1538,42.277,-88.1353
willowbrook-il-pd,Willowbrook IL PD,Willowbrook,IL,True,https://transparency.flocksafety.com/willowbrook-il-pd,547,41.7673,-87.9421
wilmette-il-pd-,Wilmette IL PD,Wilmette,IL,True,https://transparency.flocksafety.com/wilmette-il-pd-,251,42.0773,-87.7286
wilmington-il-pd,Wilmington IL PD,Wilmington,IL,True,https://transparency.flocksafety.com/wilmington-il-pd,548,41.3194,-88.1602
woodridge-il-pd,Woodridge IL PD,Woodridge,IL,True,https://transparency.flocksafety.com/woodridge-il-pd,544,41.7374,-88.0441
woodstock-il-pd,Woodstock IL PD,Woodstock,IL,True,https://transparency.flocksafety.com/woodstock-il-pd,543,42.3095,-88.4353
allen-county-in-so,Allen County IN SO,Allen County,IN,True,https://transparency.flocksafety.com/allen-county-in-so,997,41.0919,-85.0718
auburn-in-pd,Auburn IN PD,Auburn,IN,True,https://transparency.flocksafety.com/auburn-in-pd,99,41.3676,-85.055
avon-in-pd,Avon IN PD,Avon,IN,True,https://transparency.flocksafety.com/avon-in-pd,169,39.7607,-86.3941
blackford-county-in-so,Blackford County IN SO,Blackford County,IN,True,https://transparency.flocksafety.com/blackford-county-in-so,287,40.4727,-85.3237
bluffton-in-pd,Bluffton IN PD,Bluffton,IN,True,https://transparency.flocksafety.com/bluffton-in-pd,43,40.7435,-85.1721
boone-county-in-so,Boone County IN SO,Boone County,IN,True,https://transparency.flocksafety.com/boone-county-in-so,2148,40.0509,-86.469
bremen-in-pd,Bremen IN PD,Bremen,IN,True,https://transparency.flocksafety.com/bremen-in-pd,63,41.4488,-86.1507
cedar-lake-in-pd,Cedar Lake IN PD,Cedar Lake,IN,True,https://transparency.flocksafety.com/cedar-lake-in-pd,37,41.3723,-87.442
corydon-in-pd,Corydon IN PD,Corydon,IN,True,https://transparency.flocksafety.com/corydon-in-pd,481,38.2129,-86.1256
delphi-in-pd,Delphi IN PD,Delphi,IN,True,https://transparency.flocksafety.com/delphi-in-pd,1805,40.5834,-86.6668
evansville-in-pd,Evansville IN PD,Evansville,IN,True,https://transparency.flocksafety.com/evansville-in-pd,158,37.9877,-87.5347
fort-wayne-in-pd-,Fort Wayne IN PD,Fort Wayne,IN,True,https://transparency.flocksafety.com/fort-wayne-in-pd-,160,41.0891,-85.1439
greene-county-in-so,Greene County IN SO,Greene County,IN,True,https://transparency.flocksafety.com/greene-county-in-so,372,39.0471,-87.0048
greenfield-in-pd,Greenfield IN PD,Greenfield,IN,True,https://transparency.flocksafety.com/greenfield-in-pd,2141,39.7933,-85.7725
greenwood-in-pd,Greenwood IN PD,Greenwood,IN,True,https://transparency.flocksafety.com/greenwood-in-pd,2027,39.603,-86.1085
hancock-county-in-so,Hancock County IN SO,Hancock County,IN,True,https://transparency.flocksafety.com/hancock-county-in-so,3098,39.8225,-85.7732
hartford-city-in-pd,Hartford City IN PD,Hartford City,IN,True,https://transparency.flocksafety.com/hartford-city-in-pd,352,40.4537,-85.3732
hendricks-county-in-so,Hendricks County IN SO,Hendricks County,IN,True,https://transparency.flocksafety.com/hendricks-county-in-so,40,39.769,-86.5099
johnson-county-in-so,Johnson County IN SO,Johnson County,IN,True,https://transparency.flocksafety.com/johnson-county-in-so,118,39.4961,-86.0943
kosciusko-county-in-so,Kosciusko County IN SO,Kosciusko County,IN,True,https://transparency.flocksafety.com/kosciusko-county-in-so,56,41.2443,-85.8616
lafayette-pd-in,Lafayette IN PD,Lafayette,IN,True,https://transparency.flocksafety.com/lafayette-pd-in,2147,40.3994,-86.8628
martinsville-in-pd,Martinsville IN PD,Martinsville,IN,True,https://transparency.flocksafety.com/martinsville-in-pd,82,39.4147,-86.4317
michigan-city-in-pd,Michigan City IN PD,Michigan City,IN,True,https://transparency.flocksafety.com/michigan-city-in-pd,2178,41.7088,-86.8669
milton-in-pd,Milton IN PD,Milton,IN,True,https://transparency.flocksafety.com/milton-in-pd,136,39.7865,-85.1562
montezuma-in-pd,Montezuma IN PD,Montezuma,IN,True,https://transparency.flocksafety.com/montezuma-in-pd,52,39.791,-87.3694
mooresville-in-pd,Mooresville IN PD,Mooresville,IN,True,https://transparency.flocksafety.com/mooresville-in-pd,34,39.6025,-86.3687
muncie-in-pd,Muncie IN PD,Muncie,IN,True,https://transparency.flocksafety.com/muncie-in-pd,207,40.1988,-85.3951
pittsboro-in-pd,Pittsboro IN PD,Pittsboro,IN,True,https://transparency.flocksafety.com/pittsboro-in-pd,3858,39.8698,-86.4639
plainfield-in-pd,Plainfield IN PD,Plainfield,IN,True,https://transparency.flocksafety.com/plainfield-in-pd,2082,39.6932,-86.372
porter-county-in-so,Porter County IN SO,Porter County,IN,True,https://transparency.flocksafety.com/porter-county-in-so,86,41.5099,-87.0713
scott-county-in-so,Scott County IN SO,Scott County,IN,True,https://transparency.flocksafety.com/scott-county-in-so,343,38.6794,-85.7519
seelyville-in-pd,Seelyville IN PD,Seelyville,IN,True,https://transparency.flocksafety.com/seelyville-in-pd,30,39.4934,-87.2669
shelby-county-in-so,Shelby County IN SO,Shelby County,IN,True,https://transparency.flocksafety.com/shelby-county-in-so,47,39.5241,-85.7922
terre-haute-in-pd,Terre Haute IN PD,Terre Haute,IN,True,https://transparency.flocksafety.com/terre-haute-in-pd,210,39.4642,-87.376
vanderburgh-county-in-so-,Vanderburgh County IN SO,Vanderburgh County,IN,True,https://transparency.flocksafety.com/vanderburgh-county-in-so-,2199,38.0201,-87.5862
vermillion-county-in-so,Vermillion County IN SO,Vermillion County,IN,True,https://transparency.flocksafety.com/vermillion-county-in-so,403,39.854,-87.4621
vigo-county-in-so,Vigo County IN SO,Vigo County,IN,True,https://transparency.flocksafety.com/vigo-county-in-so,115,39.4309,-87.391
warrick-co-in-so,Warrick County IN SO,Warrick County,IN,True,https://transparency.flocksafety.com/warrick-co-in-so,2304,38.0977,-87.272
wells-county-in-so,Wells County IN SO,Wells County,IN,True,https://transparency.flocksafety.com/wells-county-in-so,143,40.7355,-85.2133
west-lafayette-in-pd,West Lafayette IN PD,West Lafayette,IN,True,https://transparency.flocksafety.com/west-lafayette-in-pd,155,40.4437,-86.9236
westfield-in-pd,Westfield IN PD,Westfield,IN,True,https://transparency.flocksafety.com/westfield-in-pd,2157,40.036,-86.1522
whitestown-in-pd,Whitestown IN PD,Whitestown,IN,True,https://transparency.flocksafety.com/whitestown-in-pd,2236,39.9717,-86.3717
winchester-in-pd,Winchester IN PD,Winchester,IN,True,https://transparency.flocksafety.com/winchester-in-pd,58,40.1721,-84.9771
zionsville-in-pd,Zionsville IN PD,Zionsville,IN,True,https://transparency.flocksafety.com/zionsville-in-pd,645,39.9915,-86.3217
bel-aire-ks-pd,Bel Aire KS PD,Bel Aire,KS,True,https://transparency.flocksafety.com/bel-aire-ks-pd,53,37.7759,-97.2466
butler-county-ks-so,Butler County KS SO,Butler County,KS,True,https://transparency.flocksafety.com/butler-county-ks-so,173,37.7736,-96.8388
derby-ks-pd,Derby KS PD,Derby,KS,True,https://transparency.flocksafety.com/derby-ks-pd,1211,37.5596,-97.2558
dodge-city-ks-pd,Dodge City KS PD,Dodge City,KS,True,https://transparency.flocksafety.com/dodge-city-ks-pd,187,37.7607,-100.0184
el-dorado-ks-pd,El Dorado KS PD,El Dorado,KS,True,https://transparency.flocksafety.com/el-dorado-ks-pd,165,37.8216,-96.8622
frontenac-ks-pd,Frontenac KS PD,Frontenac,KS,True,https://transparency.flocksafety.com/frontenac-ks-pd,66,37.4588,-94.7008
haysville-ks-pd,Haysville KS PD,Haysville,KS,True,https://transparency.flocksafety.com/haysville-ks-pd,121,37.5661,-97.3535
hesston-ks-pd,Hesston KS PD,Hesston,KS,True,https://transparency.flocksafety.com/hesston-ks-pd,112,38.1401,-97.427
junction-city-ks-pd,Junction City KS PD,Junction City,KS,True,https://transparency.flocksafety.com/junction-city-ks-pd,1477,39.0272,-96.8523
leavenworth-ks-pd,Leavenworth KS PD,Leavenworth,KS,True,https://transparency.flocksafety.com/leavenworth-ks-pd,44,39.3227,-94.925
lindsborg-ks-pd,Lindsborg KS PD,Lindsborg,KS,True,https://transparency.flocksafety.com/lindsborg-ks-pd,127,38.5771,-97.674
maize-ks-pd,Maize KS PD,Maize,KS,True,https://transparency.flocksafety.com/maize-ks-pd,139,37.7749,-97.4591
medicine-lodge-ks-pd,Medicine Lodge KS PD,Medicine Lodge,KS,True,https://transparency.flocksafety.com/medicine-lodge-ks-pd,978,37.2851,-98.5812
ness-county-ks-so,Ness County KS SO,Ness County,KS,True,https://transparency.flocksafety.com/ness-county-ks-so,604,38.4804,-99.9087
newton-ks-pd,Newton KS PD,Newton,KS,True,https://transparency.flocksafety.com/newton-ks-pd,48,38.0377,-97.345
norton-ks-pd,Norton KS PD,Norton,KS,True,https://transparency.flocksafety.com/norton-ks-pd,105,39.8362,-99.8916
ottawa-ks-pd,Ottawa KS PD,Ottawa,KS,True,https://transparency.flocksafety.com/ottawa-ks-pd,180,38.6001,-95.2628
park-city-ks-pd,Park KS PD,Park,KS,True,https://transparency.flocksafety.com/park-city-ks-pd,1121,39.1118,-100.3614
parsons-ks-pd,Parsons KS PD,Parsons,KS,True,https://transparency.flocksafety.com/parsons-ks-pd,1303,37.334,-95.265
pawnee-county-ks-so,Pawnee County KS SO,Pawnee County,KS,True,https://transparency.flocksafety.com/pawnee-county-ks-so,864,38.1815,-99.2348
pittsburg-ks-pd,Pittsburg KS PD,Pittsburg,KS,True,https://transparency.flocksafety.com/pittsburg-ks-pd,115,37.4126,-94.6983
wellington-ks-pd,Wellington KS PD,Wellington,KS,True,https://transparency.flocksafety.com/wellington-ks-pd,225,37.2781,-97.4067
wichita-ks-pd,Wichita KS PD,Wichita,KS,True,https://transparency.flocksafety.com/wichita-ks-pd,242,37.6906,-97.3458
wichita-state-university-ks-pd,Wichita State University KS PD,,KS,True,https://transparency.flocksafety.com/wichita-state-university-ks-pd,103,37.7191,-97.2915
allen-county-ky-so,Allen County KY SO,Allen County,KY,True,https://transparency.flocksafety.com/allen-county-ky-so,192,37.6116,-82.7291
ashland-ky-pd,Ashland KY PD,Ashland,KY,True,https://transparency.flocksafety.com/ashland-ky-pd,163,38.4595,-82.6451
audubon-park-ky-pd,Audubon Park KY PD,Audubon Park,KY,True,https://transparency.flocksafety.com/audubon-park-ky-pd,23,38.205,-85.727
bellevue-ky-pd,Bellevue KY PD,Bellevue,KY,True,https://transparency.flocksafety.com/bellevue-ky-pd,121,39.1012,-84.4775
boyle-county-ky-so,Boyle County KY SO,Boyle County,KY,True,https://transparency.flocksafety.com/boyle-county-ky-so,138,37.6181,-84.8684
calloway-county-ky-so,Calloway County KY SO,Calloway County,KY,True,https://transparency.flocksafety.com/calloway-county-ky-so,2127,36.621,-88.2741
elizabethtown-ky-pd,Elizabethtown KY PD,Elizabethtown,KY,True,https://transparency.flocksafety.com/elizabethtown-ky-pd,3322,37.704,-85.8789
eminence-ky-pd,Eminence KY PD,Eminence,KY,True,https://transparency.flocksafety.com/eminence-ky-pd,115,38.3637,-85.1769
georgetown-ky-pd,Georgetown KY PD,Georgetown,KY,True,https://transparency.flocksafety.com/georgetown-ky-pd,365,38.2602,-84.5349
independence-ky-pd,Independence KY PD,Independence,KY,True,https://transparency.flocksafety.com/independence-ky-pd,139,38.9574,-84.5474
lawrenceburg-ky-pd,Lawrenceburg KY PD,Lawrenceburg,KY,True,https://transparency.flocksafety.com/lawrenceburg-ky-pd,143,38.0339,-84.9047
leitchfield-ky-pd,Leitchfield KY PD,Leitchfield,KY,True,https://transparency.flocksafety.com/leitchfield-ky-pd,135,37.4862,-86.2847
logan-county-ky-so,Logan County KY SO,Logan County,KY,True,https://transparency.flocksafety.com/logan-county-ky-so,1942,36.8596,-86.8813
louisville-metro-ky-pd,Louisville Metro KY PD,Louisville Metro,KY,True,https://transparency.flocksafety.com/louisville-metro-ky-pd,233,38.2469,-85.7664
mayfield-ky-pd,Mayfield KY PD,Mayfield,KY,True,https://transparency.flocksafety.com/mayfield-ky-pd,149,36.7375,-88.6445
morehead-ky-pd,Morehead KY PD,Morehead,KY,True,https://transparency.flocksafety.com/morehead-ky-pd,2188,38.19,-83.4491
muhlenberg-county-ky-so,Muhlenberg County KY SO,Muhlenberg County,KY,True,https://transparency.flocksafety.com/muhlenberg-county-ky-so,132,37.2138,-87.1341
radcliff-ky-pd,Radcliff KY PD,Radcliff,KY,True,https://transparency.flocksafety.com/radcliff-ky-pd,535,37.8201,-85.9364
baton-rouge-la-pd,Baton Rouge LA PD,Baton Rouge,LA,True,https://transparency.flocksafety.com/baton-rouge-la-pd,36,30.4404,-91.1332
central-la-pd-,Central LA PD,Central,LA,True,https://transparency.flocksafety.com/central-la-pd-,8,30.5593,-91.0355
lafayette-la-pd,Lafayette LA PD,Lafayette,LA,True,https://transparency.flocksafety.com/lafayette-la-pd,38,30.2056,-92.0281
university-of-louisiana-at-lafayette-pd,University of Louisiana LA PD,,LA,True,https://transparency.flocksafety.com/university-of-louisiana-at-lafayette-pd,0,30.5191,-91.5209
abington-ma-pd,Abington MA PD,Abington,MA,True,https://transparency.flocksafety.com/abington-ma-pd,0,42.1158,-70.9566
auburn-ma-pd,Auburn MA PD,Auburn,MA,True,https://transparency.flocksafety.com/auburn-ma-pd,48,42.1945,-71.8356
barnstable-ma-pd,Barnstable MA PD,Barnstable,MA,True,https://transparency.flocksafety.com/barnstable-ma-pd,20,41.7061,-70.1648
beverly-ma-pd,Beverly MA PD,Beverly,MA,True,https://transparency.flocksafety.com/beverly-ma-pd,96,42.5567,-70.845
cohasset-ma-pd,Cohasset MA PD,Cohasset,MA,True,https://transparency.flocksafety.com/cohasset-ma-pd,14,42.2408,-70.8021
dartmouth-ma-pd,Dartmouth MA PD,Dartmouth,MA,True,https://transparency.flocksafety.com/dartmouth-ma-pd,5,41.6395,-70.9865
douglas-ma-pd,Douglas MA PD,Douglas,MA,True,https://transparency.flocksafety.com/douglas-ma-pd,18,42.0543,-71.7394
east-bridgewater-ma-pd,East Bridgewater MA PD,East Bridgewater,MA,True,https://transparency.flocksafety.com/east-bridgewater-ma-pd,12,42.0334,-70.9592
framingham-ma-pd,Framingham MA PD,Framingham,MA,True,https://transparency.flocksafety.com/framingham-ma-pd,110,42.3079,-71.4362
franklin-ma-pd,Franklin MA PD,Franklin,MA,True,https://transparency.flocksafety.com/franklin-ma-pd,60,42.5845,-72.5918
grafton-ma-pd,Grafton MA PD,Grafton,MA,True,https://transparency.flocksafety.com/grafton-ma-pd,83,42.207,-71.6856
groton-ma-pd,Groton MA PD,Groton,MA,True,https://transparency.flocksafety.com/groton-ma-pd,10,42.6116,-71.5647
hingham-ma-pd,Hingham MA PD,Hingham,MA,True,https://transparency.flocksafety.com/hingham-ma-pd,23,42.2331,-70.8895
hopkinton-ma-pd,Hopkinton MA PD,Hopkinton,MA,True,https://transparency.flocksafety.com/hopkinton-ma-pd,110,42.2256,-71.5241
hull-ma-pd,Hull MA PD,Hull,MA,True,https://transparency.flocksafety.com/hull-ma-pd,18,42.3402,-70.8833
malden-ma-pd,Malden MA PD,Malden,MA,True,https://transparency.flocksafety.com/malden-ma-pd,109,42.4294,-71.0587
millis-ma-pd,Millis MA PD,Millis,MA,True,https://transparency.flocksafety.com/millis-ma-pd,10,42.167,-71.3517
monson-ma-pd,Monson MA PD,Monson,MA,True,https://transparency.flocksafety.com/monson-ma-pd,1,42.1042,-72.319
north-attleboro-ma-pd,North Attleboro MA PD,North Attleboro,MA,True,https://transparency.flocksafety.com/north-attleboro-ma-pd,159,41.9829,-71.3289
norwell-ma-pd,Norwell MA PD,Norwell,MA,True,https://transparency.flocksafety.com/norwell-ma-pd,69,42.1574,-70.8178
pembroke-ma-pd,Pembroke MA PD,Pembroke,MA,True,https://transparency.flocksafety.com/pembroke-ma-pd,14,42.0715,-70.8092
quincy-ma-pd-,Quincy MA PD,Quincy,MA,True,https://transparency.flocksafety.com/quincy-ma-pd-,24,42.261,-71.009
stow-ma-pd,Stow MA PD,Stow,MA,True,https://transparency.flocksafety.com/stow-ma-pd,1,42.437,-71.5056
tewksbury-ma-pd,Tewksbury MA PD,Tewksbury,MA,True,https://transparency.flocksafety.com/tewksbury-ma-pd,27,42.6106,-71.2342
wakefield-ma-pd,Wakefield MA PD,Wakefield,MA,True,https://transparency.flocksafety.com/wakefield-ma-pd,121,42.5044,-71.0641
waltham-ma-pd-,Waltham MA PD,Waltham,MA,True,https://transparency.flocksafety.com/waltham-ma-pd-,103,42.3889,-71.2423
wareham-ma-pd,Wareham MA PD,Wareham,MA,True,https://transparency.flocksafety.com/wareham-ma-pd,19,41.7607,-70.7211
weymouth-ma-pd-,Weymouth MA PD,Weymouth,MA,True,https://transparency.flocksafety.com/weymouth-ma-pd-,104,42.2176,-70.9369
boonsboro-md-pd,Boonsboro MD PD,Boonsboro,MD,True,https://transparency.flocksafety.com/boonsboro-md-pd,2,39.5106,-77.6647
delmar-md-pd,Delmar MD PD,Delmar,MD,True,https://transparency.flocksafety.com/delmar-md-pd,3,38.4421,-75.5604
forest-heights-md-pd,Forest Heights MD PD,Forest Heights,MD,True,https://transparency.flocksafety.com/forest-heights-md-pd,58,38.8038,-77.0117
glenarden-md-pd,Glenarden MD PD,Glenarden,MD,True,https://transparency.flocksafety.com/glenarden-md-pd,3,38.9293,-76.8577
hagerstown-md-pd,Hagerstown MD PD,Hagerstown,MD,True,https://transparency.flocksafety.com/hagerstown-md-pd,6,39.6402,-77.7227
pocomoke-city-md-pd,Pocomoke City MD PD,Pocomoke City,MD,True,https://transparency.flocksafety.com/pocomoke-city-md-pd,473,38.0632,-75.5592
salisbury-md-pd,Salisbury MD PD,Salisbury,MD,True,https://transparency.flocksafety.com/salisbury-md-pd,65,38.3753,-75.5859
washington-county-md-so,Washington County MD SO,Washington County,MD,True,https://transparency.flocksafety.com/washington-county-md-so,78,39.6036,-77.8147
auburn-me-pd,Auburn ME PD,Auburn,ME,True,https://transparency.flocksafety.com/auburn-me-pd,46,44.0845,-70.2496
falmouth-me-pd,Falmouth ME PD,Falmouth,ME,True,https://transparency.flocksafety.com/falmouth-me-pd,6,43.716,-70.2311
york-me-pd,York ME PD,York,ME,True,https://transparency.flocksafety.com/york-me-pd,164,43.426,-70.6684
adrian-mi-pd,Adrian MI PD,Adrian,MI,True,https://transparency.flocksafety.com/adrian-mi-pd,4087,41.8988,-84.0448
allen-park-pd-mi,Allen Park MI PD,Allen Park,MI,True,https://transparency.flocksafety.com/allen-park-pd-mi,2,42.2595,-83.2104
bloomfield-twp-mi-pd,Bloomfield MI PD,Bloomfield,MI,True,https://transparency.flocksafety.com/bloomfield-twp-mi-pd,0,42.5813,-83.2812
coldwater-mi-pd,Coldwater MI PD,Coldwater,MI,True,https://transparency.flocksafety.com/coldwater-mi-pd,1815,41.946,-84.9993
ferndale-mi-pd,Ferndale MI PD,Ferndale,MI,True,https://transparency.flocksafety.com/ferndale-mi-pd,77,42.4592,-83.1314
grand-blanc-twp-mi-pd,Grand Blanc MI PD,Grand Blanc,MI,True,https://transparency.flocksafety.com/grand-blanc-twp-mi-pd,1585,42.9325,-83.6205
grand-rapids-mi-pd,Grand Rapids MI PD,Grand Rapids,MI,True,https://transparency.flocksafety.com/grand-rapids-mi-pd,1704,42.9612,-85.6556
grand-traverse-county-mi-so,Grand Traverse County MI SO,Grand Traverse County,MI,True,https://transparency.flocksafety.com/grand-traverse-county-mi-so,1498,44.7187,-85.5538
grandville-pd-mi,Grandville MI PD,Grandville,MI,True,https://transparency.flocksafety.com/grandville-pd-mi,1600,42.9005,-85.7521
highland-park-mi-pd,Highland Park MI PD,Highland Park,MI,True,https://transparency.flocksafety.com/highland-park-mi-pd,112,42.4052,-83.0977
holland-mi-pd,Holland MI PD,Holland,MI,True,https://transparency.flocksafety.com/holland-mi-pd,144,42.7681,-86.0986
jackson-mi-pd,Jackson MI PD,Jackson,MI,True,https://transparency.flocksafety.com/jackson-mi-pd,106,42.2422,-84.402
kalamazoo-mi-pd,Kalamazoo MI PD,Kalamazoo,MI,True,https://transparency.flocksafety.com/kalamazoo-mi-pd,130,42.2752,-85.5885
kent-county-mi-so,Kent County MI SO,Kent County,MI,True,https://transparency.flocksafety.com/kent-county-mi-so,490,43.0325,-85.5474
livonia-mi-pd,Livonia MI PD,Livonia,MI,True,https://transparency.flocksafety.com/livonia-mi-pd,107,42.3972,-83.3723
lowell-mi-pd,Lowell MI PD,Lowell,MI,True,https://transparency.flocksafety.com/lowell-mi-pd,219,42.9346,-85.3462
marine-city-mi-pd,Marine City MI PD,Marine City,MI,True,https://transparency.flocksafety.com/marine-city-mi-pd,0,42.7143,-82.5028
mi-village-of-middleville,Middleville MI PD,Middleville,MI,True,https://transparency.flocksafety.com/mi-village-of-middleville,0,42.7153,-85.4686
milan-mi-pd,Milan MI PD,Milan,MI,True,https://transparency.flocksafety.com/milan-mi-pd,36,42.0813,-83.6848
monroe-mi-pd,Monroe MI PD,Monroe,MI,True,https://transparency.flocksafety.com/monroe-mi-pd,199,41.9166,-83.3843
muskegon-mi-pd,Muskegon MI PD,Muskegon,MI,True,https://transparency.flocksafety.com/muskegon-mi-pd,117,43.2265,-86.2572
napoleon-twp-mi-pd,Napoleon Township MI PD,Napoleon Township,MI,True,https://transparency.flocksafety.com/napoleon-twp-mi-pd,0,42.1837,-84.3016
portage-mi-pd,Portage MI PD,Portage,MI,True,https://transparency.flocksafety.com/portage-mi-pd,2529,42.197,-85.5914
river-rouge-mi-pd,River Rouge MI PD,River Rouge,MI,True,https://transparency.flocksafety.com/river-rouge-mi-pd,97,42.2743,-83.1242
shelby-township-mi-pd,Shelby MI PD,Shelby,MI,True,https://transparency.flocksafety.com/shelby-township-mi-pd,194,43.6121,-86.3645
south-lyon-mi-pd,South Lyon MI PD,South Lyon,MI,True,https://transparency.flocksafety.com/south-lyon-mi-pd,29,42.461,-83.6532
sterling-heights-mi-pd,Sterling Heights MI PD,Sterling Heights,MI,True,https://transparency.flocksafety.com/sterling-heights-mi-pd,231,42.5812,-83.0303
sumpter-twp-mi-pd,Sumpter Township MI PD,Sumpter Township,MI,True,https://transparency.flocksafety.com/sumpter-twp-mi-pd,193,42.1606,-83.4823
taylor-mi-pd,Taylor MI PD,Taylor,MI,True,https://transparency.flocksafety.com/taylor-mi-pd,144,42.2253,-83.2677
troy-mi-pd-,Troy MI PD,Troy,MI,True,https://transparency.flocksafety.com/troy-mi-pd-,252,42.5839,-83.1455
walker-mi-pd,Walker MI PD,Walker,MI,True,https://transparency.flocksafety.com/walker-mi-pd,221,42.9966,-85.7564
waterford-township-mi-pd,Waterford Township MI PD,Waterford Township,MI,True,https://transparency.flocksafety.com/waterford-township-mi-pd,130,42.6601,-83.3862
wolverine-lake-mi-pd,Wolverine Lake MI PD,Wolverine Lake,MI,True,https://transparency.flocksafety.com/wolverine-lake-mi-pd,90,42.5533,-83.4864
wyoming-mi-pd,Wyoming MI PD,Wyoming,MI,True,https://transparency.flocksafety.com/wyoming-mi-pd,1709,42.8903,-85.7067
alexandria-mn-pd,Alexandria MN PD,Alexandria,MN,True,https://transparency.flocksafety.com/alexandria-mn-pd,64,45.8772,-95.377
anoka-county-mn-so,Anoka County MN SO,Anoka County,MN,True,https://transparency.flocksafety.com/anoka-county-mn-so,828,45.2144,-93.3916
anoka-mn-pd,Anoka MN PD,Anoka,MN,True,https://transparency.flocksafety.com/anoka-mn-pd,75,45.2144,-93.3916
becker-county-mn-so,Becker County MN SO,Becker County,MN,True,https://transparency.flocksafety.com/becker-county-mn-so,47,45.3865,-93.8873
blaine-mn-pd,Blaine MN PD,Blaine,MN,True,https://transparency.flocksafety.com/blaine-mn-pd,82,45.1705,-93.2061
brooklyn-center-mn-pd,Brooklyn Center MN PD,Brooklyn Center,MN,True,https://transparency.flocksafety.com/brooklyn-center-mn-pd,36,45.068,-93.3178
brooklyn-park-mn-pd,Brooklyn Park MN PD,Brooklyn Park,MN,True,https://transparency.flocksafety.com/brooklyn-park-mn-pd,65,45.1109,-93.3491
champlin-mn-pd,Champlin MN PD,Champlin,MN,True,https://transparency.flocksafety.com/champlin-mn-pd,106,45.1729,-93.3868
chisago-county-mn-so,Chisago County MN SO,Chisago County,MN,True,https://transparency.flocksafety.com/chisago-county-mn-so,87,45.5054,-92.9038
columbia-heights-mn-pd,Columbia Heights MN PD,Columbia Heights,MN,True,https://transparency.flocksafety.com/columbia-heights-mn-pd,28,45.0491,-93.2467
coon-rapids-mn-pd,Coon Rapids MN PD,Coon Rapids,MN,True,https://transparency.flocksafety.com/coon-rapids-mn-pd,53,45.1764,-93.3115
corcoran-mn-pd,Corcoran MN PD,Corcoran,MN,True,https://transparency.flocksafety.com/corcoran-mn-pd,37,45.1069,-93.578
crow-wing-county-mn-so,Crow Wing County MN SO,Crow Wing County,MN,True,https://transparency.flocksafety.com/crow-wing-county-mn-so,67,46.4917,-94.0707
dayton-mn-pd,Dayton MN PD,Dayton,MN,True,https://transparency.flocksafety.com/dayton-mn-pd,97,45.1891,-93.4716
deephaven-mn-pd,Deephaven MN PD,Deephaven,MN,True,https://transparency.flocksafety.com/deephaven-mn-pd,2,44.932,-93.5291
detroit-lakes-mn-pd,Detroit Lakes MN PD,Detroit Lakes,MN,True,https://transparency.flocksafety.com/detroit-lakes-mn-pd,64,46.8076,-95.8466
edina-mn-pd,Edina MN PD,Edina,MN,True,https://transparency.flocksafety.com/edina-mn-pd,13,44.8911,-93.3598
elk-river-mn-pd,Elk River MN PD,Elk River,MN,True,https://transparency.flocksafety.com/elk-river-mn-pd,40,45.3322,-93.5665
faribault-mn-pd,Faribault MN PD,Faribault,MN,True,https://transparency.flocksafety.com/faribault-mn-pd,1,44.2997,-93.2789
forest-lake-mn-pd,Forest Lake MN PD,Forest Lake,MN,True,https://transparency.flocksafety.com/forest-lake-mn-pd,6,45.2508,-92.9669
fridley-mn-pd,Fridley MN PD,Fridley,MN,True,https://transparency.flocksafety.com/fridley-mn-pd,131,45.0842,-93.2601
grand-rapids-mn-pd,Grand Rapids MN PD,Grand Rapids,MN,True,https://transparency.flocksafety.com/grand-rapids-mn-pd,29,47.2385,-93.5326
hennepin-county-mn-so,Hennepin County MN SO,Hennepin County,MN,True,https://transparency.flocksafety.com/hennepin-county-mn-so,37,45.0061,-93.4752
lake-city-mn-pd,Lake City MN PD,Lake City,MN,True,https://transparency.flocksafety.com/lake-city-mn-pd,513,44.4457,-92.2809
lakes-area-mn-pd,Lakes Area MN PD,Lakes Area,MN,True,https://transparency.flocksafety.com/lakes-area-mn-pd,55,46.7296,-94.6859
lakeville-mn-pd,Lakeville MN PD,Lakeville,MN,True,https://transparency.flocksafety.com/lakeville-mn-pd,112,44.6761,-93.2517
maple-grove-mn-pd,Maple Grove MN PD,Maple Grove,MN,True,https://transparency.flocksafety.com/maple-grove-mn-pd,83,45.1128,-93.463
maplewood-mn-pd,Maplewood MN PD,Maplewood,MN,True,https://transparency.flocksafety.com/maplewood-mn-pd,29,45.019,-93.0311
medina-mn-pd,Medina MN PD,Medina,MN,True,https://transparency.flocksafety.com/medina-mn-pd,89,45.0345,-93.5756
moorhead-mn-pd,Moorhead MN PD,Moorhead,MN,True,https://transparency.flocksafety.com/moorhead-mn-pd,0,46.8647,-96.7446
mounds-view-mn-pd,Mounds View MN PD,Mounds View,MN,True,https://transparency.flocksafety.com/mounds-view-mn-pd,90,45.1067,-93.2068
new-brighton-dept-of-pub-safety-mn,New Brighton MN PD,New Brighton,MN,True,https://transparency.flocksafety.com/new-brighton-dept-of-pub-safety-mn,52,45.0672,-93.2058
new-prague-mn-pd,New Prague MN PD,New Prague,MN,True,https://transparency.flocksafety.com/new-prague-mn-pd,0,44.5457,-93.5756
orono-mn-pd,Orono MN PD,Orono,MN,True,https://transparency.flocksafety.com/orono-mn-pd,78,44.961,-93.5877
owatonna-mn-pd,Owatonna MN PD,Owatonna,MN,True,https://transparency.flocksafety.com/owatonna-mn-pd,119,44.0919,-93.2317
plymouth-mn-pd,Plymouth MN PD,Plymouth,MN,True,https://transparency.flocksafety.com/plymouth-mn-pd,61,45.0223,-93.4629
prior-lake-mn-pd,Prior Lake MN PD,Prior Lake,MN,True,https://transparency.flocksafety.com/prior-lake-mn-pd,26,44.7256,-93.4409
ramsey-mn-pd,Ramsey MN PD,Ramsey,MN,True,https://transparency.flocksafety.com/ramsey-mn-pd,77,45.26,-93.4522
rogers-mn-pd,Rogers MN PD,Rogers,MN,True,https://transparency.flocksafety.com/rogers-mn-pd,46,45.1838,-93.5717
roseville-mn-pd,Roseville MN PD,Roseville,MN,True,https://transparency.flocksafety.com/roseville-mn-pd,53,45.0156,-93.1538
sartell-mn-pd,Sartell MN PD,Sartell,MN,True,https://transparency.flocksafety.com/sartell-mn-pd,8,45.6181,-94.2122
south-saint-paul-mn-pd,South St. Paul MN PD,South St. Paul,MN,True,https://transparency.flocksafety.com/south-saint-paul-mn-pd,0,44.888,-93.0405
spring-lake-park-mn-pd,Spring Lake Park MN PD,Spring Lake Park,MN,True,https://transparency.flocksafety.com/spring-lake-park-mn-pd,72,45.1159,-93.2452
st-louis-county-mn-so,St Louis County MN SO,St. Louis County,MN,True,https://transparency.flocksafety.com/st-louis-county-mn-so,35,47.5786,-92.5146
st-paul-mn-pd,St Paul MN PD,St Paul,MN,True,https://transparency.flocksafety.com/st-paul-mn-pd,58,44.9537,-93.09
st-cloud-mn-pd,St. Cloud MN PD,St. Cloud,MN,True,https://transparency.flocksafety.com/st-cloud-mn-pd,12,45.5267,-94.171
saint-louis-park-mn-pd,St. Louis Park MN PD,St. Louis Park,MN,True,https://transparency.flocksafety.com/saint-louis-park-mn-pd,42,44.9487,-93.365
stillwater-mn-pd,Stillwater MN PD,Stillwater,MN,True,https://transparency.flocksafety.com/stillwater-mn-pd,267,45.0586,-92.8304
university-of-minnesota-mn-pd-twin-cities,University of Minnesota MN PD,,MN,True,https://transparency.flocksafety.com/university-of-minnesota-mn-pd-twin-cities,0,44.974,-93.2277
wayzata-mn-pd,Wayzata MN PD,Wayzata,MN,True,https://transparency.flocksafety.com/wayzata-mn-pd,84,44.97,-93.5182
west-hennepin-mn-public-safety-department,West Hennepin MN PD,West Hennepin,MN,True,https://transparency.flocksafety.com/west-hennepin-mn-public-safety-department,74,46.1519,-96.1831
willmar-mn-pd,Willmar MN PD,Willmar,MN,True,https://transparency.flocksafety.com/willmar-mn-pd,49,45.121,-95.0587
wright-county-mn-so,Wright County MN SO,Wright County,MN,True,https://transparency.flocksafety.com/wright-county-mn-so,51,46.6725,-93.0069
wyoming-mn-pd,Wyoming MN PD,Wyoming,MN,True,https://transparency.flocksafety.com/wyoming-mn-pd,22,45.3399,-92.9684
audrain-county-mo-so,Audrain County MO SO,Audrain County,MO,True,https://transparency.flocksafety.com/audrain-county-mo-so,141,39.2145,-91.8434
belton-mo-pd,Belton MO PD,Belton,MO,True,https://transparency.flocksafety.com/belton-mo-pd,102,38.8187,-94.5296
blue-springs-mo-pd,Blue Springs MO PD,Blue Springs,MO,True,https://transparency.flocksafety.com/blue-springs-mo-pd,1615,39.012,-94.2676
bowling-green-mo-pd,Bowling Green MO PD,Bowling Green,MO,True,https://transparency.flocksafety.com/bowling-green-mo-pd,960,39.3448,-91.2025
brentwood-mo-pd,Brentwood MO PD,Brentwood,MO,True,https://transparency.flocksafety.com/brentwood-mo-pd,1478,38.6194,-90.3475
chesterfield-mo-pd,Chesterfield MO PD,Chesterfield,MO,True,https://transparency.flocksafety.com/chesterfield-mo-pd,144,38.6581,-90.576
clayton-mo-pd,Clayton MO PD,Clayton,MO,True,https://transparency.flocksafety.com/clayton-mo-pd,315,38.6444,-90.3302
columbia-mo-pd,Columbia MO PD,Columbia,MO,True,https://transparency.flocksafety.com/columbia-mo-pd,159,38.9473,-92.3264
excelsior-springs-mo-pd,Excelsior Springs MO PD,Excelsior Springs,MO,True,https://transparency.flocksafety.com/excelsior-springs-mo-pd,210,39.3399,-94.241
festus-mo-pd,Festus MO PD,Festus,MO,True,https://transparency.flocksafety.com/festus-mo-pd,1964,38.2194,-90.4097
gladstone-mo-pd,Gladstone MO PD,Gladstone,MO,True,https://transparency.flocksafety.com/gladstone-mo-pd,36,39.213,-94.559
grain-valley-mo-pd,Grain Valley MO PD,Grain Valley,MO,True,https://transparency.flocksafety.com/grain-valley-mo-pd,255,39.015,-94.2164
hannibal-mo-pd,Hannibal MO PD,Hannibal,MO,True,https://transparency.flocksafety.com/hannibal-mo-pd,130,39.7102,-91.394
hazelwood-mo-pd,Hazelwood MO PD,Hazelwood,MO,True,https://transparency.flocksafety.com/hazelwood-mo-pd,131,38.7947,-90.396
joplin-mo-pd,Joplin MO PD,Joplin,MO,True,https://transparency.flocksafety.com/joplin-mo-pd,200,37.0752,-94.5013
kearney-mo-pd,Kearney MO PD,Kearney,MO,True,https://transparency.flocksafety.com/kearney-mo-pd,234,39.3551,-94.3586
kirkwood-mo-pd,Kirkwood MO PD,Kirkwood,MO,True,https://transparency.flocksafety.com/kirkwood-mo-pd,285,38.5794,-90.4209
lebanon-mo-pd,Lebanon MO PD,Lebanon,MO,True,https://transparency.flocksafety.com/lebanon-mo-pd,714,37.6721,-92.6597
lees-summit-mo-pd,Lee's Summit MO PD,Lee's Summit,MO,True,https://transparency.flocksafety.com/lees-summit-mo-pd,94,38.9216,-94.3848
liberty-mo-pd,Liberty MO PD,Liberty,MO,True,https://transparency.flocksafety.com/liberty-mo-pd,1489,39.2413,-94.4194
louisiana-mo-pd,Louisiana MO PD,Louisiana,MO,True,https://transparency.flocksafety.com/louisiana-mo-pd,23,39.4415,-91.062
manchester-mo-pd,Manchester MO PD,Manchester,MO,True,https://transparency.flocksafety.com/manchester-mo-pd,1547,38.583,-90.5064
maplewood-mo-pd,Maplewood MO PD,Maplewood,MO,True,https://transparency.flocksafety.com/maplewood-mo-pd,160,38.6121,-90.3239
monett-mo-pd,Monett MO PD,Monett,MO,True,https://transparency.flocksafety.com/monett-mo-pd,979,36.9215,-93.9271
nixa-mo-pd,Nixa MO PD,Nixa,MO,True,https://transparency.flocksafety.com/nixa-mo-pd,1308,37.0451,-93.2959
odessa-mo-pd,Odessa MO PD,Odessa,MO,True,https://transparency.flocksafety.com/odessa-mo-pd,87,38.9994,-93.9664
overland-mo-pd,Overland MO PD,Overland,MO,True,https://transparency.flocksafety.com/overland-mo-pd,137,38.6959,-90.3683
palmyra-mo-pd,Palmyra MO PD,Palmyra,MO,True,https://transparency.flocksafety.com/palmyra-mo-pd,1177,39.7978,-91.5265
phelps-county-mo-so,Phelps County MO SO,Phelps County,MO,True,https://transparency.flocksafety.com/phelps-county-mo-so,89,37.8663,-91.7903
platte-city-mo-pd,Platte City MO PD,Platte City,MO,True,https://transparency.flocksafety.com/platte-city-mo-pd,221,39.3597,-94.7563
pulaski-county-mo-so,Pulaski County MO SO,Pulaski County,MO,True,https://transparency.flocksafety.com/pulaski-county-mo-so,125,37.8248,-92.207
richmond-heights-mo-pd,Richmond Heights MO PD,Richmond Heights,MO,True,https://transparency.flocksafety.com/richmond-heights-mo-pd,2045,38.6309,-90.3332
sedalia-mo-pd,Sedalia MO PD,Sedalia,MO,True,https://transparency.flocksafety.com/sedalia-mo-pd,93,38.706,-93.2345
shrewsbury-mo-pd,Shrewsbury MO PD,Shrewsbury,MO,True,https://transparency.flocksafety.com/shrewsbury-mo-pd,39,38.5866,-90.3282
springfield-mo-pd,Springfield MO PD,Springfield,MO,True,https://transparency.flocksafety.com/springfield-mo-pd,516,37.1942,-93.2926
st-charles-city-mo-pd,St Charles City MO PD,St. Charles City,MO,True,https://transparency.flocksafety.com/st-charles-city-mo-pd,420,38.7957,-90.5154
st-peters-mo-pd,St Peters MO PD,St. Peters,MO,True,https://transparency.flocksafety.com/st-peters-mo-pd,351,38.7816,-90.6042
st-francois-county-mo-so,St. Francois County MO SO,St. Francois County,MO,True,https://transparency.flocksafety.com/st-francois-county-mo-so,2078,37.8107,-90.4739
st-joseph-mo-pd,St. Joseph MO PD,St. Joseph,MO,True,https://transparency.flocksafety.com/st-joseph-mo-pd,278,39.7595,-94.8211
university-city-mo-pd,University City MO PD,University City,MO,True,https://transparency.flocksafety.com/university-city-mo-pd,141,38.6657,-90.3315
warrenton-mo-pd,Warrenton MO PD,Warrenton,MO,True,https://transparency.flocksafety.com/warrenton-mo-pd,69,38.8191,-91.1379
webster-groves-mo-pd,Webster Groves MO PD,Webster Groves,MO,True,https://transparency.flocksafety.com/webster-groves-mo-pd,1910,38.5866,-90.3544
wentzville-mo-pd,Wentzville MO PD,Wentzville,MO,True,https://transparency.flocksafety.com/wentzville-mo-pd,1967,38.8165,-90.8708
city-of-willard-mo-pd,Willard MO PD,Willard,MO,True,https://transparency.flocksafety.com/city-of-willard-mo-pd,0,37.293,-93.4171
wright-city-mo-pd,Wright City MO PD,Wright City,MO,True,https://transparency.flocksafety.com/wright-city-mo-pd,1726,38.8322,-91.0356
crystal-springs-ms-pd,Crystal Springs MS PD,Crystal Springs,MS,True,https://transparency.flocksafety.com/crystal-springs-ms-pd,1393,31.99,-90.3553
greenville-ms-pd,Greenville MS PD,Greenville,MS,True,https://transparency.flocksafety.com/greenville-ms-pd,74,33.3835,-91.0523
ahoskie-nc-pd,Ahoskie NC PD,Ahoskie,NC,True,https://transparency.flocksafety.com/ahoskie-nc-pd,85,36.2841,-76.9901
angier-nc-pd,Angier NC PD,Angier,NC,True,https://transparency.flocksafety.com/angier-nc-pd,114,35.5146,-78.7401
apex-nc-pd,Apex NC PD,Apex,NC,True,https://transparency.flocksafety.com/apex-nc-pd,1294,35.7246,-78.8787
app-state-university-nc-pd,App State University NC PD,,NC,True,https://transparency.flocksafety.com/app-state-university-nc-pd,98,36.0378,-79.0343
asheville-nc-pd,Asheville NC PD,Asheville,NC,True,https://transparency.flocksafety.com/asheville-nc-pd,150,35.571,-82.5527
belmont-nc-pd,Belmont NC PD,Belmont,NC,True,https://transparency.flocksafety.com/belmont-nc-pd,134,35.2213,-81.0411
bessemer-city-nc-pd,Bessemer City NC PD,Bessemer City,NC,True,https://transparency.flocksafety.com/bessemer-city-nc-pd,1811,35.2843,-81.2829
boiling-springs-nc-pd,Boiling Springs NC PD,Boiling Springs,NC,True,https://transparency.flocksafety.com/boiling-springs-nc-pd,46,35.2521,-81.6636
boone-nc-pd,Boone NC PD,Boone,NC,True,https://transparency.flocksafety.com/boone-nc-pd,76,36.2138,-81.6652
brunswick-county-nc-so,Brunswick County NC SO,Brunswick County,NC,True,https://transparency.flocksafety.com/brunswick-county-nc-so,214,34.0388,-78.2278
carolina-beach-nc-pd-,Carolina Beach NC PD,Carolina Beach,NC,True,https://transparency.flocksafety.com/carolina-beach-nc-pd-,221,34.0419,-77.8998
chadbourn-nc-pd,Chadbourn NC PD,Chadbourn,NC,True,https://transparency.flocksafety.com/chadbourn-nc-pd,2164,34.3252,-78.825
cleveland-county-so-,Cleveland County NC SO,Cleveland County,NC,True,https://transparency.flocksafety.com/cleveland-county-so-,131,35.3346,-81.5571
columbus-nc-pd,Columbus NC PD,Columbus,NC,True,https://transparency.flocksafety.com/columbus-nc-pd,1661,35.2512,-82.2098
town-of-connelley-springs-nc,Connelley Springs NC PD,Connelley Springs,NC,True,https://transparency.flocksafety.com/town-of-connelley-springs-nc,1810,35.7429,-81.5134
craven-county-abc-board-nc,Craven County NC SO,Craven County,NC,True,https://transparency.flocksafety.com/craven-county-abc-board-nc,1643,35.1168,-77.0813
creedmoor-nc-pd,Creedmoor NC PD,Creedmoor,NC,True,https://transparency.flocksafety.com/creedmoor-nc-pd,306,36.125,-78.678
dare-county-nc-so,Dare County NC SO,Dare County,NC,True,https://transparency.flocksafety.com/dare-county-nc-so,173,35.6063,-75.7675
davidson-nc-pd,Davidson NC PD,Davidson,NC,True,https://transparency.flocksafety.com/davidson-nc-pd,179,35.4807,-80.8209
davie-county-nc-so,Davie County NC SO,Davie County,NC,True,https://transparency.flocksafety.com/davie-county-nc-so,156,35.9294,-80.5426
duck-nc-pd,Duck NC PD,Duck,NC,True,https://transparency.flocksafety.com/duck-nc-pd,204,36.1857,-75.755
elizabethtown-nc-pd,Elizabethtown NC PD,Elizabethtown,NC,True,https://transparency.flocksafety.com/elizabethtown-nc-pd,264,34.622,-78.6068
franklinton-nc-pd,Franklinton NC PD,Franklinton,NC,True,https://transparency.flocksafety.com/franklinton-nc-pd,139,36.1011,-78.4551
nc-fuquay-varina-pd,Fuquay-Varina NC PD,Fuquay-Varina,NC,True,https://transparency.flocksafety.com/nc-fuquay-varina-pd,133,35.5951,-78.7766
garner-nc-pd,Garner NC PD,Garner,NC,True,https://transparency.flocksafety.com/garner-nc-pd,95,35.6936,-78.6149
gastonia-nc-pd,Gastonia NC PD,Gastonia,NC,True,https://transparency.flocksafety.com/gastonia-nc-pd,204,35.249,-81.1848
greensboro-nc-pd,Greensboro NC PD,Greensboro,NC,True,https://transparency.flocksafety.com/greensboro-nc-pd,210,36.0949,-79.8236
greenville-nc-pd,Greenville NC PD,Greenville,NC,True,https://transparency.flocksafety.com/greenville-nc-pd,122,35.5964,-77.3753
hamlet-pd-,"Hamlet, NC NC PD","Hamlet, NC",NC,True,https://transparency.flocksafety.com/hamlet-pd-,248,34.8849,-79.6942
henderson-county-nc-so-,Henderson County NC SO,Henderson County,NC,True,https://transparency.flocksafety.com/henderson-county-nc-so-,2076,36.326,-78.4149
hickory-nc-pd,Hickory NC PD,Hickory,NC,True,https://transparency.flocksafety.com/hickory-nc-pd,273,35.7401,-81.3218
hillsborough-nc-pd,Hillsborough NC PD,Hillsborough,NC,True,https://transparency.flocksafety.com/hillsborough-nc-pd,107,36.0779,-79.098
hoke-county-nc-so,Hoke County NC SO,Hoke County,NC,True,https://transparency.flocksafety.com/hoke-county-nc-so,111,35.0172,-79.242
hope-mills-nc-pd,Hope Mills NC PD,Hope Mills,NC,True,https://transparency.flocksafety.com/hope-mills-nc-pd,1413,34.97,-78.9606
hudson-nc-pd,Hudson NC PD,Hudson,NC,True,https://transparency.flocksafety.com/hudson-nc-pd,138,35.8477,-81.4867
huntersville-pd-nc,Huntersville NC PD,Huntersville,NC,True,https://transparency.flocksafety.com/huntersville-pd-nc,142,35.4068,-80.8687
kill-devil-hills-nc-pd,Kill Devil Hills NC PD,Kill Devil Hills,NC,True,https://transparency.flocksafety.com/kill-devil-hills-nc-pd,1486,36.0171,-75.6714
knightdale-nc-pd,Knightdale NC PD,Knightdale,NC,True,https://transparency.flocksafety.com/knightdale-nc-pd,37,35.7917,-78.4965
kure-beach-nc-pd,Kure Beach NC PD,Kure Beach,NC,True,https://transparency.flocksafety.com/kure-beach-nc-pd,141,33.9993,-77.9076
locust-nc-pd,Locust NC PD,Locust,NC,True,https://transparency.flocksafety.com/locust-nc-pd,4,35.2686,-80.4367
matthews-nc-pd,Matthews NC PD,Matthews,NC,True,https://transparency.flocksafety.com/matthews-nc-pd,1806,35.1198,-80.7097
mint-hill-nc-pd,Mint Hill NC PD,Mint Hill,NC,True,https://transparency.flocksafety.com/mint-hill-nc-pd,1936,35.1785,-80.6557
mitchell-county-nc-so,Mitchell County NC SO,Mitchell County,NC,True,https://transparency.flocksafety.com/mitchell-county-nc-so,2029,36.0131,-82.1636
monroe-nc-pd,Monroe NC PD,Monroe,NC,True,https://transparency.flocksafety.com/monroe-nc-pd,139,35.0016,-80.5613
mooresville-nc-pd,Mooresville NC PD,Mooresville,NC,True,https://transparency.flocksafety.com/mooresville-nc-pd,134,35.5837,-80.8278
mt-holly-nc-pd,Mount Holly NC PD,Mount Holly,NC,True,https://transparency.flocksafety.com/mt-holly-nc-pd,154,35.3144,-81.0066
nags-head-nc-pd,Nags Head NC PD,Nags Head,NC,True,https://transparency.flocksafety.com/nags-head-nc-pd,303,35.9475,-75.6257
nashville-nc-pd-,Nashville NC PD,Nashville,NC,True,https://transparency.flocksafety.com/nashville-nc-pd-,241,35.9692,-77.9567
new-hanover-county-nc-so,New Hanover County NC SO,New Hanover County,NC,True,https://transparency.flocksafety.com/new-hanover-county-nc-so,198,34.1834,-77.8642
oakboro-nc-pd,Oakboro NC PD,Oakboro,NC,True,https://transparency.flocksafety.com/oakboro-nc-pd,57,35.2285,-80.3342
pender-county-nc-so,Pender County NC SO,Pender County,NC,True,https://transparency.flocksafety.com/pender-county-nc-so,66,34.5126,-77.8881
pinehurst-nc-pd,Pinehurst NC PD,Pinehurst,NC,True,https://transparency.flocksafety.com/pinehurst-nc-pd,83,35.1911,-79.4698
pineville-nc-pd,Pineville NC PD,Pineville,NC,True,https://transparency.flocksafety.com/pineville-nc-pd,122,35.0937,-80.8935
pittsboro-nc-pd,Pittsboro NC PD,Pittsboro,NC,True,https://transparency.flocksafety.com/pittsboro-nc-pd,25,35.7278,-79.1689
plymouth-nc-pd,Plymouth NC PD,Plymouth,NC,True,https://transparency.flocksafety.com/plymouth-nc-pd,1,35.8585,-76.7482
polkton-nc-pd,Polkton NC PD,Polkton,NC,True,https://transparency.flocksafety.com/polkton-nc-pd,913,35.003,-80.1963
raleigh-nc-pd,Raleigh NC PD,Raleigh,NC,True,https://transparency.flocksafety.com/raleigh-nc-pd,227,35.8319,-78.641
roanoke-rapids-nc-pd,Roanoke Rapids NC PD,Roanoke Rapids,NC,True,https://transparency.flocksafety.com/roanoke-rapids-nc-pd,322,36.446,-77.6486
rowan-county-nc-so,Rowan County NC SO,Rowan County,NC,True,https://transparency.flocksafety.com/rowan-county-nc-so,1772,35.6414,-80.5217
roxboro-nc-pd,Roxboro NC PD,Roxboro,NC,True,https://transparency.flocksafety.com/roxboro-nc-pd,308,36.3946,-78.9773
sharpsburg-nc-pd,Sharpsburg NC PD,Sharpsburg,NC,True,https://transparency.flocksafety.com/sharpsburg-nc-pd,98,35.8664,-77.8303
smithfield-nc-pd,Smithfield NC PD,Smithfield,NC,True,https://transparency.flocksafety.com/smithfield-nc-pd,92,35.5238,-78.3522
southern-shores-nc-pd,Southern Shores NC PD,Southern Shores,NC,True,https://transparency.flocksafety.com/southern-shores-nc-pd,217,36.1167,-75.733
st-pauls-nc-pd,St Pauls NC PD,St Pauls,NC,True,https://transparency.flocksafety.com/st-pauls-nc-pd,264,34.8066,-78.9711
stanley-nc-pd,Stanley NC PD,Stanley,NC,True,https://transparency.flocksafety.com/stanley-nc-pd,98,35.3547,-81.0918
surf-city-nc-pd,Surf City NC PD,Surf City,NC,True,https://transparency.flocksafety.com/surf-city-nc-pd,32,34.4373,-77.5349
tabor-city-nc-pd,Tabor City NC PD,Tabor City,NC,True,https://transparency.flocksafety.com/tabor-city-nc-pd,153,34.1545,-78.8732
transylvania-county-nc-so,Transylvania County NC SO,Transylvania County,NC,True,https://transparency.flocksafety.com/transylvania-county-nc-so,2604,35.2101,-82.8167
troutman-nc-pd,Troutman NC PD,Troutman,NC,True,https://transparency.flocksafety.com/troutman-nc-pd,222,35.7005,-80.8877
warsaw-nc-pd,Warsaw NC PD,Warsaw,NC,True,https://transparency.flocksafety.com/warsaw-nc-pd,42,34.9996,-78.0927
waxhaw-nc-pd,Waxhaw NC PD,Waxhaw,NC,True,https://transparency.flocksafety.com/waxhaw-nc-pd,1677,34.9375,-80.74
whiteville-nc-pd,Whiteville NC PD,Whiteville,NC,True,https://transparency.flocksafety.com/whiteville-nc-pd,204,34.3305,-78.7014
wilkesboro-nc-pd,Wilkesboro NC PD,Wilkesboro,NC,True,https://transparency.flocksafety.com/wilkesboro-nc-pd,276,36.1424,-81.1769
wrightsville-beach-nc-pd,Wrightsville Beach NC PD,Wrightsville Beach,NC,True,https://transparency.flocksafety.com/wrightsville-beach-nc-pd,218,34.213,-77.7979
yancey-county-nc-so,Yancey County NC SO,Yancey County,NC,True,https://transparency.flocksafety.com/yancey-county-nc-so,153,35.8893,-82.304
fargo-nd-pd,Fargo ND PD,Fargo,ND,True,https://transparency.flocksafety.com/fargo-nd-pd,15,46.8647,-96.8291
nd-west-fargo-pd,West Fargo ND PD,West Fargo,ND,True,https://transparency.flocksafety.com/nd-west-fargo-pd,1,46.8564,-96.9048
chadron-ne-pd,Chadron NE PD,Chadron,NE,True,https://transparency.flocksafety.com/chadron-ne-pd,5,42.826,-103.0025
dakota-county-ne-so,Dakota County NE SO,Dakota County,NE,True,https://transparency.flocksafety.com/dakota-county-ne-so,711,42.3916,-96.5613
douglas-county-ne-so,Douglas County NE SO,Douglas County,NE,True,https://transparency.flocksafety.com/douglas-county-ne-so,94,41.2971,-96.1541
gering-ne-pd-,Gering NE PD,Gering,NE,True,https://transparency.flocksafety.com/gering-ne-pd-,390,41.827,-103.6625
gosper-county-ne-so,Gosper County NE SO,Gosper County,NE,True,https://transparency.flocksafety.com/gosper-county-ne-so,29,40.5091,-99.8232
grand-island-ne-pd,Grand Island NE PD,Grand Island,NE,True,https://transparency.flocksafety.com/grand-island-ne-pd,1069,40.9214,-98.3586
hall-county-ne-so,Hall County NE SO,Hall County,NE,True,https://transparency.flocksafety.com/hall-county-ne-so,82,40.866,-98.5027
kearney-ne-pd,Kearney NE PD,Kearney,NE,True,https://transparency.flocksafety.com/kearney-ne-pd,81,40.7017,-99.0823
lincoln-county-so-ne,Lincoln County NE SO,Lincoln County,NE,True,https://transparency.flocksafety.com/lincoln-county-so-ne,167,40.8089,-96.6779
logan-county-ne-so,Logan County NE SO,Logan County,NE,True,https://transparency.flocksafety.com/logan-county-ne-so,36,41.5422,-100.4437
north-platte-ne-pd,North Platte NE PD,North Platte,NE,True,https://transparency.flocksafety.com/north-platte-ne-pd,35,41.1253,-100.7634
sarpy-county-ne-so,Sarpy County NE SO,Sarpy County,NE,True,https://transparency.flocksafety.com/sarpy-county-ne-so,1330,41.1151,-96.1091
scottsbluff-ne-pd,Scottsbluff NE PD,Scottsbluff,NE,True,https://transparency.flocksafety.com/scottsbluff-ne-pd,656,41.8681,-103.662
south-sioux-city-ne-pd-,South Sioux City NE PD,South Sioux City,NE,True,https://transparency.flocksafety.com/south-sioux-city-ne-pd-,85,42.463,-96.4132
thurston-county-ne-so,Thurston County NE SO,Thurston County,NE,True,https://transparency.flocksafety.com/thurston-county-ne-so,33,42.1541,-96.5339
wheeler-county-ne-so-,Wheeler County NE SO,Wheeler County,NE,True,https://transparency.flocksafety.com/wheeler-county-ne-so-,939,41.9226,-98.5209
cranbury-nj-pd,Cranbury NJ PD,Cranbury,NJ,True,https://transparency.flocksafety.com/cranbury-nj-pd,93,40.3135,-74.5202
edison-nj-pd,Edison NJ PD,Edison,NJ,True,https://transparency.flocksafety.com/edison-nj-pd,14,40.5169,-74.4063
franklin-nj-pd,Franklin NJ PD,Franklin,NJ,True,https://transparency.flocksafety.com/franklin-nj-pd,2,41.122,-74.5796
green-brook-twp-nj-pd,Green Brook NJ PD,Green Brook,NJ,True,https://transparency.flocksafety.com/green-brook-twp-nj-pd,65,40.5959,-74.4901
montgomery-twp-nj-pd,Montgomery NJ PD,Montgomery,NJ,True,https://transparency.flocksafety.com/montgomery-twp-nj-pd,0,40.4168,-74.6525
new-brunswick-nj-pd,New Brunswick NJ PD,New Brunswick,NJ,True,https://transparency.flocksafety.com/new-brunswick-nj-pd,33,40.4867,-74.4444
bloomfield-nm-pd,Bloomfield NM PD,Bloomfield,NM,True,https://transparency.flocksafety.com/bloomfield-nm-pd,761,36.7433,-107.9739
las-cruces-nm-pd,Las Cruces NM PD,Las Cruces,NM,True,https://transparency.flocksafety.com/las-cruces-nm-pd,24,32.3264,-106.7897
carson-city-nv-so,Carson City NV SO,Carson City,NV,True,https://transparency.flocksafety.com/carson-city-nv-so,693,39.1531,-119.7474
city-of-las-vegas-nv-department-of-public-safety,Las Vegas Dept. Public Safety NV PD,Las Vegas Dept. Public Safety,NV,True,https://transparency.flocksafety.com/city-of-las-vegas-nv-department-of-public-safety,6,36.1716,-115.1391
las-vegas-metro-nv-pd,Las Vegas Metro NV PD,Las Vegas Metro,NV,True,https://transparency.flocksafety.com/las-vegas-metro-nv-pd,15,36.1716,-115.1391
mineral-county-nv-so,Mineral County NV SO,Mineral County,NV,True,https://transparency.flocksafety.com/mineral-county-nv-so,587,38.5166,-118.4163
reno-nv-pd,Reno NV PD,Reno,NV,True,https://transparency.flocksafety.com/reno-nv-pd,536,39.5491,-119.8499
sparks-nv-pd,Sparks NV PD,Sparks,NV,True,https://transparency.flocksafety.com/sparks-nv-pd,28,39.5743,-119.7152
storey-county-nv-so,Storey County NV SO,Storey County,NV,True,https://transparency.flocksafety.com/storey-county-nv-so,22,39.4384,-119.5246
amherst-town-ny-pd,Amherst NY PD,Amherst,NY,True,https://transparency.flocksafety.com/amherst-town-ny-pd,110,42.9625,-78.7467
cayuga-heights-village-ny-pd,Cayuga Heights NY PD,Cayuga Heights,NY,True,https://transparency.flocksafety.com/cayuga-heights-village-ny-pd,0,42.4677,-76.4884
cheektowaga-town-ny-pd,Cheektowaga NY PD,Cheektowaga,NY,True,https://transparency.flocksafety.com/cheektowaga-town-ny-pd,165,42.909,-78.7508
clarkstown-ny-pd,Clarkstown NY PD,Clarkstown,NY,True,https://transparency.flocksafety.com/clarkstown-ny-pd,145,41.126,-73.9595
columbia-county-ny-so,Columbia County NY SO,Columbia County,NY,True,https://transparency.flocksafety.com/columbia-county-ny-so,24,42.2477,-73.6267
dutchess-county-ny-so,Dutchess County NY SO,Dutchess County,NY,True,https://transparency.flocksafety.com/dutchess-county-ny-so,26,41.7548,-73.74
east-greenbush-ny-pd,East Greenbush NY PD,East Greenbush,NY,True,https://transparency.flocksafety.com/east-greenbush-ny-pd,144,42.5952,-73.705
east-hampton-village-ny-pd,East Hampton Village NY PD,East Hampton Village,NY,True,https://transparency.flocksafety.com/east-hampton-village-ny-pd,187,40.9515,-72.1961
elmira-city-ny-pd,Elmira NY PD,Elmira,NY,True,https://transparency.flocksafety.com/elmira-city-ny-pd,125,42.0934,-76.8096
hamburg-town-ny-pd,Hamburg NY PD,Hamburg,NY,True,https://transparency.flocksafety.com/hamburg-town-ny-pd,1601,42.7234,-78.8348
ithaca-city-ny-pd,Ithaca NY PD,Ithaca,NY,True,https://transparency.flocksafety.com/ithaca-city-ny-pd,7,42.4439,-76.5031
lancaster-ny-pd,Lancaster NY PD,Lancaster,NY,True,https://transparency.flocksafety.com/lancaster-ny-pd,74,42.9006,-78.6688
poughkeepsie-city-ny-pd,Poughkeepsie City NY PD,Poughkeepsie City,NY,True,https://transparency.flocksafety.com/poughkeepsie-city-ny-pd,46,41.6946,-73.9199
saranac-lake-village-ny-pd,Saranac Lake Village NY PD,Saranac Lake Village,NY,True,https://transparency.flocksafety.com/saranac-lake-village-ny-pd,8,44.3259,-74.1309
saratoga-springs-ny-pd,Saratoga Springs NY PD,Saratoga Springs,NY,True,https://transparency.flocksafety.com/saratoga-springs-ny-pd,1156,43.0677,-73.7781
tompkins-county-ny-so,Tompkins County NY SO,Tompkins County,NY,True,https://transparency.flocksafety.com/tompkins-county-ny-so,9,42.453,-76.4735
tonawanda-town-ny-pd,Tonawanda NY PD,Tonawanda,NY,True,https://transparency.flocksafety.com/tonawanda-town-ny-pd,0,43.0119,-78.8834
trumansburg-village-ny-pd,Trumansburg Village NY PD,Trumansburg Village,NY,True,https://transparency.flocksafety.com/trumansburg-village-ny-pd,3,42.5403,-76.6636
watertown-ny-pd,Watertown NY PD,Watertown,NY,True,https://transparency.flocksafety.com/watertown-ny-pd,40,43.9733,-75.91
akron-oh-pd,Akron OH PD,Akron,OH,True,https://transparency.flocksafety.com/akron-oh-pd,165,41.0805,-81.5214
amberley-village-oh-pd,Amberley Village OH PD,Amberley Village,OH,True,https://transparency.flocksafety.com/amberley-village-oh-pd,179,39.2035,-84.4283
amherst-oh-pd,Amherst OH PD,Amherst,OH,True,https://transparency.flocksafety.com/amherst-oh-pd,84,41.4053,-82.2317
arcanum-oh-pd,Arcanum OH PD,Arcanum,OH,True,https://transparency.flocksafety.com/arcanum-oh-pd,463,39.9923,-84.5543
ashland-county-oh-so,Ashland County OH SO,Ashland County,OH,True,https://transparency.flocksafety.com/ashland-county-oh-so,145,40.8671,-82.3152
ashland-oh-pd,Ashland OH PD,Ashland,OH,True,https://transparency.flocksafety.com/ashland-oh-pd,1187,40.8671,-82.3152
auglaize-county-oh-so,Auglaize County OH SO,Auglaize County,OH,True,https://transparency.flocksafety.com/auglaize-county-oh-so,1118,40.5613,-84.224
avon-lake-oh-pd,Avon Lake OH PD,Avon Lake,OH,True,https://transparency.flocksafety.com/avon-lake-oh-pd,62,41.4945,-82.0161
bainbridge-township-oh-pd,Bainbridge Township OH PD,Bainbridge Township,OH,True,https://transparency.flocksafety.com/bainbridge-township-oh-pd,52,41.3765,-81.3619
bay-village-oh-pd,Bay Village OH PD,Bay Village,OH,True,https://transparency.flocksafety.com/bay-village-oh-pd,414,41.4878,-81.9289
bellefontaine-oh-pd,Bellefontaine OH PD,Bellefontaine,OH,True,https://transparency.flocksafety.com/bellefontaine-oh-pd,493,40.3628,-83.763
belpre-oh-pd,Belpre OH PD,Belpre,OH,True,https://transparency.flocksafety.com/belpre-oh-pd,214,39.2805,-81.5923
bexley-oh-pd,Bexley OH PD,Bexley,OH,True,https://transparency.flocksafety.com/bexley-oh-pd,1078,39.9654,-82.9345
blue-ash-oh-pd,Blue Ash OH PD,Blue Ash,OH,True,https://transparency.flocksafety.com/blue-ash-oh-pd,177,39.2461,-84.3868
boardman-township-oh-pd,Boardman Township OH PD,Boardman Township,OH,True,https://transparency.flocksafety.com/boardman-township-oh-pd,130,41.0327,-80.666
boston-heights-oh-pd,Boston Heights OH PD,Boston Heights,OH,True,https://transparency.flocksafety.com/boston-heights-oh-pd,443,41.2526,-81.5077
bratenahl-oh-pd,Bratenahl OH PD,Bratenahl,OH,True,https://transparency.flocksafety.com/bratenahl-oh-pd,64,41.555,-81.605
brewster-oh-pd,Brewster OH PD,Brewster,OH,True,https://transparency.flocksafety.com/brewster-oh-pd,370,40.7115,-81.6078
brimfield-township-oh-pd,Brimfield Township OH PD,Brimfield Township,OH,True,https://transparency.flocksafety.com/brimfield-township-oh-pd,34,41.1064,-81.3509
brook-park-oh-pd,Brook Park OH PD,Brook Park,OH,True,https://transparency.flocksafety.com/brook-park-oh-pd,147,41.4043,-81.8203
brookville-oh-pd,Brookville OH PD,Brookville,OH,True,https://transparency.flocksafety.com/brookville-oh-pd,1288,39.8395,-84.4173
carrollton-oh-pd,Carrollton OH PD,Carrollton,OH,True,https://transparency.flocksafety.com/carrollton-oh-pd,462,40.5787,-81.0908
case-western-reserve-university-oh-pd,Case Western Reserve University OH PD,,OH,True,https://transparency.flocksafety.com/case-western-reserve-university-oh-pd,245,41.5043,-81.6084
champaign-county-so-oh,Champaign County OH SO,Champaign County,OH,True,https://transparency.flocksafety.com/champaign-county-so-oh,61,40.1328,-83.7676
chardon-oh-pd,Chardon OH PD,Chardon,OH,True,https://transparency.flocksafety.com/chardon-oh-pd,323,41.5793,-81.2091
oh-chillicothe-pd,Chillicothe OH PD,Chillicothe,OH,True,https://transparency.flocksafety.com/oh-chillicothe-pd,119,39.3405,-82.9961
clark-county-oh-so,Clark County OH SO,Clark County,OH,True,https://transparency.flocksafety.com/clark-county-oh-so,2122,39.917,-83.7837
colerain-township-oh-pd,Colerain OH PD,Colerain,OH,True,https://transparency.flocksafety.com/colerain-township-oh-pd,0,39.2592,-84.627
columbus-oh-pd,Columbus OH PD,Columbus,OH,True,https://transparency.flocksafety.com/columbus-oh-pd,1,39.9839,-82.9849
coshocton-county-oh-so,Coshocton County OH SO,Coshocton County,OH,True,https://transparency.flocksafety.com/coshocton-county-oh-so,3,40.2618,-81.8473
dayton-oh-pd,Dayton OH PD,Dayton,OH,True,https://transparency.flocksafety.com/dayton-oh-pd,153,39.7847,-84.1996
defiance-county-oh-so,Defiance County OH SO,Defiance County,OH,True,https://transparency.flocksafety.com/defiance-county-oh-so,1670,41.281,-84.3658
oh-delaware-pd,Delaware OH PD,Delaware,OH,True,https://transparency.flocksafety.com/oh-delaware-pd,79,40.2865,-83.0749
delhi-twp-oh-pd,Delhi OH PD,Delhi,OH,True,https://transparency.flocksafety.com/delhi-twp-oh-pd,2404,39.104,-84.6172
dublin-oh-pd,Dublin OH PD,Dublin,OH,True,https://transparency.flocksafety.com/dublin-oh-pd,207,40.1133,-83.1458
elmore-oh-pd,Elmore OH PD,Elmore,OH,True,https://transparency.flocksafety.com/elmore-oh-pd,63,41.4701,-83.2926
elyria-oh-pd,Elyria OH PD,Elyria,OH,True,https://transparency.flocksafety.com/elyria-oh-pd,1705,41.3728,-82.108
euclid-oh-pd,Euclid OH PD,Euclid,OH,True,https://transparency.flocksafety.com/euclid-oh-pd,142,41.5922,-81.5197
evendale-oh-pd,Evendale OH PD,Evendale,OH,True,https://transparency.flocksafety.com/evendale-oh-pd,116,39.2509,-84.4267
fairborn-oh-pd,Fairborn OH PD,Fairborn,OH,True,https://transparency.flocksafety.com/fairborn-oh-pd,81,39.7996,-84.0085
fairfax-oh-pd,Fairfax OH PD,Fairfax,OH,True,https://transparency.flocksafety.com/fairfax-oh-pd,3269,39.1432,-84.3972
fairfield-oh-pd,Fairfield OH PD,Fairfield,OH,True,https://transparency.flocksafety.com/fairfield-oh-pd,159,39.3314,-84.5427
forest-park-oh-pd,Forest Park OH PD,Forest Park,OH,True,https://transparency.flocksafety.com/forest-park-oh-pd,3092,39.2862,-84.526
franklin-oh-pd,Franklin OH PD,Franklin,OH,True,https://transparency.flocksafety.com/franklin-oh-pd,36,39.555,-84.2957
fremont-oh-pd,Fremont OH PD,Fremont,OH,True,https://transparency.flocksafety.com/fremont-oh-pd,388,41.353,-83.1156
gahanna-oh-pd,Gahanna OH PD,Gahanna,OH,True,https://transparency.flocksafety.com/gahanna-oh-pd,2074,40.0367,-82.8799
genoa-township-oh-pd-,Genoa OH PD,Genoa,OH,True,https://transparency.flocksafety.com/genoa-township-oh-pd-,0,41.521,-83.362
golf-manor-oh-pd,Golf Manor OH PD,Golf Manor,OH,True,https://transparency.flocksafety.com/golf-manor-oh-pd,2329,39.1878,-84.447
grandview-heights-oh-pd,Grandview Heights OH PD,Grandview Heights,OH,True,https://transparency.flocksafety.com/grandview-heights-oh-pd,210,39.9793,-83.0401
granville-oh-pd,Granville OH PD,Granville,OH,True,https://transparency.flocksafety.com/granville-oh-pd,213,40.0568,-82.5041
great-parks-of-hamilton-county-oh-pd,Great Parks of Hamilton OH PD,Great Parks of Hamilton,OH,True,https://transparency.flocksafety.com/great-parks-of-hamilton-county-oh-pd,0,39.2568,-84.5201
grove-city-oh-pd,Grove City OH PD,Grove City,OH,True,https://transparency.flocksafety.com/grove-city-oh-pd,534,39.8858,-83.097
hamilton-county-oh-so,Hamilton County OH SO,Hamilton County,OH,True,https://transparency.flocksafety.com/hamilton-county-oh-so,597,39.3934,-84.5658
hamilton-township-oh-pd,Hamilton Township OH PD,Hamilton Township,OH,True,https://transparency.flocksafety.com/hamilton-township-oh-pd,155,39.3934,-84.5658
harrison-county-oh-so,Harrison County OH SO,Harrison County,OH,True,https://transparency.flocksafety.com/harrison-county-oh-so,128,39.2566,-84.7862
heath-oh-pd,Heath OH PD,Heath,OH,True,https://transparency.flocksafety.com/heath-oh-pd,71,40.0208,-82.4421
hebron-oh-pd,Hebron OH PD,Hebron,OH,True,https://transparency.flocksafety.com/hebron-oh-pd,49,39.9652,-82.4865
hilliard-oh-pd,Hilliard OH PD,Hilliard,OH,True,https://transparency.flocksafety.com/hilliard-oh-pd,860,40.0347,-83.1578
holland-oh-pd,Holland OH PD,Holland,OH,True,https://transparency.flocksafety.com/holland-oh-pd,479,41.6193,-83.7082
hubbard-oh-pd,Hubbard OH PD,Hubbard,OH,True,https://transparency.flocksafety.com/hubbard-oh-pd,76,41.1581,-80.5647
huron-oh-pd,Huron OH PD,Huron,OH,True,https://transparency.flocksafety.com/huron-oh-pd,586,41.3976,-82.5626
indian-hill-oh-pd,Indian Hill OH PD,Indian Hill,OH,True,https://transparency.flocksafety.com/indian-hill-oh-pd,135,39.1806,-84.345
jackson-township-oh-pd-mahoning-county,Jackson Township OH PD,Jackson Township,OH,True,https://transparency.flocksafety.com/jackson-township-oh-pd-mahoning-county,101,39.0445,-82.6447
lebanon-oh-pd,Lebanon OH PD,Lebanon,OH,True,https://transparency.flocksafety.com/lebanon-oh-pd,139,39.4256,-84.2132
licking-county-oh-so,Licking County OH SO,Licking County,OH,True,https://transparency.flocksafety.com/licking-county-oh-so,182,40.0915,-82.4834
lithopolis-oh-pd,Lithopolis OH PD,Lithopolis,OH,True,https://transparency.flocksafety.com/lithopolis-oh-pd,2262,39.8146,-82.8174
lorain-oh-pd,Lorain OH PD,Lorain,OH,True,https://transparency.flocksafety.com/lorain-oh-pd,145,41.4388,-82.1797
loveland-oh-pd,Loveland OH PD,Loveland,OH,True,https://transparency.flocksafety.com/loveland-oh-pd,143,39.2677,-84.2688
lucas-county-oh-so,Lucas County OH SO,Lucas County,OH,True,https://transparency.flocksafety.com/lucas-county-oh-so,1308,41.6823,-83.4689
madeira-oh-pd,Madeira OH PD,Madeira,OH,True,https://transparency.flocksafety.com/madeira-oh-pd,140,39.1851,-84.3731
mansfield-oh-pd,Mansfield OH PD,Mansfield,OH,True,https://transparency.flocksafety.com/mansfield-oh-pd,203,40.7667,-82.5308
marion-county-oh-so,Marion County OH SO,Marion County,OH,True,https://transparency.flocksafety.com/marion-county-oh-so,2229,40.5967,-83.1232
marion-oh-pd,Marion OH PD,Marion,OH,True,https://transparency.flocksafety.com/marion-oh-pd,162,40.5967,-83.1232
marysville-oh-pd,Marysville OH PD,Marysville,OH,True,https://transparency.flocksafety.com/marysville-oh-pd,170,40.228,-83.3594
medina-oh-pd-,Medina OH PD,Medina,OH,True,https://transparency.flocksafety.com/medina-oh-pd-,455,41.1346,-81.8695
mentor-on-the-lake-oh-pd,Mentor on the Lake OH PD,Mentor on the Lake,OH,True,https://transparency.flocksafety.com/mentor-on-the-lake-oh-pd,74,41.7129,-81.3612
miami-county-oh-so,Miami County OH SO,Miami County,OH,True,https://transparency.flocksafety.com/miami-county-oh-so,174,40.0533,-84.2284
miami-township-oh-pd-clermont,Miami Township (Clermont) OH PD,Miami Township (Clermont),OH,True,https://transparency.flocksafety.com/miami-township-oh-pd-clermont,0,39.1941,-84.2375
middleburg-heights-oh-pd,Middleburg Heights OH PD,Middleburg Heights,OH,True,https://transparency.flocksafety.com/middleburg-heights-oh-pd,585,41.3699,-81.8135
oh-milford-pd,Milford OH PD,Milford,OH,True,https://transparency.flocksafety.com/oh-milford-pd,1970,39.1652,-84.2848
minerva-park-oh-pd,Minerva Park OH PD,Minerva Park,OH,True,https://transparency.flocksafety.com/minerva-park-oh-pd,71,40.0762,-82.9431
minster-oh-pd,Minster OH PD,Minster,OH,True,https://transparency.flocksafety.com/minster-oh-pd,1460,40.3948,-84.3789
monroeville-oh-pd,Monroeville OH PD,Monroeville,OH,True,https://transparency.flocksafety.com/monroeville-oh-pd,925,41.2438,-82.7026
mount-orab-oh-pd,Mount Orab OH PD,Mount Orab,OH,True,https://transparency.flocksafety.com/mount-orab-oh-pd,85,39.0293,-83.9267
mount-vernon-oh-pd,Mount Vernon OH PD,Mount Vernon,OH,True,https://transparency.flocksafety.com/mount-vernon-oh-pd,138,40.3862,-82.484
muskingum-county-oh-so,Muskingum County OH SO,Muskingum County,OH,True,https://transparency.flocksafety.com/muskingum-county-oh-so,294,39.966,-81.9435
new-albany-oh-pd,New Albany OH PD,New Albany,OH,True,https://transparency.flocksafety.com/new-albany-oh-pd,560,40.09,-82.7763
newark-oh-pd,Newark OH PD,Newark,OH,True,https://transparency.flocksafety.com/newark-oh-pd,2187,40.0715,-82.4242
newburgh-heights-oh-pd-,Newburgh Heights OH PD,Newburgh Heights,OH,True,https://transparency.flocksafety.com/newburgh-heights-oh-pd-,1100,41.4509,-81.6627
niles-oh-pd,Niles OH PD,Niles,OH,True,https://transparency.flocksafety.com/niles-oh-pd,2063,41.1878,-80.7531
north-canton-oh-pd,North Canton OH PD,North Canton,OH,True,https://transparency.flocksafety.com/north-canton-oh-pd,62,40.8741,-81.3971
north-college-hill-oh-pd,North College Hill OH PD,North College Hill,OH,True,https://transparency.flocksafety.com/north-college-hill-oh-pd,60,39.2171,-84.552
north-olmsted-oh-pd,North Olmsted OH PD,North Olmsted,OH,True,https://transparency.flocksafety.com/north-olmsted-oh-pd,142,41.4149,-81.9191
north-royalton-oh-pd,North Royalton OH PD,North Royalton,OH,True,https://transparency.flocksafety.com/north-royalton-oh-pd,109,41.3159,-81.7481
norton-oh-pd,Norton OH PD,Norton,OH,True,https://transparency.flocksafety.com/norton-oh-pd,434,41.0289,-81.6455
norwalk-oh-pd,Norwalk OH PD,Norwalk,OH,True,https://transparency.flocksafety.com/norwalk-oh-pd,429,41.2446,-82.6089
oberlin-oh-pd,Oberlin OH PD,Oberlin,OH,True,https://transparency.flocksafety.com/oberlin-oh-pd,46,41.2861,-82.2196
olmsted-falls-oh-pd,Olmsted Falls OH PD,Olmsted Falls,OH,True,https://transparency.flocksafety.com/olmsted-falls-oh-pd,69,41.3657,-81.9038
ontario-oh-pd,Ontario OH PD,Ontario,OH,True,https://transparency.flocksafety.com/ontario-oh-pd,736,40.7682,-82.6148
oregon-oh-pd,Oregon OH PD,Oregon,OH,True,https://transparency.flocksafety.com/oregon-oh-pd,1524,41.656,-83.4383
ottawa-county-oh-so,Ottawa County OH SO,Ottawa County,OH,True,https://transparency.flocksafety.com/ottawa-county-oh-so,2042,41.5455,-83.0126
parma-oh-pd,Parma OH PD,Parma,OH,True,https://transparency.flocksafety.com/parma-oh-pd,1874,41.3836,-81.7286
perry-county-oh-so,Perry County OH SO,Perry County,OH,True,https://transparency.flocksafety.com/perry-county-oh-so,669,39.7432,-82.238
pierce-township-oh-pd,Pierce Township OH PD,Pierce Township,OH,True,https://transparency.flocksafety.com/pierce-township-oh-pd,1740,39.0238,-84.2595
plain-city-oh-pd,Plain City OH PD,Plain City,OH,True,https://transparency.flocksafety.com/plain-city-oh-pd,69,40.1075,-83.2736
port-clinton-oh-pd,Port Clinton OH PD,Port Clinton,OH,True,https://transparency.flocksafety.com/port-clinton-oh-pd,2068,41.5097,-82.9383
powell-oh-pd,Powell OH PD,Powell,OH,True,https://transparency.flocksafety.com/powell-oh-pd,2222,40.1677,-83.0816
reading-oh-pd,Reading OH PD,Reading,OH,True,https://transparency.flocksafety.com/reading-oh-pd,148,39.2242,-84.4333
reynoldsburg-oh-pd,Reynoldsburg OH PD,Reynoldsburg,OH,True,https://transparency.flocksafety.com/reynoldsburg-oh-pd,42,39.9613,-82.7889
richland-county-oh-so,Richland County OH SO,Richland County,OH,True,https://transparency.flocksafety.com/richland-county-oh-so,376,40.7742,-82.5428
rossford-oh-pd,Rossford OH PD,Rossford,OH,True,https://transparency.flocksafety.com/rossford-oh-pd,98,41.5776,-83.5722
shaker-heights-oh-pd,Shaker Heights OH PD,Shaker Heights,OH,True,https://transparency.flocksafety.com/shaker-heights-oh-pd,72,41.4761,-81.5492
sheffield-village-oh-pd,Sheffield Village OH PD,Sheffield Village,OH,True,https://transparency.flocksafety.com/sheffield-village-oh-pd,425,41.4569,-82.094
sidney-oh-pd,Sidney OH PD,Sidney,OH,True,https://transparency.flocksafety.com/sidney-oh-pd,2272,40.2895,-84.1667
springdale-oh-pd,Springdale OH PD,Springdale,OH,True,https://transparency.flocksafety.com/springdale-oh-pd,120,39.2906,-84.4758
springfield-oh-pd,Springfield OH PD,Springfield,OH,True,https://transparency.flocksafety.com/springfield-oh-pd,2434,39.9289,-83.7942
st-clairsville-oh-pd-,St. Clairsville OH PD,St. Clairsville,OH,True,https://transparency.flocksafety.com/st-clairsville-oh-pd-,88,40.0783,-80.8992
sylvania-oh-pd,Sylvania OH PD,Sylvania,OH,True,https://transparency.flocksafety.com/sylvania-oh-pd,2005,41.7104,-83.7102
tipp-city-oh-pd,Tipp City OH PD,Tipp City,OH,True,https://transparency.flocksafety.com/tipp-city-oh-pd,2339,39.9645,-84.1864
toledo-oh-pd,Toledo OH PD,Toledo,OH,True,https://transparency.flocksafety.com/toledo-oh-pd,2232,41.6641,-83.5819
trotwood-oh-pd,Trotwood OH PD,Trotwood,OH,True,https://transparency.flocksafety.com/trotwood-oh-pd,97,39.7918,-84.3218
troy-oh-pd,Troy OH PD,Troy,OH,True,https://transparency.flocksafety.com/troy-oh-pd,88,40.0439,-84.2195
twinsburg-oh-pd,Twinsburg OH PD,Twinsburg,OH,True,https://transparency.flocksafety.com/twinsburg-oh-pd,1838,41.3226,-81.4431
oh-university-heights-pd,University Heights OH PD,University Heights,OH,True,https://transparency.flocksafety.com/oh-university-heights-pd,62,41.4948,-81.5349
upper-arlington-oh-pd,Upper Arlington OH PD,Upper Arlington,OH,True,https://transparency.flocksafety.com/upper-arlington-oh-pd,437,40.0276,-83.0707
wadsworth-oh-pd,Wadsworth OH PD,Wadsworth,OH,True,https://transparency.flocksafety.com/wadsworth-oh-pd,120,41.0274,-81.7322
wapakoneta-oh-pd,Wapakoneta OH PD,Wapakoneta,OH,True,https://transparency.flocksafety.com/wapakoneta-oh-pd,1086,40.5652,-84.1907
warren-county-oh-so,Warren County OH SO,Warren County,OH,True,https://transparency.flocksafety.com/warren-county-oh-so,175,41.2396,-80.816
warren-oh-pd,Warren OH PD,Warren,OH,True,https://transparency.flocksafety.com/warren-oh-pd,70,41.2396,-80.816
waterville-oh-pd,Waterville OH PD,Waterville,OH,True,https://transparency.flocksafety.com/waterville-oh-pd,1999,41.502,-83.7369
west-chester-oh-pd,West Chester OH PD,West Chester,OH,True,https://transparency.flocksafety.com/west-chester-oh-pd,237,39.3321,-84.4173
west-milton-oh-pd,West Milton OH PD,West Milton,OH,True,https://transparency.flocksafety.com/west-milton-oh-pd,150,39.9591,-84.3262
westerville-oh-pd,Westerville OH PD,Westerville,OH,True,https://transparency.flocksafety.com/westerville-oh-pd,60,40.1234,-82.9133
whitehall-oh-pd,Whitehall OH PD,Whitehall,OH,True,https://transparency.flocksafety.com/whitehall-oh-pd,115,39.969,-82.8839
oh-willard-pd,Willard OH PD,Willard,OH,True,https://transparency.flocksafety.com/oh-willard-pd,1915,41.0519,-82.7235
wilmington-oh-pd,Wilmington OH PD,Wilmington,OH,True,https://transparency.flocksafety.com/wilmington-oh-pd,325,39.4291,-83.8162
wooster-oh-pd,Wooster OH PD,Wooster,OH,True,https://transparency.flocksafety.com/wooster-oh-pd,66,40.817,-81.9315
worthington-oh-pd,Worthington OH PD,Worthington,OH,True,https://transparency.flocksafety.com/worthington-oh-pd,354,40.0969,-83.0202
wyoming-oh-pd,Wyoming OH PD,Wyoming,OH,True,https://transparency.flocksafety.com/wyoming-oh-pd,209,39.2297,-84.4816
zanesville-oh-pd,Zanesville OH PD,Zanesville,OH,True,https://transparency.flocksafety.com/zanesville-oh-pd,1310,39.956,-82.0135
bartlesville-ok-pd-,Bartlesville OK PD,Bartlesville,OK,True,https://transparency.flocksafety.com/bartlesville-ok-pd-,380,36.7377,-95.9485
coweta-ok-pd,Coweta OK PD,Coweta,OK,True,https://transparency.flocksafety.com/coweta-ok-pd,128,35.9718,-95.671
del-city-ok-pd,Del City OK PD,Del City,OK,True,https://transparency.flocksafety.com/del-city-ok-pd,196,35.4483,-97.4408
duncan-ok-pd,Duncan OK PD,Duncan,OK,True,https://transparency.flocksafety.com/duncan-ok-pd,860,34.4816,-97.9605
edmond-ok-pd,Edmond OK PD,Edmond,OK,True,https://transparency.flocksafety.com/edmond-ok-pd,44,35.6738,-97.4131
guthrie-ok-pd,Guthrie OK PD,Guthrie,OK,True,https://transparency.flocksafety.com/guthrie-ok-pd,78,35.8765,-97.4087
lawton-ok-pd,Lawton OK PD,Lawton,OK,True,https://transparency.flocksafety.com/lawton-ok-pd,27,34.6192,-98.4211
muskogee-ok-pd,Muskogee OK PD,Muskogee,OK,True,https://transparency.flocksafety.com/muskogee-ok-pd,153,35.7438,-95.3564
osage-county-ok-so,Osage County OK SO,Osage County,OK,True,https://transparency.flocksafety.com/osage-county-ok-so,0,36.6243,-96.4081
piedmont-ok-pd-,Piedmont OK PD,Piedmont,OK,True,https://transparency.flocksafety.com/piedmont-ok-pd-,65,35.6748,-97.7535
sand-springs-ok-pd,Sand Springs OK PD,Sand Springs,OK,True,https://transparency.flocksafety.com/sand-springs-ok-pd,65,36.1365,-96.132
tulsa-ok-pd,Tulsa OK PD,Tulsa,OK,True,https://transparency.flocksafety.com/tulsa-ok-pd,39,36.1279,-95.9023
warr-acres-ok-pd,Warr Acres OK PD,Warr Acres,OK,True,https://transparency.flocksafety.com/warr-acres-ok-pd,12,35.5261,-97.6181
yukon-ok-pd,Yukon OK PD,Yukon,OK,True,https://transparency.flocksafety.com/yukon-ok-pd,21,35.5184,-97.7662
albany-or-pd,Albany OR PD,Albany,OR,True,https://transparency.flocksafety.com/albany-or-pd,20,44.6269,-123.0967
douglas-county-or-so,Douglas County OR SO,Douglas County,OR,True,https://transparency.flocksafety.com/douglas-county-or-so,29,43.2863,-123.1545
eugene-or-pd,Eugene OR PD,Eugene,OR,True,https://transparency.flocksafety.com/eugene-or-pd,0,44.0568,-123.119
florence-or-pd,Florence OR PD,Florence,OR,True,https://transparency.flocksafety.com/florence-or-pd,25,43.9916,-124.1065
grants-pass-or-pd,Grants Pass OR PD,Grants Pass,OR,True,https://transparency.flocksafety.com/grants-pass-or-pd,33,42.4323,-123.3318
jackson-county-or-so,Jackson County OR SO,Jackson County,OR,True,https://transparency.flocksafety.com/jackson-county-or-so,33,42.4116,-122.6756
medford-or-pd,Medford OR PD,Medford,OR,True,https://transparency.flocksafety.com/medford-or-pd,39,42.3369,-122.8518
roseburg-or-pd,Roseburg OR PD,Roseburg,OR,True,https://transparency.flocksafety.com/roseburg-or-pd,27,43.2236,-123.352
springfield-or-pd,Springfield OR PD,Springfield,OR,True,https://transparency.flocksafety.com/springfield-or-pd,18,44.0538,-122.9811
sunriver-or-pd,Sunriver OR PD,Sunriver,OR,True,https://transparency.flocksafety.com/sunriver-or-pd,9,43.8821,-121.435
winston-or-pd,Winston OR PD,Winston,OR,True,https://transparency.flocksafety.com/winston-or-pd,24,43.1201,-123.4245
woodburn-or-pd,Woodburn OR PD,Woodburn,OR,True,https://transparency.flocksafety.com/woodburn-or-pd,1,45.1473,-122.8604
franklin-county-pa-so,Franklin County PA SO,Franklin County,PA,True,https://transparency.flocksafety.com/franklin-county-pa-so,197,41.383,-79.8321
hermitage-pa-pd,Hermitage PA PD,Hermitage,PA,True,https://transparency.flocksafety.com/hermitage-pa-pd,91,41.2296,-80.4407
mahoning-twp-pa-pd,Mahoning PA PD,Mahoning,PA,True,https://transparency.flocksafety.com/mahoning-twp-pa-pd,0,40.9695,-79.3572
temple-university-campus-pa-pd,Temple University PA PD,,PA,True,https://transparency.flocksafety.com/temple-university-campus-pa-pd,0,39.9812,-75.1554
central-falls-ri-pd,Central Falls RI PD,Central Falls,RI,True,https://transparency.flocksafety.com/central-falls-ri-pd,19,41.8901,-71.3935
cranston-ri-pd,Cranston RI PD,Cranston,RI,True,https://transparency.flocksafety.com/cranston-ri-pd,36,41.7697,-71.485
cumberland-ri-pd,Cumberland RI PD,Cumberland,RI,True,https://transparency.flocksafety.com/cumberland-ri-pd,88,41.9722,-71.4062
east-providence-ri-pd,East Providence RI PD,East Providence,RI,True,https://transparency.flocksafety.com/east-providence-ri-pd,25,41.8004,-71.3593
foster-ri-pd,Foster RI PD,Foster,RI,True,https://transparency.flocksafety.com/foster-ri-pd,76,41.8537,-71.7581
johnston-ri-pd,Johnston RI PD,Johnston,RI,True,https://transparency.flocksafety.com/johnston-ri-pd,15,41.8205,-71.5126
newport-ri-pd,Newport RI PD,Newport,RI,True,https://transparency.flocksafety.com/newport-ri-pd,23,41.4767,-71.3196
north-kingstown-ri-pd,North Kingstown RI PD,North Kingstown,RI,True,https://transparency.flocksafety.com/north-kingstown-ri-pd,17,41.5662,-71.4638
north-providence-ri-pd,North Providence RI PD,North Providence,RI,True,https://transparency.flocksafety.com/north-providence-ri-pd,9,41.8536,-71.4677
pawtucket-ri-pd,Pawtucket RI PD,Pawtucket,RI,True,https://transparency.flocksafety.com/pawtucket-ri-pd,19,41.8748,-71.3733
providence-pd-npd-lpr-study-ri,Providence RI PD,Providence,RI,True,https://transparency.flocksafety.com/providence-pd-npd-lpr-study-ri,21,41.8231,-71.4188
rhode-island-college-campus-ri-pd,Rhode Island College RI PD,,RI,True,https://transparency.flocksafety.com/rhode-island-college-campus-ri-pd,0,41.8417,-71.4628
smithfield-ri-pd,Smithfield RI PD,Smithfield,RI,True,https://transparency.flocksafety.com/smithfield-ri-pd,18,41.922,-71.5495
tiverton-ri-pd,Tiverton RI PD,Tiverton,RI,True,https://transparency.flocksafety.com/tiverton-ri-pd,496,41.654,-71.2004
warwick-ri-pd,Warwick RI PD,Warwick,RI,True,https://transparency.flocksafety.com/warwick-ri-pd,73,41.7031,-71.4203
west-greenwich-ri-pd,West Greenwich RI PD,West Greenwich,RI,True,https://transparency.flocksafety.com/west-greenwich-ri-pd,27,41.6285,-71.6638
woonsocket-ri-pd,Woonsocket RI PD,Woonsocket,RI,True,https://transparency.flocksafety.com/woonsocket-ri-pd,418,42.0017,-71.4999
catawba-nation-tribal-sc-pd-,Catawba Nation Tribal SC PD,Catawba Nation Tribal,SC,True,https://transparency.flocksafety.com/catawba-nation-tribal-sc-pd-,45,33.8361,-81.1637
chester-county-sc-so,Chester County SC SO,Chester County,SC,True,https://transparency.flocksafety.com/chester-county-sc-so,1766,34.705,-81.2132
claflin-university-sc-pd,Claflin University SC PD,,SC,True,https://transparency.flocksafety.com/claflin-university-sc-pd,159,34.2058,-79.5392
clover-sc-pd,Clover SC PD,Clover,SC,True,https://transparency.flocksafety.com/clover-sc-pd,212,35.1116,-81.2203
sc-college-of-charleston-department-of-public-safety,College of Charleston DPS SC PD,,SC,True,https://transparency.flocksafety.com/sc-college-of-charleston-department-of-public-safety,0,32.7833,-79.932
elgin-sc-pd,Elgin SC PD,Elgin,SC,True,https://transparency.flocksafety.com/elgin-sc-pd,1632,34.1702,-80.7931
elloree-sc-pd,Elloree SC PD,Elloree,SC,True,https://transparency.flocksafety.com/elloree-sc-pd,217,33.53,-80.5708
eutawville-sc-pd,Eutawville SC PD,Eutawville,SC,True,https://transparency.flocksafety.com/eutawville-sc-pd,27,33.3977,-80.3429
florence-sc-pd,Florence SC PD,Florence,SC,True,https://transparency.flocksafety.com/florence-sc-pd,94,34.1789,-79.7922
folly-beach-sc-pd,Folly Beach SC PD,Folly Beach,SC,True,https://transparency.flocksafety.com/folly-beach-sc-pd,1309,32.6693,-79.9606
greenville-sc-pd,Greenville SC PD,Greenville,SC,True,https://transparency.flocksafety.com/greenville-sc-pd,132,34.8369,-82.363
greenwood-sc-pd,Greenwood SC PD,Greenwood,SC,True,https://transparency.flocksafety.com/greenwood-sc-pd,204,34.1954,-82.1537
isle-of-palms-sc-pd,Isle Of Palms SC PD,Isle of Palms,SC,True,https://transparency.flocksafety.com/isle-of-palms-sc-pd,204,32.8039,-79.7524
kershaw-county-sc-so,Kershaw County SC SO,Kershaw County,SC,True,https://transparency.flocksafety.com/kershaw-county-sc-so,156,34.3384,-80.5909
lander-university-sc-pd,Lander University SC PD,,SC,True,https://transparency.flocksafety.com/lander-university-sc-pd,173,34.2058,-79.5392
landrum-sc-pd,Landrum SC PD,Landrum,SC,True,https://transparency.flocksafety.com/landrum-sc-pd,94,35.1751,-82.1857
lexington-sc-pd,Lexington SC PD,Lexington,SC,True,https://transparency.flocksafety.com/lexington-sc-pd,91,33.9929,-81.2218
mauldin-sc-pd,Mauldin SC PD,Mauldin,SC,True,https://transparency.flocksafety.com/mauldin-sc-pd,102,34.781,-82.3042
mount-pleasant-sc-pd,Mount Pleasant SC PD,Mount Pleasant,SC,True,https://transparency.flocksafety.com/mount-pleasant-sc-pd,1390,32.8084,-79.865
oconee-county-sc-so,Oconee County SC SO,Oconee County,SC,True,https://transparency.flocksafety.com/oconee-county-sc-so,110,34.7488,-83.0615
pickens-county-sc-so,Pickens County SC SO,Pickens County,SC,True,https://transparency.flocksafety.com/pickens-county-sc-so,109,34.8857,-82.7102
richland-county-sc-so,Richland County SC SO,Richland County,SC,True,https://transparency.flocksafety.com/richland-county-sc-so,232,34.0291,-80.898
seneca-sc-pd,Seneca SC PD,Seneca,SC,True,https://transparency.flocksafety.com/seneca-sc-pd,111,34.6811,-82.9656
sullivans-island-sc-pd,Sullivans Island SC PD,Sullivans Island,SC,True,https://transparency.flocksafety.com/sullivans-island-sc-pd,13,32.7629,-79.8362
surfside-beach-sc-pd,Surfside Beach SC PD,Surfside Beach,SC,True,https://transparency.flocksafety.com/surfside-beach-sc-pd,1460,33.6097,-78.9775
tega-cay-sc-pd,Tega Cay SC PD,Tega Cay,SC,True,https://transparency.flocksafety.com/tega-cay-sc-pd,41,35.0393,-81.0106
travelers-rest-sc-pd,Travelers Rest SC PD,Travelers Rest,SC,True,https://transparency.flocksafety.com/travelers-rest-sc-pd,176,34.96,-82.445
union-county-sc-so,Union County SC SO,Union County,SC,True,https://transparency.flocksafety.com/union-county-sc-so,97,34.7235,-81.6248
westminster-sc-pd,Westminster SC PD,Westminster,SC,True,https://transparency.flocksafety.com/westminster-sc-pd,27,34.6666,-83.0907
madison-sd-pd-,Madison SD PD,Madison,SD,True,https://transparency.flocksafety.com/madison-sd-pd-,74,44.0062,-97.1085
sioux-falls-sd-pd,Sioux Falls SD PD,Sioux Falls,SD,True,https://transparency.flocksafety.com/sioux-falls-sd-pd,16,43.5407,-96.732
summerset-sd-pd,Summerset SD PD,Summerset,SD,True,https://transparency.flocksafety.com/summerset-sd-pd,204,44.1933,-103.3422
union-county-sd-so-,Union County SD SO,Union County,SD,True,https://transparency.flocksafety.com/union-county-sd-so-,74,42.8311,-96.6508
blount-county-tn-so,Blount County TN SO,Blount County,TN,True,https://transparency.flocksafety.com/blount-county-tn-so,153,35.6882,-83.923
collegedale-tn-pd,Collegedale TN PD,Collegedale,TN,True,https://transparency.flocksafety.com/collegedale-tn-pd,109,35.0535,-85.048
johnson-city-tn-pd,Johnson City TN PD,Johnson City,TN,True,https://transparency.flocksafety.com/johnson-city-tn-pd,276,36.3423,-82.3809
kingsport-tn-pd,Kingsport TN PD,Kingsport,TN,True,https://transparency.flocksafety.com/kingsport-tn-pd,110,36.5194,-82.5434
knox-county-tn-so,Knox County TN SO,Knox County,TN,True,https://transparency.flocksafety.com/knox-county-tn-so,147,35.9927,-83.9377
la-vergne-tn-pd,La Vergne TN PD,La Vergne,TN,True,https://transparency.flocksafety.com/la-vergne-tn-pd,255,36.0222,-86.5594
maryville-tn-pd,Maryville TN PD,Maryville,TN,True,https://transparency.flocksafety.com/maryville-tn-pd,2158,35.748,-83.98
monroe-county-tn-so,Monroe County TN SO,Monroe County,TN,True,https://transparency.flocksafety.com/monroe-county-tn-so,947,35.4478,-84.2497
mt-juliet-tn-pd,Mt. Juliet TN PD,Mt. Juliet,TN,True,https://transparency.flocksafety.com/mt-juliet-tn-pd,259,36.2001,-86.5186
murfreesboro-tn-pd,Murfreesboro TN PD,Murfreesboro,TN,True,https://transparency.flocksafety.com/murfreesboro-tn-pd,332,35.8539,-86.4212
piperton-tn-pd,Piperton TN PD,Piperton,TN,True,https://transparency.flocksafety.com/piperton-tn-pd,1776,35.0528,-89.6096
rockwood-tn-pd,Rockwood TN PD,Rockwood,TN,True,https://transparency.flocksafety.com/rockwood-tn-pd,2116,35.8701,-84.6749
sevierville-tn-pd,Sevierville TN PD,Sevierville,TN,True,https://transparency.flocksafety.com/sevierville-tn-pd,2169,35.8897,-83.5799
shelby-county-tn-so,Shelby County TN SO,Shelby County,TN,True,https://transparency.flocksafety.com/shelby-county-tn-so,2292,35.1846,-89.8946
sparta-tn-pd,Sparta TN PD,Sparta,TN,True,https://transparency.flocksafety.com/sparta-tn-pd,1978,35.9347,-85.4726
spring-hill-tn-pd,Spring Hill TN PD,Spring Hill,TN,True,https://transparency.flocksafety.com/spring-hill-tn-pd,2242,35.7466,-86.9168
stewart-county-tn-so,Stewart County TN SO,Stewart County,TN,True,https://transparency.flocksafety.com/stewart-county-tn-so,137,36.4585,-87.8119
washington-county-tn-so,Washington County TN SO,Washington County,TN,True,https://transparency.flocksafety.com/washington-county-tn-so,119,36.2957,-82.495
aransas-pass-tx-pd,Aransas Pass TX PD,Aransas Pass,TX,True,https://transparency.flocksafety.com/aransas-pass-tx-pd,377,27.915,-97.1032
argyle-tx-pd,Argyle TX PD,Argyle,TX,True,https://transparency.flocksafety.com/argyle-tx-pd,565,33.1055,-97.1775
arlington-tx-pd,Arlington TX PD,Arlington,TX,True,https://transparency.flocksafety.com/arlington-tx-pd,68,32.7007,-97.1247
athens-tx-pd,Athens TX PD,Athens,TX,True,https://transparency.flocksafety.com/athens-tx-pd,312,32.2026,-95.8308
aubrey-tx-pd,Aubrey TX PD,Aubrey,TX,True,https://transparency.flocksafety.com/aubrey-tx-pd,1376,33.3085,-96.9791
austin-tx-pd,Austin TX PD,Austin,TX,True,https://transparency.flocksafety.com/austin-tx-pd,0,30.2986,-97.7541
bay-city-tx-pd,Bay City TX PD,Bay City,TX,True,https://transparency.flocksafety.com/bay-city-tx-pd,419,28.9835,-95.9599
baytown-tx-pd,Baytown TX PD,Baytown,TX,True,https://transparency.flocksafety.com/baytown-tx-pd,3046,29.7648,-94.9675
bedford-tx-pd,Bedford TX PD,Bedford,TX,True,https://transparency.flocksafety.com/bedford-tx-pd,347,32.8458,-97.1351
bee-cave-tx-pd,Bee Cave TX PD,Bee Cave,TX,True,https://transparency.flocksafety.com/bee-cave-tx-pd,56,30.3077,-97.9626
bellaire-tx-pd,Bellaire TX PD,Bellaire,TX,True,https://transparency.flocksafety.com/bellaire-tx-pd,490,29.704,-95.4609
belton-tx-pd,Belton TX PD,Belton,TX,True,https://transparency.flocksafety.com/belton-tx-pd,363,31.0523,-97.4795
bexar-county-tx-so,Bexar County TX SO,Bexar County,TX,True,https://transparency.flocksafety.com/bexar-county-tx-so,53,29.4487,-98.5201
boerne-tx-pd,Boerne TX PD,Boerne,TX,True,https://transparency.flocksafety.com/boerne-tx-pd,479,29.7849,-98.7279
brazos-county-tx-so,Brazos County TX SO,Brazos County,TX,True,https://transparency.flocksafety.com/brazos-county-tx-so,162,30.6567,-96.3024
bryan-tx-pd,Bryan TX PD,Bryan,TX,True,https://transparency.flocksafety.com/bryan-tx-pd,518,30.666,-96.381
buda-tx-pd,Buda TX PD,Buda,TX,True,https://transparency.flocksafety.com/buda-tx-pd,43,30.0804,-97.8557
carrollton-tx-pd,Carrollton TX PD,Carrollton,TX,True,https://transparency.flocksafety.com/carrollton-tx-pd,500,32.9894,-96.8999
castle-hills-tx-pd,Castle Hills TX PD,Castle Hills,TX,True,https://transparency.flocksafety.com/castle-hills-tx-pd,1219,29.5247,-98.5191
celina-tx-pd-,Celina TX PD,Celina,TX,True,https://transparency.flocksafety.com/celina-tx-pd-,1082,33.3262,-96.7949
cibolo-tx-pd,Cibolo TX PD,Cibolo,TX,True,https://transparency.flocksafety.com/cibolo-tx-pd,47,29.5701,-98.2178
coastal-bend-college-campus-pd-,Coastal Bend College TX PD,,TX,True,https://transparency.flocksafety.com/coastal-bend-college-campus-pd-,1178,28.4348,-97.7575
college-station-tx-pd,College Station TX PD,College Station,TX,True,https://transparency.flocksafety.com/college-station-tx-pd,535,30.5852,-96.2964
colleyville-pd-tx,Colleyville PD TX,Colleyville,TX,True,https://transparency.flocksafety.com/colleyville-pd-tx,72,32.8915,-97.1497
conroe-tx-pd,Conroe TX PD,Conroe,TX,True,https://transparency.flocksafety.com/conroe-tx-pd,498,30.3287,-95.4846
corinth-tx-pd,Corinth TX PD,Corinth,TX,True,https://transparency.flocksafety.com/corinth-tx-pd,452,33.1447,-97.0708
dallas-tx-pd,Dallas TX PD,Dallas,TX,True,https://transparency.flocksafety.com/dallas-tx-pd,103,32.7933,-96.7665
deer-park-tx-pd,Deer Park TX PD,Deer Park,TX,True,https://transparency.flocksafety.com/deer-park-tx-pd,50,29.6873,-95.1159
denton-tx-pd,Denton TX PD,Denton,TX,True,https://transparency.flocksafety.com/denton-tx-pd,141,33.2174,-97.1413
edinburg-tx-pd,Edinburg TX PD,Edinburg,TX,True,https://transparency.flocksafety.com/edinburg-tx-pd,1139,26.3211,-98.1628
el-paso-tx-pd-,El Paso TX PD,El Paso,TX,True,https://transparency.flocksafety.com/el-paso-tx-pd-,49,31.8478,-106.4311
fair-oaks-ranch-tx-pd,Fair Oaks Ranch TX PD,Fair Oaks Ranch,TX,True,https://transparency.flocksafety.com/fair-oaks-ranch-tx-pd,11,29.7461,-98.6381
farmers-branch-tx-pd,Farmers Branch TX PD,Farmers Branch,TX,True,https://transparency.flocksafety.com/farmers-branch-tx-pd,64,32.9278,-96.8785
forest-hill-tx-pd,Forest Hill TX PD,Forest Hill,TX,True,https://transparency.flocksafety.com/forest-hill-tx-pd,321,32.6619,-97.2662
frisco-tx-pd,Frisco TX PD,Frisco,TX,True,https://transparency.flocksafety.com/frisco-tx-pd,411,33.1554,-96.8226
garland-tx-pd,Garland TX PD,Garland,TX,True,https://transparency.flocksafety.com/garland-tx-pd,477,32.9098,-96.6303
granbury-tx-pd,Granbury TX PD,Granbury,TX,True,https://transparency.flocksafety.com/granbury-tx-pd,681,32.4328,-97.7751
groesbeck-tx-pd-,Groesbeck TX PD,Groesbeck,TX,True,https://transparency.flocksafety.com/groesbeck-tx-pd-,423,31.5256,-96.5281
tx-hallettsville-pd,Hallettsville TX PD,Hallettsville,TX,True,https://transparency.flocksafety.com/tx-hallettsville-pd,53,29.4431,-96.9435
haltom-city-tx-pd,Haltom City TX PD,Haltom City,TX,True,https://transparency.flocksafety.com/haltom-city-tx-pd,277,32.8177,-97.2712
heath-tx-dps,Heath TX PD,Heath,TX,True,https://transparency.flocksafety.com/heath-tx-dps,454,32.8535,-96.4636
hewitt-tx-pd,Hewitt TX PD,Hewitt,TX,True,https://transparency.flocksafety.com/hewitt-tx-pd,345,31.4512,-97.1933
highland-park-tx-pd,Highland Park TX PD,Highland Park,TX,True,https://transparency.flocksafety.com/highland-park-tx-pd,400,32.8311,-96.8012
highland-village-tx,Highland Village TX PD,Highland Village,TX,True,https://transparency.flocksafety.com/highland-village-tx,533,33.0897,-97.0615
hood-co-tx-so,Hood County TX SO,Hood County,TX,True,https://transparency.flocksafety.com/hood-co-tx-so,0,32.4301,-97.8317
hutto-tx-pd,Hutto TX PD,Hutto,TX,True,https://transparency.flocksafety.com/hutto-tx-pd,53,30.5416,-97.5442
iowa-colony-tx-pd,Iowa Colony TX PD,Iowa Colony,TX,True,https://transparency.flocksafety.com/iowa-colony-tx-pd,13,29.4411,-95.4238
irving-tx-pd,Irving TX PD,Irving,TX,True,https://transparency.flocksafety.com/irving-tx-pd,69,32.8577,-96.97
jasper-tx-pd,Jasper TX PD,Jasper,TX,True,https://transparency.flocksafety.com/jasper-tx-pd,449,30.9227,-93.9933
jersey-village-tx-pd,Jersey Village TX PD,Jersey Village,TX,True,https://transparency.flocksafety.com/jersey-village-tx-pd,60,29.8929,-95.5772
keller-tx-pd-,Keller TX PD,Keller,TX,True,https://transparency.flocksafety.com/keller-tx-pd-,174,32.9329,-97.2245
kemah-tx-pd,Kemah TX PD,Kemah,TX,True,https://transparency.flocksafety.com/kemah-tx-pd,357,29.5286,-95.02
kendall-county-tx-so,Kendall County TX SO,Kendall County,TX,True,https://transparency.flocksafety.com/kendall-county-tx-so,502,29.9435,-98.7093
killeen-tx-pd,Killeen TX PD,Killeen,TX,True,https://transparency.flocksafety.com/killeen-tx-pd,1294,31.0777,-97.732
lakeway-tx-pd,Lakeway TX PD,Lakeway,TX,True,https://transparency.flocksafety.com/lakeway-tx-pd,32,30.355,-97.9863
laredo-tx-pd,Laredo TX PD,Laredo,TX,True,https://transparency.flocksafety.com/laredo-tx-pd,4,27.5604,-99.4892
league-city-tx-pd,League City TX PD,League City,TX,True,https://transparency.flocksafety.com/league-city-tx-pd,437,29.4901,-95.1091
lewisville-tx-pd,Lewisville TX PD,Lewisville,TX,True,https://transparency.flocksafety.com/lewisville-tx-pd,398,33.0507,-96.9746
tx-liberty-pd,Liberty TX PD,Liberty,TX,True,https://transparency.flocksafety.com/tx-liberty-pd,344,30.0388,-94.7888
live-oak-tx-pd-,Live Oak TX PD,Live Oak,TX,True,https://transparency.flocksafety.com/live-oak-tx-pd-,77,29.5554,-98.34
lockney-pd-tx,Lockney TX PD,Lockney,TX,True,https://transparency.flocksafety.com/lockney-pd-tx,48,34.1231,-101.4425
lubbock-county-tx-so-,Lubbock County TX SO,Lubbock County,TX,True,https://transparency.flocksafety.com/lubbock-county-tx-so-,131,33.5619,-101.8889
lubbock-tx-pd,Lubbock TX PD,Lubbock,TX,True,https://transparency.flocksafety.com/lubbock-tx-pd,367,33.5619,-101.8889
melissa-tx-pd,Melissa TX PD,Melissa,TX,True,https://transparency.flocksafety.com/melissa-tx-pd,54,33.2885,-96.5576
midland-tx-pd,Midland TX PD,Midland,TX,True,https://transparency.flocksafety.com/midland-tx-pd,200,32.0246,-102.1135
midlothian-tx-pd,Midlothian TX PD,Midlothian,TX,True,https://transparency.flocksafety.com/midlothian-tx-pd,67,32.4694,-96.9907
morgans-point-pd-tx,Morgan's Point PD TX,Morgan's Point,TX,True,https://transparency.flocksafety.com/morgans-point-pd-tx,471,29.6744,-95.0
morgans-point-resort-tx-pd,Morgan's Point Resort TX PD,Morgan's Point Resort,TX,True,https://transparency.flocksafety.com/morgans-point-resort-tx-pd,460,31.1546,-97.4592
nassau-bay-tx-pd-,Nassau Bay TX PD,Nassau Bay,TX,True,https://transparency.flocksafety.com/nassau-bay-tx-pd-,486,29.5448,-95.0874
new-braunfels-tx-pd,New Braunfels TX PD,New Braunfels,TX,True,https://transparency.flocksafety.com/new-braunfels-tx-pd,12,29.6993,-98.1151
northlake-tx-pd,Northlake TX PD,Northlake,TX,True,https://transparency.flocksafety.com/northlake-tx-pd,50,33.0738,-97.2562
oak-point-tx-pd-,Oak Point TX PD,Oak Point,TX,True,https://transparency.flocksafety.com/oak-point-tx-pd-,34,33.1705,-96.9875
odessa-tx-pd,Odessa TX PD,Odessa,TX,True,https://transparency.flocksafety.com/odessa-tx-pd,63,31.8805,-102.3453
ovilla-tx-pd,Ovilla TX PD,Ovilla,TX,True,https://transparency.flocksafety.com/ovilla-tx-pd,508,32.5413,-96.8835
pflugerville-tx-pd,Pflugerville TX PD,Pflugerville,TX,True,https://transparency.flocksafety.com/pflugerville-tx-pd,1,30.4478,-97.6021
prosper-tx-pd,Prosper TX PD,Prosper,TX,True,https://transparency.flocksafety.com/prosper-tx-pd,49,33.2413,-96.8124
red-oak-pd-tx,Red Oak PD TX,Red Oak,TX,True,https://transparency.flocksafety.com/red-oak-pd-tx,881,32.5096,-96.784
richland-hills-tx-pd,Richland Hills TX PD,Richland Hills,TX,True,https://transparency.flocksafety.com/richland-hills-tx-pd,518,32.8102,-97.2265
richmond-tx-pd,Richmond TX PD,Richmond,TX,True,https://transparency.flocksafety.com/richmond-tx-pd,1258,29.5809,-95.7613
rockport-tx-pd-,Rockport TX PD,Rockport,TX,True,https://transparency.flocksafety.com/rockport-tx-pd-,1,28.0476,-97.05
round-rock-tx-pd,Round Rock TX PD,Round Rock,TX,True,https://transparency.flocksafety.com/round-rock-tx-pd,707,30.5268,-97.6601
saginaw-tx-pd-,Saginaw TX PD,Saginaw,TX,True,https://transparency.flocksafety.com/saginaw-tx-pd-,45,32.8656,-97.3652
san-angelo-tx-pd,San Angelo TX PD,San Angelo,TX,True,https://transparency.flocksafety.com/san-angelo-tx-pd,55,31.4411,-100.4505
san-marcos-tx-pd,San Marcos TX PD,San Marcos,TX,True,https://transparency.flocksafety.com/san-marcos-tx-pd,13,29.8724,-97.936
smith-county-tx-so,Smith County TX SO,Smith County,TX,True,https://transparency.flocksafety.com/smith-county-tx-so,991,32.3751,-95.2689
sterling-county-tx-so,Sterling County TX SO,Sterling County,TX,True,https://transparency.flocksafety.com/sterling-county-tx-so,73,31.8358,-101.0549
sunset-valley-tx-pd,Sunset Valley TX PD,Sunset Valley,TX,True,https://transparency.flocksafety.com/sunset-valley-tx-pd,443,30.2258,-97.8158
tarleton-state-university-tx-pd-,Tarleton State University TX PD,,TX,True,https://transparency.flocksafety.com/tarleton-state-university-tx-pd-,62,32.216,-98.216
taylor-tx-pd-,Taylor TX PD,Taylor,TX,True,https://transparency.flocksafety.com/taylor-tx-pd-,13,30.572,-97.4304
temple-tx-pd,Temple TX PD,Temple,TX,True,https://transparency.flocksafety.com/temple-tx-pd,1195,31.1034,-97.3911
texarkana-tx-pd,Texarkana TX PD,Texarkana,TX,True,https://transparency.flocksafety.com/texarkana-tx-pd,1769,33.4511,-94.0901
the-colony-tx-pd,The Colony TX PD,The Colony,TX,True,https://transparency.flocksafety.com/the-colony-tx-pd,492,33.0896,-96.9034
trophy-club-tx-pd,Trophy Club TX PD,Trophy Club,TX,True,https://transparency.flocksafety.com/trophy-club-tx-pd,486,32.9925,-97.173
universal-city-pd-tx,Universal City TX PD,Universal City,TX,True,https://transparency.flocksafety.com/universal-city-pd-tx,455,29.552,-98.3076
university-of-texas-at-dallas-tx-pd,University of Texas at Dallas TX PD,,TX,True,https://transparency.flocksafety.com/university-of-texas-at-dallas-tx-pd,508,32.8159,-96.8467
watauga-tx-pd,Watauga TX PD,Watauga,TX,True,https://transparency.flocksafety.com/watauga-tx-pd,472,32.8718,-97.2515
webster-tx-pd,Webster TX PD,Webster,TX,True,https://transparency.flocksafety.com/webster-tx-pd,489,29.5321,-95.1165
westlake-tx-,Westlake TX PD,Westlake,TX,True,https://transparency.flocksafety.com/westlake-tx-,0,32.9855,-97.2038
white-settlement-tx-pd,White Settlement TX PD,White Settlement,TX,True,https://transparency.flocksafety.com/white-settlement-tx-pd,204,32.7551,-97.4607
wylie-tx-pd,Wylie TX PD,Wylie,TX,True,https://transparency.flocksafety.com/wylie-tx-pd,554,33.0358,-96.5202
ut-cedar-city-pd,Cedar City UT PD,Cedar City,UT,True,https://transparency.flocksafety.com/ut-cedar-city-pd,15,37.6838,-113.0955
iron-county-ut-so,Iron County UT SO,Iron County,UT,True,https://transparency.flocksafety.com/iron-county-ut-so,21,37.9093,-113.3067
lone-peak-ut-pd,Lone Peak UT PD,Lone Peak,UT,True,https://transparency.flocksafety.com/lone-peak-ut-pd,8,40.5266,-111.756
ogden-city-ut-pd,Ogden UT PD,Ogden,UT,True,https://transparency.flocksafety.com/ogden-city-ut-pd,0,41.2284,-111.9681
provo-ut-pd,Provo UT PD,Provo,UT,True,https://transparency.flocksafety.com/provo-ut-pd,7,40.2453,-111.6451
spanish-fork-ut-pd,Spanish Fork UT PD,Spanish Fork,UT,True,https://transparency.flocksafety.com/spanish-fork-ut-pd,4,40.1104,-111.6411
tooele-city-pd-ut,Tooele City PD UT,Tooele City,UT,True,https://transparency.flocksafety.com/tooele-city-pd-ut,125,40.5394,-112.3078
wayne-county-ut-so,Wayne County UT SO,Wayne County,UT,True,https://transparency.flocksafety.com/wayne-county-ut-so,330,38.2599,-110.9909
accomack-county-va-so,Accomack County VA SO,Accomack County,VA,True,https://transparency.flocksafety.com/accomack-county-va-so,53,37.7659,-75.7578
alexandria-city-va-so,Alexandria City County VA SO,Alexandria City County,VA,True,https://transparency.flocksafety.com/alexandria-city-va-so,0,38.8193,-77.0837
alexandria-va-pd,Alexandria VA PD,Alexandria,VA,True,https://transparency.flocksafety.com/alexandria-va-pd,170,38.8193,-77.0837
altavista-va-pd,Altavista VA PD,Altavista,VA,True,https://transparency.flocksafety.com/altavista-va-pd,112,37.1234,-79.2834
amherst-county-va-so,Amherst County VA SO,Amherst County,VA,True,https://transparency.flocksafety.com/amherst-county-va-so,88,37.6293,-79.1547
appomattox-county-va-so,Appomattox County VA SO,Appomattox County,VA,True,https://transparency.flocksafety.com/appomattox-county-va-so,1,37.3707,-78.8109
arlington-county-va-pd,Arlington County VA SO,Arlington County,VA,True,https://transparency.flocksafety.com/arlington-county-va-pd,0,38.8783,-77.1007
augusta-county-va-so,Augusta County VA SO,Augusta County,VA,True,https://transparency.flocksafety.com/augusta-county-va-so,165,38.1726,-79.141
bedford-va-pd,Bedford VA PD,Bedford,VA,True,https://transparency.flocksafety.com/bedford-va-pd,341,37.3363,-79.5177
bluefield-va-pd,Bluefield VA PD,Bluefield,VA,True,https://transparency.flocksafety.com/bluefield-va-pd,83,37.2352,-81.2747
bridgewater-va-pd,Bridgewater VA PD,Bridgewater,VA,True,https://transparency.flocksafety.com/bridgewater-va-pd,52,38.3885,-78.9645
broadway-va-pd,Broadway VA PD,Broadway,VA,True,https://transparency.flocksafety.com/broadway-va-pd,18,38.6085,-78.8014
brookneal-va-pd,Brookneal VA PD,Brookneal,VA,True,https://transparency.flocksafety.com/brookneal-va-pd,144,37.0478,-78.9539
brunswick-county-va-so,Brunswick County VA SO,Brunswick County,VA,True,https://transparency.flocksafety.com/brunswick-county-va-so,232,36.7642,-77.8615
carroll-county-va-so,Carroll County VA SO,Carroll County,VA,True,https://transparency.flocksafety.com/carroll-county-va-so,0,36.732,-80.7278
charlotte-county-va-so,Charlotte County VA SO,Charlotte County,VA,True,https://transparency.flocksafety.com/charlotte-county-va-so,156,37.009,-78.6586
charlottesville-va-pd,Charlottesville VA PD,Charlottesville,VA,True,https://transparency.flocksafety.com/charlottesville-va-pd,21,38.0377,-78.4854
chase-city-va-pd,Chase City VA PD,Chase City,VA,True,https://transparency.flocksafety.com/chase-city-va-pd,0,36.7998,-78.461
chesapeake-va-pd-,Chesapeake VA PD,Chesapeake,VA,True,https://transparency.flocksafety.com/chesapeake-va-pd-,150,36.6794,-76.3018
chilhowie-va-pd,Chilhowie VA PD,Chilhowie,VA,True,https://transparency.flocksafety.com/chilhowie-va-pd,30,36.8002,-81.6829
christiansburg-va-pd,Christiansburg VA PD,Christiansburg,VA,True,https://transparency.flocksafety.com/christiansburg-va-pd,14,37.1407,-80.4045
clarksville-va-pd,Clarksville VA PD,Clarksville,VA,True,https://transparency.flocksafety.com/clarksville-va-pd,154,36.6182,-78.5645
college-of-william-mary-va-pd-,College of William and Mary VA PD,,VA,True,https://transparency.flocksafety.com/college-of-william-mary-va-pd-,0,37.271,-76.7162
colonial-beach-va-pd,Colonial Beach VA PD,Colonial Beach,VA,True,https://transparency.flocksafety.com/colonial-beach-va-pd,153,38.2644,-76.9937
colonial-heights-va-pd,Colonial Heights VA PD,Colonial Heights,VA,True,https://transparency.flocksafety.com/colonial-heights-va-pd,32,37.2617,-77.3968
culpeper-va-pd-,Culpeper VA PD,Culpeper,VA,True,https://transparency.flocksafety.com/culpeper-va-pd-,133,38.4703,-77.9998
damascus-va-pd,Damascus VA PD,Damascus,VA,True,https://transparency.flocksafety.com/damascus-va-pd,11,36.6327,-81.7894
danville-va-pd,Danville VA PD,Danville,VA,True,https://transparency.flocksafety.com/danville-va-pd,0,36.5833,-79.4081
dinwiddie-county-va-so,Dinwiddie County VA SO,Dinwiddie County,VA,True,https://transparency.flocksafety.com/dinwiddie-county-va-so,157,37.0735,-77.6355
dublin-va-pd,Dublin VA PD,Dublin,VA,True,https://transparency.flocksafety.com/dublin-va-pd,166,37.1055,-80.6897
emporia-va-pd-,Emporia VA PD,Emporia,VA,True,https://transparency.flocksafety.com/emporia-va-pd-,100,36.6962,-77.536
exmore-va-pd,Exmore VA PD,Exmore,VA,True,https://transparency.flocksafety.com/exmore-va-pd,124,37.5295,-75.8283
fairfax-city-va-pd,Fairfax VA PD,Fairfax,VA,True,https://transparency.flocksafety.com/fairfax-city-va-pd,0,38.8532,-77.299
fauquier-county-va-so,Fauquier County VA SO,Fauquier County,VA,True,https://transparency.flocksafety.com/fauquier-county-va-so,35,38.7441,-77.8215
floyd-county-va-so,Floyd County VA SO,Floyd County,VA,True,https://transparency.flocksafety.com/floyd-county-va-so,0,36.9314,-80.3503
franklin-county-va-so,Franklin County VA SO,Franklin County,VA,True,https://transparency.flocksafety.com/franklin-county-va-so,126,36.684,-76.9414
city-of-franklin-va-pd,Franklin VA PD,Franklin,VA,True,https://transparency.flocksafety.com/city-of-franklin-va-pd,2,36.684,-76.9414
fredericksburg-city-va-pd,Fredericksburg VA PD,Fredericksburg,VA,True,https://transparency.flocksafety.com/fredericksburg-city-va-pd,0,38.2993,-77.4867
front-royal-va-pd,Front Royal VA PD,Front Royal,VA,True,https://transparency.flocksafety.com/front-royal-va-pd,117,38.925,-78.1834
galax-va-pd,Galax VA PD,Galax,VA,True,https://transparency.flocksafety.com/galax-va-pd,186,36.6656,-80.9143
va-george-mason-university-campus-pd,George Mason University VA PD,,VA,True,https://transparency.flocksafety.com/va-george-mason-university-campus-pd,0,38.8315,-77.3117
goochland-county-va-so,Goochland County VA SO,Goochland County,VA,True,https://transparency.flocksafety.com/goochland-county-va-so,17,37.7188,-77.9176
greensville-county-va-so,Greensville County VA SO,Greensville County,VA,True,https://transparency.flocksafety.com/greensville-county-va-so,237,36.6803,-77.5603
grottoes-va-pd,Grottoes VA PD,Grottoes,VA,True,https://transparency.flocksafety.com/grottoes-va-pd,166,38.2697,-78.8259
grundy-va-pd,Grundy VA PD,Grundy,VA,True,https://transparency.flocksafety.com/grundy-va-pd,126,37.2672,-82.0946
hampton-va-pd,Hampton VA PD,Hampton,VA,True,https://transparency.flocksafety.com/hampton-va-pd,47,37.048,-76.2973
harrisonburg-va-pd,Harrisonburg VA PD,Harrisonburg,VA,True,https://transparency.flocksafety.com/harrisonburg-va-pd,1,38.4363,-78.8733
henrico-county-va-pd,Henrico County VA PD,Henrico County,VA,True,https://transparency.flocksafety.com/henrico-county-va-pd,53,37.4375,-77.3003
henry-county-va-so,Henry County VA SO,Henry County,VA,True,https://transparency.flocksafety.com/henry-county-va-so,2,36.6206,-79.9807
herndon-va-pd,Herndon VA PD,Herndon,VA,True,https://transparency.flocksafety.com/herndon-va-pd,120,38.9704,-77.3871
hopewell-va-pd,Hopewell VA PD,Hopewell,VA,True,https://transparency.flocksafety.com/hopewell-va-pd,50,37.291,-77.2989
hurt-va-pd,Hurt VA PD,Hurt,VA,True,https://transparency.flocksafety.com/hurt-va-pd,94,37.0964,-79.3033
isle-of-wight-county-va-so,Isle Of Wight County VA SO,Isle Of Wight County,VA,True,https://transparency.flocksafety.com/isle-of-wight-county-va-so,66,36.9014,-76.7076
james-city-county-va-pd,James City County VA SO,James City County,VA,True,https://transparency.flocksafety.com/james-city-county-va-pd,0,37.3248,-76.7779
king-george-county-va-so,King County VA SO,King County,VA,True,https://transparency.flocksafety.com/king-george-county-va-so,0,37.7299,-76.8952
king-william-county-va-so,King William County VA SO,King William County,VA,True,https://transparency.flocksafety.com/king-william-county-va-so,24,37.7083,-77.0911
lawrenceville-va-pd,Lawrenceville VA PD,Lawrenceville,VA,True,https://transparency.flocksafety.com/lawrenceville-va-pd,234,36.7565,-77.8539
luray-va-pd,Luray VA PD,Luray,VA,True,https://transparency.flocksafety.com/luray-va-pd,231,38.6642,-78.4545
lynchburg-va-pd,Lynchburg VA PD,Lynchburg,VA,True,https://transparency.flocksafety.com/lynchburg-va-pd,18,37.399,-79.1955
manassas-park-va-pd,Manassas Park VA PD,Manassas Park,VA,True,https://transparency.flocksafety.com/manassas-park-va-pd,89,38.7694,-77.4423
marion-va-pd,Marion VA PD,Marion,VA,True,https://transparency.flocksafety.com/marion-va-pd,9,36.8374,-81.5157
martinsville-va-pd,Martinsville VA PD,Martinsville,VA,True,https://transparency.flocksafety.com/martinsville-va-pd,57,36.6835,-79.8636
mathews-county-va-so,Mathews County VA SO,Mathews County,VA,True,https://transparency.flocksafety.com/mathews-county-va-so,223,37.4253,-76.2688
mecklenburg-county-va-so,Mecklenburg County VA SO,Mecklenburg County,VA,True,https://transparency.flocksafety.com/mecklenburg-county-va-so,100,36.6873,-78.369
montgomery-county-va-so,Montgomery County VA SO,Montgomery County,VA,True,https://transparency.flocksafety.com/montgomery-county-va-so,139,37.1755,-80.3878
mount-jackson-va-pd,Mount Jackson VA PD,Mount Jackson,VA,True,https://transparency.flocksafety.com/mount-jackson-va-pd,0,38.7389,-78.6509
new-kent-county-va-so,New Kent County VA SO,New Kent County,VA,True,https://transparency.flocksafety.com/new-kent-county-va-so,227,37.5102,-76.9993
new-market-va-pd,New Market VA PD,New Market,VA,True,https://transparency.flocksafety.com/new-market-va-pd,25,38.6452,-78.6711
newport-news-va-pd,Newport News VA PD,Newport News,VA,True,https://transparency.flocksafety.com/newport-news-va-pd,87,37.0761,-76.522
norfolk-va-pd,Norfolk VA PD,Norfolk,VA,True,https://transparency.flocksafety.com/norfolk-va-pd,34,36.923,-76.2446
northampton-county-va-so,Northampton County VA SO,Northampton County,VA,True,https://transparency.flocksafety.com/northampton-county-va-so,89,37.3028,-75.924
orange-va-pd,Orange VA PD,Orange,VA,True,https://transparency.flocksafety.com/orange-va-pd,161,38.2478,-78.1132
pearisburg-va-pd,Pearisburg VA PD,Pearisburg,VA,True,https://transparency.flocksafety.com/pearisburg-va-pd,130,37.3287,-80.7273
poquoson-va-pd,Poquoson VA PD,Poquoson,VA,True,https://transparency.flocksafety.com/poquoson-va-pd,72,37.1284,-76.3035
portsmouth-va-pd,Portsmouth VA PD,Portsmouth,VA,True,https://transparency.flocksafety.com/portsmouth-va-pd,56,36.8593,-76.357
powhatan-county-va-so,Powhatan County VA SO,Powhatan County,VA,True,https://transparency.flocksafety.com/powhatan-county-va-so,137,37.5494,-77.9129
prince-george-county-va-pd,Prince George County VA PD,Prince George County,VA,True,https://transparency.flocksafety.com/prince-george-county-va-pd,105,37.1873,-77.221
pulaski-county-va-so,Pulaski County VA SO,Pulaski County,VA,True,https://transparency.flocksafety.com/pulaski-county-va-so,169,37.0634,-80.7134
radford-city-va-pd,Radford VA PD,Radford,VA,True,https://transparency.flocksafety.com/radford-city-va-pd,0,37.1201,-80.5591
rich-creek-va-pd,Rich Creek VA PD,Rich Creek,VA,True,https://transparency.flocksafety.com/rich-creek-va-pd,157,37.3846,-80.8188
richmond-va-pd,Richmond VA PD,Richmond,VA,True,https://transparency.flocksafety.com/richmond-va-pd,334,37.5314,-77.476
roanoke-county-va-pd,Roanoke VA PD,Roanoke,VA,True,https://transparency.flocksafety.com/roanoke-county-va-pd,123,37.2785,-79.9582
rockbridge-county-va-so,Rockbridge County VA SO,Rockbridge County,VA,True,https://transparency.flocksafety.com/rockbridge-county-va-so,40,37.8145,-79.4478
rockingham-county-va-so,Rockingham County VA SO,Rockingham County,VA,True,https://transparency.flocksafety.com/rockingham-county-va-so,143,38.5076,-78.8853
rocky-mount-va-pd,Rocky Mount VA PD,Rocky Mount,VA,True,https://transparency.flocksafety.com/rocky-mount-va-pd,161,37.0044,-79.8848
scottsville-va-pd,Scottsville VA PD,Scottsville,VA,True,https://transparency.flocksafety.com/scottsville-va-pd,220,37.8113,-78.4882
shenandoah-county-va-so,Shenandoah County VA SO,Shenandoah County,VA,True,https://transparency.flocksafety.com/shenandoah-county-va-so,89,38.8562,-78.574
shenandoah-va-pd,Shenandoah VA PD,Shenandoah,VA,True,https://transparency.flocksafety.com/shenandoah-va-pd,0,38.4871,-78.6165
smithfield-va-pd,Smithfield VA PD,Smithfield,VA,True,https://transparency.flocksafety.com/smithfield-va-pd,203,36.9724,-76.6142
smyth-county-va-so,Smyth County VA SO,Smyth County,VA,True,https://transparency.flocksafety.com/smyth-county-va-so,139,36.8423,-81.5398
spotsylvania-county-va-so,Spotsylvania County VA SO,Spotsylvania County,VA,True,https://transparency.flocksafety.com/spotsylvania-county-va-so,290,38.1824,-77.6572
stanley-va-pd,Stanley VA PD,Stanley,VA,True,https://transparency.flocksafety.com/stanley-va-pd,76,38.581,-78.4994
staunton-va-pd,Staunton VA PD,Staunton,VA,True,https://transparency.flocksafety.com/staunton-va-pd,1,38.158,-79.0619
strasburg-va-pd,Strasburg VA PD,Strasburg,VA,True,https://transparency.flocksafety.com/strasburg-va-pd,122,39.0034,-78.3495
suffolk-va-pd,Suffolk VA PD,Suffolk,VA,True,https://transparency.flocksafety.com/suffolk-va-pd,213,36.6972,-76.6348
tappahannock-va-pd,Tappahannock VA PD,Tappahannock,VA,True,https://transparency.flocksafety.com/tappahannock-va-pd,114,37.9124,-76.866
timberville-va-pd,Timberville VA PD,Timberville,VA,True,https://transparency.flocksafety.com/timberville-va-pd,140,38.6327,-78.7737
vienna-va-pd,Vienna VA PD,Vienna,VA,True,https://transparency.flocksafety.com/vienna-va-pd,136,38.8986,-77.2583
virginia-beach-va-pd,Virginia Beach VA PD,Virginia Beach,VA,True,https://transparency.flocksafety.com/virginia-beach-va-pd,31,36.7795,-76.0291
virginia-commonwealth-university-va-pd,Virginia Commonwealth University VA PD,,VA,True,https://transparency.flocksafety.com/virginia-commonwealth-university-va-pd,60,37.5469,-77.4542
virginia-tech-university-va-pd,Virginia Tech University VA PD,,VA,True,https://transparency.flocksafety.com/virginia-tech-university-va-pd,0,37.2284,-80.4234
warren-county-va-so,Warren County VA SO,Warren County,VA,True,https://transparency.flocksafety.com/warren-county-va-so,42,38.9082,-78.2076
williamsburg-va-pd,Williamsburg VA PD,Williamsburg,VA,True,https://transparency.flocksafety.com/williamsburg-va-pd,91,37.2695,-76.7082
windsor-va-pd,Windsor VA PD,Windsor,VA,True,https://transparency.flocksafety.com/windsor-va-pd,36,36.8112,-76.7384
wise-county-va-so,Wise County VA SO,Wise County,VA,True,https://transparency.flocksafety.com/wise-county-va-so,3,36.9746,-82.6216
woodstock-va-pd,Woodstock VA PD,Woodstock,VA,True,https://transparency.flocksafety.com/woodstock-va-pd,147,38.8721,-78.5171
wythe-county-va-so,Wythe County VA SO,Wythe County,VA,True,https://transparency.flocksafety.com/wythe-county-va-so,2,36.8999,-81.083
wytheville-va-pd,Wytheville VA PD,Wytheville,VA,True,https://transparency.flocksafety.com/wytheville-va-pd,0,36.9534,-81.0884
york-county-va-so,York County VA SO,York County,VA,True,https://transparency.flocksafety.com/york-county-va-so,63,37.2209,-76.3955
arlington-pd-wa,Arlington WA PD,Arlington,WA,True,https://transparency.flocksafety.com/arlington-pd-wa,139,48.1704,-122.1446
auburn-wa-pd,Auburn WA PD,Auburn,WA,True,https://transparency.flocksafety.com/auburn-wa-pd,277,47.3038,-122.21
bonney-lake-wa-pd,Bonney Lake WA PD,Bonney Lake,WA,True,https://transparency.flocksafety.com/bonney-lake-wa-pd,8,47.1995,-122.163
centralia-pd-wa,Centralia WA PD,Centralia,WA,True,https://transparency.flocksafety.com/centralia-pd-wa,89,46.7221,-122.9709
college-place-wa-pd,College Place WA PD,College Place,WA,True,https://transparency.flocksafety.com/college-place-wa-pd,25,46.0416,-118.3894
des-moines-wa-pd,Des Moines WA PD,Des Moines,WA,True,https://transparency.flocksafety.com/des-moines-wa-pd,70,47.3887,-122.3176
east-wenatchee-wa-pd,East Wenatchee WA PD,East Wenatchee,WA,True,https://transparency.flocksafety.com/east-wenatchee-wa-pd,72,47.4175,-120.2838
eatonville-wa-pd,Eatonville WA PD,Eatonville,WA,True,https://transparency.flocksafety.com/eatonville-wa-pd,69,46.8682,-122.2696
edmonds-wa-pd,Edmonds WA PD,Edmonds,WA,True,https://transparency.flocksafety.com/edmonds-wa-pd,0,47.8136,-122.3533
ellensburg-wa-pd,Ellensburg WA PD,Ellensburg,WA,True,https://transparency.flocksafety.com/ellensburg-wa-pd,24,47.0012,-120.5496
everett-wa-pd,Everett WA PD,Everett,WA,True,https://transparency.flocksafety.com/everett-wa-pd,33,47.9654,-122.1899
grandview-wa-pd,Grandview WA PD,Grandview,WA,True,https://transparency.flocksafety.com/grandview-wa-pd,86,46.2443,-119.909
granite-falls-wa-pd,Granite Falls WA PD,Granite Falls,WA,True,https://transparency.flocksafety.com/granite-falls-wa-pd,33,48.0896,-121.9692
kent-wa-pd,Kent WA PD,Kent,WA,True,https://transparency.flocksafety.com/kent-wa-pd,108,47.388,-122.2127
lake-stevens-wa-pd,Lake Stevens WA PD,Lake Stevens,WA,True,https://transparency.flocksafety.com/lake-stevens-wa-pd,25,48.0034,-122.0968
lakewood-wa-pd,Lakewood WA PD,Lakewood,WA,True,https://transparency.flocksafety.com/lakewood-wa-pd,248,47.1641,-122.5281
liberty-lake-wa-pd,Liberty Lake WA PD,Liberty Lake,WA,True,https://transparency.flocksafety.com/liberty-lake-wa-pd,81,47.6685,-117.1042
lynnwood-wa-pd,Lynnwood WA PD,Lynnwood,WA,True,https://transparency.flocksafety.com/lynnwood-wa-pd,15,47.829,-122.3007
marysville-wa-pd,Marysville WA PD,Marysville,WA,True,https://transparency.flocksafety.com/marysville-wa-pd,80,48.0802,-122.1543
medina-wa-pd,Medina WA PD,Medina,WA,True,https://transparency.flocksafety.com/medina-wa-pd,0,47.6265,-122.2429
mill-creek-wa-pd,Mill Creek WA PD,Mill Creek,WA,True,https://transparency.flocksafety.com/mill-creek-wa-pd,186,47.8652,-122.2106
monroe-wa-pd,Monroe WA PD,Monroe,WA,True,https://transparency.flocksafety.com/monroe-wa-pd,25,47.8598,-121.984
moses-lake-wa-pd,Moses Lake WA PD,Moses Lake,WA,True,https://transparency.flocksafety.com/moses-lake-wa-pd,79,47.1279,-119.2764
mount-vernon-wa-pd,Mount Vernon WA PD,Mount Vernon,WA,True,https://transparency.flocksafety.com/mount-vernon-wa-pd,57,48.4171,-122.3118
mukilteo-wa-pd,Mukilteo WA PD,Mukilteo,WA,True,https://transparency.flocksafety.com/mukilteo-wa-pd,75,47.913,-122.3023
newcastle-wa-pd,Newcastle WA PD,Newcastle,WA,True,https://transparency.flocksafety.com/newcastle-wa-pd,86,47.5315,-122.1656
normandy-park-wa-pd,Normandy Park WA PD,Normandy Park,WA,True,https://transparency.flocksafety.com/normandy-park-wa-pd,3,47.433,-122.3447
olympia-wa-pd-,Olympia WA PD,Olympia,WA,True,https://transparency.flocksafety.com/olympia-wa-pd-,75,47.0406,-122.895
orting-wa-pd,Orting WA PD,Orting,WA,True,https://transparency.flocksafety.com/orting-wa-pd,230,47.0969,-122.2117
pasco-pd-wa,Pasco WA PD,Pasco,WA,True,https://transparency.flocksafety.com/pasco-pd-wa,0,46.2661,-119.1214
prosser-wa-pd,Prosser WA PD,Prosser,WA,True,https://transparency.flocksafety.com/prosser-wa-pd,61,46.209,-119.7677
puyallup-wa-pd,Puyallup WA PD,Puyallup,WA,True,https://transparency.flocksafety.com/puyallup-wa-pd,240,47.179,-122.2915
renton-wa-pd,Renton WA PD,Renton,WA,True,https://transparency.flocksafety.com/renton-wa-pd,24,47.4792,-122.1946
richland-pd-wa,Richland WA PD,Richland,WA,True,https://transparency.flocksafety.com/richland-pd-wa,9,46.2841,-119.294
seatac-wa-pd,SeaTac WA PD,SeaTac,WA,True,https://transparency.flocksafety.com/seatac-wa-pd,26,47.4434,-122.2983
selah-wa-pd,Selah WA PD,Selah,WA,True,https://transparency.flocksafety.com/selah-wa-pd,83,46.6459,-120.5383
shelton-pd-wa,Shelton WA PD,Shelton,WA,True,https://transparency.flocksafety.com/shelton-pd-wa,74,47.2189,-123.1112
skamania-co-wa-so,Skamania County WA SO,Skamania County,WA,True,https://transparency.flocksafety.com/skamania-co-wa-so,0,46.0248,-121.9532
snohomish-county-wa-so-,Snohomish County WA SO,Snohomish County,WA,True,https://transparency.flocksafety.com/snohomish-county-wa-so-,32,47.9289,-122.0927
-spokane-county-wa-so,Spokane County WA SO,Spokane County,WA,True,https://transparency.flocksafety.com/-spokane-county-wa-so,44,47.6669,-117.4333
stanwood-wa-pd,Stanwood WA PD,Stanwood,WA,True,https://transparency.flocksafety.com/stanwood-wa-pd,33,48.2451,-122.3422
sultan-wa-pd,Sultan WA PD,Sultan,WA,True,https://transparency.flocksafety.com/sultan-wa-pd,17,47.8711,-121.8041
sumner-wa-pd,Sumner WA PD,Sumner,WA,True,https://transparency.flocksafety.com/sumner-wa-pd,79,47.2272,-122.2363
sunnyside-wa-pd,Sunnyside WA PD,Sunnyside,WA,True,https://transparency.flocksafety.com/sunnyside-wa-pd,34,46.3157,-120.0058
toppenish-wa-pd,Toppenish WA PD,Toppenish,WA,True,https://transparency.flocksafety.com/toppenish-wa-pd,26,46.3802,-120.3126
tukwila-wa-pd,Tukwila WA PD,Tukwila,WA,True,https://transparency.flocksafety.com/tukwila-wa-pd,83,47.4763,-122.2757
union-gap-wa-pd,Union Gap WA PD,Union Gap,WA,True,https://transparency.flocksafety.com/union-gap-wa-pd,99,46.5544,-120.4921
walla-walla-wa-pd,Walla Walla WA PD,Walla Walla,WA,True,https://transparency.flocksafety.com/walla-walla-wa-pd,22,46.067,-118.337
yakima-wa-pd,Yakima WA PD,Yakima,WA,True,https://transparency.flocksafety.com/yakima-wa-pd,96,46.5909,-120.5494
yelm-wa-pd,Yelm WA PD,Yelm,WA,True,https://transparency.flocksafety.com/yelm-wa-pd,103,46.9426,-122.6432
altoona-wi-pd,Altoona WI PD,Altoona,WI,True,https://transparency.flocksafety.com/altoona-wi-pd,222,44.8,-91.4396
appleton-wi-pd,Appleton WI PD,Appleton,WI,True,https://transparency.flocksafety.com/appleton-wi-pd,2,44.2789,-88.3883
baraboo-wi-pd,Baraboo WI PD,Baraboo,WI,True,https://transparency.flocksafety.com/baraboo-wi-pd,98,43.4694,-89.7373
bayfield-county-wi-so,Bayfield County WI SO,Bayfield County,WI,True,https://transparency.flocksafety.com/bayfield-county-wi-so,334,46.8161,-90.8248
columbus-wi-pd,Columbus WI PD,Columbus,WI,True,https://transparency.flocksafety.com/columbus-wi-pd,32,43.3368,-89.03
cottage-grove-wi-pd,Cottage Grove WI PD,Cottage Grove,WI,True,https://transparency.flocksafety.com/cottage-grove-wi-pd,1437,43.0922,-89.2053
cumberland-wi-pd,Cumberland WI PD,Cumberland,WI,True,https://transparency.flocksafety.com/cumberland-wi-pd,38,45.5361,-92.0248
dane-county-wi-so,Dane County WI SO,Dane County,WI,True,https://transparency.flocksafety.com/dane-county-wi-so,99,43.0675,-89.4179
delafield-wi-pd,Delafield WI PD,Delafield,WI,True,https://transparency.flocksafety.com/delafield-wi-pd,200,43.0674,-88.3888
dunn-county-wi-so,Dunn County WI SO,Dunn County,WI,True,https://transparency.flocksafety.com/dunn-county-wi-so,91,44.9478,-91.8976
eau-claire-county-wi-so,Eau Claire County WI SO,Eau Claire County,WI,True,https://transparency.flocksafety.com/eau-claire-county-wi-so,1443,44.8183,-91.4948
fitchburg-wi-pd,Fitchburg WI PD,Fitchburg,WI,True,https://transparency.flocksafety.com/fitchburg-wi-pd,211,42.9858,-89.4253
fond-du-lac-wi-pd,Fond du Lac WI PD,Fond du Lac,WI,True,https://transparency.flocksafety.com/fond-du-lac-wi-pd,4,43.7722,-88.4403
germantown-wi-pd,Germantown WI PD,Germantown,WI,True,https://transparency.flocksafety.com/germantown-wi-pd,200,43.2345,-88.125
grafton-wi-pd,Grafton WI PD,Grafton,WI,True,https://transparency.flocksafety.com/grafton-wi-pd,774,43.3207,-87.9476
grand-chute-wi-pd,Grand Chute WI PD,Grand Chute,WI,True,https://transparency.flocksafety.com/grand-chute-wi-pd,386,44.2816,-88.4384
grant-county-wi-so,Grant County WI SO,Grant County,WI,True,https://transparency.flocksafety.com/grant-county-wi-so,304,42.87,-90.6942
green-bay-wi-pd,Green Bay WI PD,Green Bay,WI,True,https://transparency.flocksafety.com/green-bay-wi-pd,53,44.5215,-87.9866
green-lake-county-wi-so,Green Lake County WI SO,Green Lake County,WI,True,https://transparency.flocksafety.com/green-lake-county-wi-so,323,43.8428,-88.9558
greenfield-wi-pd,Greenfield WI PD,Greenfield,WI,True,https://transparency.flocksafety.com/greenfield-wi-pd,651,42.9606,-88.0057
hudson-wi-pd,Hudson WI PD,Hudson,WI,True,https://transparency.flocksafety.com/hudson-wi-pd,1304,44.9639,-92.7303
manitowoc-wi-pd,Manitowoc WI PD,Manitowoc,WI,True,https://transparency.flocksafety.com/manitowoc-wi-pd,186,44.098,-87.6789
maple-bluff-wi-pd,Maple Bluff WI PD,Maple Bluff,WI,True,https://transparency.flocksafety.com/maple-bluff-wi-pd,268,43.1174,-89.371
marathon-county-wi-so,Marathon County WI SO,Marathon County,WI,True,https://transparency.flocksafety.com/marathon-county-wi-so,1455,44.898,-89.7578
menasha-wi-pd,Menasha WI PD,Menasha,WI,True,https://transparency.flocksafety.com/menasha-wi-pd,277,44.2123,-88.4274
menomonee-falls-wi-pd,Menomonee Falls WI PD,Menomonee Falls,WI,True,https://transparency.flocksafety.com/menomonee-falls-wi-pd,235,43.1594,-88.1215
mequon-wi-pd,Mequon WI PD,Mequon,WI,True,https://transparency.flocksafety.com/mequon-wi-pd,406,43.2114,-88.0142
milwaukee-wi-pd-,Milwaukee WI PD,Milwaukee,WI,True,https://transparency.flocksafety.com/milwaukee-wi-pd-,110,43.0633,-87.9667
monona-wi-pd,Monona WI PD,Monona,WI,True,https://transparency.flocksafety.com/monona-wi-pd,1547,43.0539,-89.3335
muskego-wi-pd,Muskego WI PD,Muskego,WI,True,https://transparency.flocksafety.com/muskego-wi-pd,168,42.8714,-88.1343
neenah-wi-pd,Neenah WI PD,Neenah,WI,True,https://transparency.flocksafety.com/neenah-wi-pd,3,44.1649,-88.4796
new-berlin-wi-pd,New Berlin WI PD,New Berlin,WI,True,https://transparency.flocksafety.com/new-berlin-wi-pd,317,42.972,-88.1292
new-london-wi-pd,New London WI PD,New London,WI,True,https://transparency.flocksafety.com/new-london-wi-pd,4,44.3959,-88.7386
oshkosh-wi-pd,Oshkosh WI PD,Oshkosh,WI,True,https://transparency.flocksafety.com/oshkosh-wi-pd,1,44.0232,-88.5623
pleasant-prairie-wi-pd,Pleasant Prairie WI PD,Pleasant Prairie,WI,True,https://transparency.flocksafety.com/pleasant-prairie-wi-pd,46,42.5267,-87.8883
racine-wi-pd,Racine WI PD,Racine,WI,True,https://transparency.flocksafety.com/racine-wi-pd,150,42.7256,-87.8142
river-falls-wi-pd,River Falls WI PD,River Falls,WI,True,https://transparency.flocksafety.com/river-falls-wi-pd,998,44.8604,-92.6253
saint-croix-falls-wi-pd,Saint Croix Falls WI PD,Saint Croix Falls,WI,True,https://transparency.flocksafety.com/saint-croix-falls-wi-pd,100,45.41,-92.6397
sharon-wi-pd,Sharon WI PD,Sharon,WI,True,https://transparency.flocksafety.com/sharon-wi-pd,199,42.4987,-88.7305
slinger-wi-pd,Slinger WI PD,Slinger,WI,True,https://transparency.flocksafety.com/slinger-wi-pd,2103,43.3354,-88.2765
stoughton-wi-pd,Stoughton WI PD,Stoughton,WI,True,https://transparency.flocksafety.com/stoughton-wi-pd,3,42.9238,-89.2225
sun-prairie-wi-pd,Sun Prairie WI PD,Sun Prairie,WI,True,https://transparency.flocksafety.com/sun-prairie-wi-pd,188,43.1826,-89.2378
trempealeau-county-wi-so,Trempealeau County WI SO,Trempealeau County,WI,True,https://transparency.flocksafety.com/trempealeau-county-wi-so,3,44.303,-91.3589
university-of-wisconsin-madison-wi-pd,University Of Madison WI PD,,WI,True,https://transparency.flocksafety.com/university-of-wisconsin-madison-wi-pd,155,43.0652,-89.4667
waupaca-wi-pd,Waupaca WI PD,Waupaca,WI,True,https://transparency.flocksafety.com/waupaca-wi-pd,2,44.35,-89.07
wausau-wi-pd,Wausau WI PD,Wausau,WI,True,https://transparency.flocksafety.com/wausau-wi-pd,196,44.9618,-89.6465
waushara-county-wi-so,Waushara County WI SO,Waushara County,WI,True,https://transparency.flocksafety.com/waushara-county-wi-so,94,44.1128,-89.2398
weyauwega-wi-pd,Weyauwega WI PD,Weyauwega,WI,True,https://transparency.flocksafety.com/weyauwega-wi-pd,4,44.3236,-88.9331
whitewater-wi-pd,Whitewater WI PD,Whitewater,WI,True,https://transparency.flocksafety.com/whitewater-wi-pd,232,42.8374,-88.7343
winnebago-county-wi-so,Winnebago County WI SO,Winnebago County,WI,True,https://transparency.flocksafety.com/winnebago-county-wi-so,1528,44.0857,-88.6681
wisconsin-rapids-wi-pd,Wisconsin Rapids WI PD,Wisconsin Rapids,WI,True,https://transparency.flocksafety.com/wisconsin-rapids-wi-pd,216,44.3929,-89.8267
monongalia-wv-county-so,Monongalia County WV SO,Monongalia County,WV,True,https://transparency.flocksafety.com/monongalia-wv-county-so,0,39.6336,-80.0591
cheyenne-wy-pd,Cheyenne WY PD,Cheyenne,WY,True,https://transparency.flocksafety.com/cheyenne-wy-pd,80,41.1273,-104.7902
glenrock-wy-pd,Glenrock WY PD,Glenrock,WY,True,https://transparency.flocksafety.com/glenrock-wy-pd,9,42.8565,-105.8624
