osm_type,osm_id,osm_url,latitude,longitude,manufacturer,brand,model,operator,camera_class,name,in_chicago_city,address,address_source,zip_code,zip_source,police_district,district_source,direction,surveillance_type,last_osm_edit_utc,osm_version,osm_changeset_id,osm_changeset_url,osm_last_editor,osm_last_editor_uid,first_osm_mapped_utc,first_alpr_tagged_utc,first_flock_tagged_utc,history_status,installation_date,installation_date_source,installation_date_url,operational_date,operational_date_source,operational_date_url,date_notes,osm_start_date_tag,osm_construction_date_tag,osm_opening_date_tag,osm_tags_json,osm_full_element_json
node,12300586960,https://www.openstreetmap.org/node/12300586960,41.927592,-87.7882395,,Flock Safety,,Flock Safety,flock_confirmed_by_osm_tag,,yes,,not available in OSM,60707,Chicago ZIP polygon,25,Chicago current district polygon,350,ALPR,2025-10-30T19:23:41Z,2,173992227,https://www.openstreetmap.org/changeset/173992227,xander_ale,23449486,,,,skipped,,,,,,,,,,,"{""brand"": ""Flock Safety"", ""brand:wikidata"": ""Q108485435"", ""camera:mount"": ""pole"", ""camera:type"": ""fixed"", ""direction"": ""350"", ""man_made"": ""surveillance"", ""operator"": ""Flock Safety"", ""operator:wikidata"": ""Q108485435"", ""surveillance"": ""traffic"", ""surveillance:type"": ""ALPR"", ""surveillance:zone"": ""traffic""}","{""changeset"": 173992227, ""id"": 12300586960, ""lat"": 41.927592, ""lon"": -87.7882395, ""tags"": {""brand"": ""Flock Safety"", ""brand:wikidata"": ""Q108485435"", ""camera:mount"": ""pole"", ""camera:type"": ""fixed"", ""direction"": ""350"", ""man_made"": ""surveillance"", ""operator"": ""Flock Safety"", ""operator:wikidata"": ""Q108485435"", ""surveillance"": ""traffic"", ""surveillance:type"": ""ALPR"", ""surveillance:zone"": ""traffic""}, ""timestamp"": ""2025-10-30T19:23:41Z"", ""type"": ""node"", ""uid"": 23449486, ""user"": ""xander_ale"", ""version"": 2}"
node,12300586961,https://www.openstreetmap.org/node/12300586961,41.9291403,-87.7892283,,Flock Safety,,Flock Safety,flock_confirmed_by_osm_tag,,yes,,not available in OSM,60707,Chicago ZIP polygon,25,Chicago current district polygon,180,ALPR,2024-10-31T03:31:12Z,1,158565706,https://www.openstreetmap.org/changeset/158565706,JakeTheMoose,1898744,,,,skipped,,,,,,,,,,,"{""brand"": ""Flock Safety"", ""brand:wikidata"": ""Q108485435"", ""camera:mount"": ""pole"", ""camera:type"": ""fixed"", ""direction"": ""180"", ""man_made"": ""surveillance"", ""operator"": ""Flock Safety"", ""operator:wikidata"": ""Q108485435"", ""surveillance"": ""traffic"", ""surveillance:type"": ""ALPR"", ""surveillance:zone"": ""traffic""}","{""changeset"": 158565706, ""id"": 12300586961, ""lat"": 41.9291403, ""lon"": -87.7892283, ""tags"": {""brand"": ""Flock Safety"", ""brand:wikidata"": ""Q108485435"", ""camera:mount"": ""pole"", ""camera:type"": ""fixed"", ""direction"": ""180"", ""man_made"": ""surveillance"", ""operator"": ""Flock Safety"", ""operator:wikidata"": ""Q108485435"", ""surveillance"": ""traffic"", ""surveillance:type"": ""ALPR"", ""surveillance:zone"": ""traffic""}, ""timestamp"": ""2024-10-31T03:31:12Z"", ""type"": ""node"", ""uid"": 1898744, ""user"": ""JakeTheMoose"", ""version"": 1}"
node,12300622037,https://www.openstreetmap.org/node/12300622037,41.9062906,-87.6677723,,Flock Safety,,Flock Safety,flock_confirmed_by_osm_tag,,yes,,not available in OSM,60622,Chicago ZIP polygon,14,Chicago current district polygon,250,ALPR,2024-10-31T03:07:49Z,1,158565457,https://www.openstreetmap.org/changeset/158565457,JakeTheMoose,1898744,,,,skipped,,,,,,,,,,,"{""brand"": ""Flock Safety"", ""brand:wikidata"": ""Q108485435"", ""camera:mount"": ""pole"", ""camera:type"": ""fixed"", ""direction"": ""250"", ""man_made"": ""surveillance"", ""operator"": ""Flock Safety"", ""operator:wikidata"": ""Q108485435"", ""surveillance"": ""traffic"", ""surveillance:type"": ""ALPR"", ""surveillance:zone"": ""traffic""}","{""changeset"": 158565457, ""id"": 12300622037, ""lat"": 41.9062906, ""lon"": -87.6677723, ""tags"": {""brand"": ""Flock Safety"", ""brand:wikidata"": ""Q108485435"", ""camera:mount"": ""pole"", ""camera:type"": ""fixed"", ""direction"": ""250"", ""man_made"": ""surveillance"", ""operator"": ""Flock Safety"", ""operator:wikidata"": ""Q108485435"", ""surveillance"": ""traffic"", ""surveillance:type"": ""ALPR"", ""surveillance:zone"": ""traffic""}, ""timestamp"": ""2024-10-31T03:07:49Z"", ""type"": ""node"", ""uid"": 1898744, ""user"": ""JakeTheMoose"", ""version"": 1}"
node,12300622038,https://www.openstreetmap.org/node/12300622038,41.9052971,-87.6678915,,Flock Safety,,Flock Safety,flock_confirmed_by_osm_tag,,yes,,not available in OSM,60622,Chicago ZIP polygon,14,Chicago current district polygon,270,ALPR,2024-10-31T03:07:49Z,1,158565457,https://www.openstreetmap.org/changeset/158565457,JakeTheMoose,1898744,,,,skipped,,,,,,,,,,,"{""brand"": ""Flock Safety"", ""brand:wikidata"": ""Q108485435"", ""camera:mount"": ""pole"", ""camera:type"": ""fixed"", ""direction"": ""270"", ""man_made"": ""surveillance"", ""operator"": ""Flock Safety"", ""operator:wikidata"": ""Q108485435"", ""surveillance"": ""traffic"", ""surveillance:type"": ""ALPR"", ""surveillance:zone"": ""traffic""}","{""changeset"": 158565457, ""id"": 12300622038, ""lat"": 41.9052971, ""lon"": -87.6678915, ""tags"": {""brand"": ""Flock Safety"", ""brand:wikidata"": ""Q108485435"", ""camera:mount"": ""pole"", ""camera:type"": ""fixed"", ""direction"": ""270"", ""man_made"": ""surveillance"", ""operator"": ""Flock Safety"", ""operator:wikidata"": ""Q108485435"", ""surveillance"": ""traffic"", ""surveillance:type"": ""ALPR"", ""surveillance:zone"": ""traffic""}, ""timestamp"": ""2024-10-31T03:07:49Z"", ""type"": ""node"", ""uid"": 1898744, ""user"": ""JakeTheMoose"", ""version"": 1}"
node,12704643499,https://www.openstreetmap.org/node/12704643499,41.9277588,-87.6731467,Flock Safety,,,,flock_confirmed_by_osm_tag,,yes,,not available in OSM,60614,Chicago ZIP polygon,19,Chicago current district polygon,230,ALPR,2025-03-27T12:03:36Z,1,164160978,https://www.openstreetmap.org/changeset/164160978,FourPugCowboy,22577580,,,,skipped,,,,,,,,,,,"{""camera:mount"": ""pole"", ""camera:type"": ""fixed"", ""direction"": ""230"", ""man_made"": ""surveillance"", ""manufacturer"": ""Flock Safety"", ""manufacturer:wikidata"": ""Q108485435"", ""surveillance"": ""public"", ""surveillance:type"": ""ALPR"", ""surveillance:zone"": ""traffic""}","{""changeset"": 164160978, ""id"": 12704643499, ""lat"": 41.9277588, ""lon"": -87.6731467, ""tags"": {""camera:mount"": ""pole"", ""camera:type"": ""fixed"", ""direction"": ""230"", ""man_made"": ""surveillance"", ""manufacturer"": ""Flock Safety"", ""manufacturer:wikidata"": ""Q108485435"", ""surveillance"": ""public"", ""surveillance:type"": ""ALPR"", ""surveillance:zone"": ""traffic""}, ""timestamp"": ""2025-03-27T12:03:36Z"", ""type"": ""node"", ""uid"": 22577580, ""user"": ""FourPugCowboy"", ""version"": 1}"
node,12770696790,https://www.openstreetmap.org/node/12770696790,41.9909733,-87.6898734,Flock Safety,,,,flock_confirmed_by_osm_tag,,yes,,not available in OSM,60659,Chicago ZIP polygon,24,Chicago current district polygon,170,ALPR,2025-04-20T17:48:35Z,1,165206241,https://www.openstreetmap.org/changeset/165206241,FourPugCowboy,22577580,,,,skipped,,,,,,,,,,,"{""camera:mount"": ""pole"", ""camera:type"": ""fixed"", ""direction"": ""170"", ""man_made"": ""surveillance"", ""manufacturer"": ""Flock Safety"", ""manufacturer:wikidata"": ""Q108485435"", ""surveillance"": ""public"", ""surveillance:type"": ""ALPR"", ""surveillance:zone"": ""traffic""}","{""changeset"": 165206241, ""id"": 12770696790, ""lat"": 41.9909733, ""lon"": -87.6898734, ""tags"": {""camera:mount"": ""pole"", ""camera:type"": ""fixed"", ""direction"": ""170"", ""man_made"": ""surveillance"", ""manufacturer"": ""Flock Safety"", ""manufacturer:wikidata"": ""Q108485435"", ""surveillance"": ""public"", ""surveillance:type"": ""ALPR"", ""surveillance:zone"": ""traffic""}, ""timestamp"": ""2025-04-20T17:48:35Z"", ""type"": ""node"", ""uid"": 22577580, ""user"": ""FourPugCowboy"", ""version"": 1}"
node,13038150126,https://www.openstreetmap.org/node/13038150126,41.9254149,-87.7924619,,Flock Safety,,Flock Safety,flock_confirmed_by_osm_tag,,yes,,not available in OSM,60707,Chicago ZIP polygon,25,Chicago current district polygon,210,ALPR,2025-07-30T21:56:20Z,1,169743191,https://www.openstreetmap.org/changeset/169743191,JakeTheMoose,1898744,,,,skipped,,,,,,,,,,,"{""brand"": ""Flock Safety"", ""brand:wikidata"": ""Q108485435"", ""camera:mount"": ""street_lamp"", ""camera:type"": ""fixed"", ""direction"": ""210"", ""man_made"": ""surveillance"", ""operator"": ""Flock Safety"", ""operator:wikidata"": ""Q108485435"", ""surveillance"": ""traffic"", ""surveillance:type"": ""ALPR"", ""surveillance:zone"": ""traffic""}","{""changeset"": 169743191, ""id"": 13038150126, ""lat"": 41.9254149, ""lon"": -87.7924619, ""tags"": {""brand"": ""Flock Safety"", ""brand:wikidata"": ""Q108485435"", ""camera:mount"": ""street_lamp"", ""camera:type"": ""fixed"", ""direction"": ""210"", ""man_made"": ""surveillance"", ""operator"": ""Flock Safety"", ""operator:wikidata"": ""Q108485435"", ""surveillance"": ""traffic"", ""surveillance:type"": ""ALPR"", ""surveillance:zone"": ""traffic""}, ""timestamp"": ""2025-07-30T21:56:20Z"", ""type"": ""node"", ""uid"": 1898744, ""user"": ""JakeTheMoose"", ""version"": 1}"
node,13038150127,https://www.openstreetmap.org/node/13038150127,41.9254177,-87.7924621,,Flock Safety,,Flock Safety,flock_confirmed_by_osm_tag,,yes,,not available in OSM,60707,Chicago ZIP polygon,25,Chicago current district polygon,285,ALPR,2025-07-30T21:56:20Z,1,169743191,https://www.openstreetmap.org/changeset/169743191,JakeTheMoose,1898744,,,,skipped,,,,,,,,,,,"{""brand"": ""Flock Safety"", ""brand:wikidata"": ""Q108485435"", ""camera:mount"": ""street_lamp"", ""camera:type"": ""fixed"", ""direction"": ""285"", ""man_made"": ""surveillance"", ""operator"": ""Flock Safety"", ""operator:wikidata"": ""Q108485435"", ""surveillance"": ""traffic"", ""surveillance:type"": ""ALPR"", ""surveillance:zone"": ""traffic""}","{""changeset"": 169743191, ""id"": 13038150127, ""lat"": 41.9254177, ""lon"": -87.7924621, ""tags"": {""brand"": ""Flock Safety"", ""brand:wikidata"": ""Q108485435"", ""camera:mount"": ""street_lamp"", ""camera:type"": ""fixed"", ""direction"": ""285"", ""man_made"": ""surveillance"", ""operator"": ""Flock Safety"", ""operator:wikidata"": ""Q108485435"", ""surveillance"": ""traffic"", ""surveillance:type"": ""ALPR"", ""surveillance:zone"": ""traffic""}, ""timestamp"": ""2025-07-30T21:56:20Z"", ""type"": ""node"", ""uid"": 1898744, ""user"": ""JakeTheMoose"", ""version"": 1}"
node,13038182147,https://www.openstreetmap.org/node/13038182147,41.9258743,-87.7924749,,Flock Safety,,Flock Safety,flock_confirmed_by_osm_tag,,yes,,not available in OSM,60707,Chicago ZIP polygon,25,Chicago current district polygon,,gunshot_detector,2025-07-30T22:19:39Z,1,169743813,https://www.openstreetmap.org/changeset/169743813,JakeTheMoose,1898744,,,,skipped,,,,,,,,,,,"{""brand"": ""Flock Safety"", ""brand:wikidata"": ""Q108485435"", ""camera:mount"": ""street_lamp"", ""camera:type"": ""fixed"", ""man_made"": ""surveillance"", ""operator"": ""Flock Safety"", ""operator:wikidata"": ""Q108485435"", ""surveillance"": ""public"", ""surveillance:type"": ""gunshot_detector""}","{""changeset"": 169743813, ""id"": 13038182147, ""lat"": 41.9258743, ""lon"": -87.7924749, ""tags"": {""brand"": ""Flock Safety"", ""brand:wikidata"": ""Q108485435"", ""camera:mount"": ""street_lamp"", ""camera:type"": ""fixed"", ""man_made"": ""surveillance"", ""operator"": ""Flock Safety"", ""operator:wikidata"": ""Q108485435"", ""surveillance"": ""public"", ""surveillance:type"": ""gunshot_detector""}, ""timestamp"": ""2025-07-30T22:19:39Z"", ""type"": ""node"", ""uid"": 1898744, ""user"": ""JakeTheMoose"", ""version"": 1}"
node,13056453486,https://www.openstreetmap.org/node/13056453486,41.7481751,-87.7408555,Flock Safety,,,,flock_confirmed_by_osm_tag,,yes,,not available in OSM,60652,Chicago ZIP polygon,8,Chicago current district polygon,95,ALPR,2025-08-07T16:25:58Z,1,170116423,https://www.openstreetmap.org/changeset/170116423,FourPugCowboy,22577580,,,,skipped,,,,,,,,,,,"{""camera:type"": ""fixed"", ""direction"": ""95"", ""man_made"": ""surveillance"", ""manufacturer"": ""Flock Safety"", ""manufacturer:wikidata"": ""Q108485435"", ""surveillance:type"": ""ALPR""}","{""changeset"": 170116423, ""id"": 13056453486, ""lat"": 41.7481751, ""lon"": -87.7408555, ""tags"": {""camera:type"": ""fixed"", ""direction"": ""95"", ""man_made"": ""surveillance"", ""manufacturer"": ""Flock Safety"", ""manufacturer:wikidata"": ""Q108485435"", ""surveillance:type"": ""ALPR""}, ""timestamp"": ""2025-08-07T16:25:58Z"", ""type"": ""node"", ""uid"": 22577580, ""user"": ""FourPugCowboy"", ""version"": 1}"
node,13056453487,https://www.openstreetmap.org/node/13056453487,41.7489914,-87.7400048,Flock Safety,,,,flock_confirmed_by_osm_tag,,yes,,not available in OSM,60652,Chicago ZIP polygon,8,Chicago current district polygon,190,ALPR,2025-08-07T16:25:58Z,1,170116423,https://www.openstreetmap.org/changeset/170116423,FourPugCowboy,22577580,,,,skipped,,,,,,,,,,,"{""camera:type"": ""fixed"", ""direction"": ""190"", ""man_made"": ""surveillance"", ""manufacturer"": ""Flock Safety"", ""manufacturer:wikidata"": ""Q108485435"", ""surveillance:type"": ""ALPR""}","{""changeset"": 170116423, ""id"": 13056453487, ""lat"": 41.7489914, ""lon"": -87.7400048, ""tags"": {""camera:type"": ""fixed"", ""direction"": ""190"", ""man_made"": ""surveillance"", ""manufacturer"": ""Flock Safety"", ""manufacturer:wikidata"": ""Q108485435"", ""surveillance:type"": ""ALPR""}, ""timestamp"": ""2025-08-07T16:25:58Z"", ""type"": ""node"", ""uid"": 22577580, ""user"": ""FourPugCowboy"", ""version"": 1}"
node,13056453488,https://www.openstreetmap.org/node/13056453488,41.7490114,-87.7391009,Flock Safety,,,,flock_confirmed_by_osm_tag,,yes,,not available in OSM,60652,Chicago ZIP polygon,8,Chicago current district polygon,180,ALPR,2025-08-07T16:25:58Z,1,170116423,https://www.openstreetmap.org/changeset/170116423,FourPugCowboy,22577580,,,,skipped,,,,,,,,,,,"{""camera:type"": ""fixed"", ""direction"": ""180"", ""man_made"": ""surveillance"", ""manufacturer"": ""Flock Safety"", ""manufacturer:wikidata"": ""Q108485435"", ""surveillance:type"": ""ALPR""}","{""changeset"": 170116423, ""id"": 13056453488, ""lat"": 41.7490114, ""lon"": -87.7391009, ""tags"": {""camera:type"": ""fixed"", ""direction"": ""180"", ""man_made"": ""surveillance"", ""manufacturer"": ""Flock Safety"", ""manufacturer:wikidata"": ""Q108485435"", ""surveillance:type"": ""ALPR""}, ""timestamp"": ""2025-08-07T16:25:58Z"", ""type"": ""node"", ""uid"": 22577580, ""user"": ""FourPugCowboy"", ""version"": 1}"
node,13056453489,https://www.openstreetmap.org/node/13056453489,41.7471,-87.740115,Flock Safety,,,,flock_confirmed_by_osm_tag,,yes,,not available in OSM,60652,Chicago ZIP polygon,8,Chicago current district polygon,25,ALPR,2025-08-07T16:25:58Z,1,170116423,https://www.openstreetmap.org/changeset/170116423,FourPugCowboy,22577580,,,,skipped,,,,,,,,,,,"{""camera:type"": ""fixed"", ""direction"": ""25"", ""man_made"": ""surveillance"", ""manufacturer"": ""Flock Safety"", ""manufacturer:wikidata"": ""Q108485435"", ""surveillance:type"": ""ALPR""}","{""changeset"": 170116423, ""id"": 13056453489, ""lat"": 41.7471, ""lon"": -87.740115, ""tags"": {""camera:type"": ""fixed"", ""direction"": ""25"", ""man_made"": ""surveillance"", ""manufacturer"": ""Flock Safety"", ""manufacturer:wikidata"": ""Q108485435"", ""surveillance:type"": ""ALPR""}, ""timestamp"": ""2025-08-07T16:25:58Z"", ""type"": ""node"", ""uid"": 22577580, ""user"": ""FourPugCowboy"", ""version"": 1}"
node,13064471942,https://www.openstreetmap.org/node/13064471942,41.91102,-87.6510496,Flock Safety,,,,flock_confirmed_by_osm_tag,,yes,,not available in OSM,60614,Chicago ZIP polygon,18,Chicago current district polygon,330,ALPR,2025-08-11T23:15:56Z,1,170316239,https://www.openstreetmap.org/changeset/170316239,MisterFreeze,8420235,,,,skipped,,,,,,,,,,,"{""camera:type"": ""fixed"", ""direction"": ""330"", ""man_made"": ""surveillance"", ""manufacturer"": ""Flock Safety"", ""manufacturer:wikidata"": ""Q108485435"", ""surveillance:type"": ""ALPR""}","{""changeset"": 170316239, ""id"": 13064471942, ""lat"": 41.91102, ""lon"": -87.6510496, ""tags"": {""camera:type"": ""fixed"", ""direction"": ""330"", ""man_made"": ""surveillance"", ""manufacturer"": ""Flock Safety"", ""manufacturer:wikidata"": ""Q108485435"", ""surveillance:type"": ""ALPR""}, ""timestamp"": ""2025-08-11T23:15:56Z"", ""type"": ""node"", ""uid"": 8420235, ""user"": ""MisterFreeze"", ""version"": 1}"
node,13064471944,https://www.openstreetmap.org/node/13064471944,41.9109259,-87.6592158,Flock Safety,,,,flock_confirmed_by_osm_tag,,yes,,not available in OSM,60642,Chicago ZIP polygon,14,Chicago current district polygon,10,ALPR,2025-09-07T23:07:26Z,2,171608052,https://www.openstreetmap.org/changeset/171608052,nickvet419,18480,,,,skipped,,,,,,,,,,,"{""camera:type"": ""fixed"", ""direction"": ""10"", ""man_made"": ""surveillance"", ""manufacturer"": ""Flock Safety"", ""manufacturer:wikidata"": ""Q108485435"", ""surveillance:type"": ""ALPR""}","{""changeset"": 171608052, ""id"": 13064471944, ""lat"": 41.9109259, ""lon"": -87.6592158, ""tags"": {""camera:type"": ""fixed"", ""direction"": ""10"", ""man_made"": ""surveillance"", ""manufacturer"": ""Flock Safety"", ""manufacturer:wikidata"": ""Q108485435"", ""surveillance:type"": ""ALPR""}, ""timestamp"": ""2025-09-07T23:07:26Z"", ""type"": ""node"", ""uid"": 18480, ""user"": ""nickvet419"", ""version"": 2}"
node,13064471945,https://www.openstreetmap.org/node/13064471945,41.9109087,-87.659298,Flock Safety,,,,flock_confirmed_by_osm_tag,,yes,,not available in OSM,60642,Chicago ZIP polygon,14,Chicago current district polygon,,,2025-10-04T02:47:03Z,2,172814557,https://www.openstreetmap.org/changeset/172814557,MisterFreeze,8420235,,,,skipped,,,,,,,,,,,"{""camera:type"": ""fixed"", ""description"": ""This is a gunshot detection device by Flock Safety"", ""man_made"": ""surveillance"", ""manufacturer"": ""Flock Safety"", ""manufacturer:wikidata"": ""Q108485435""}","{""changeset"": 172814557, ""id"": 13064471945, ""lat"": 41.9109087, ""lon"": -87.659298, ""tags"": {""camera:type"": ""fixed"", ""description"": ""This is a gunshot detection device by Flock Safety"", ""man_made"": ""surveillance"", ""manufacturer"": ""Flock Safety"", ""manufacturer:wikidata"": ""Q108485435""}, ""timestamp"": ""2025-10-04T02:47:03Z"", ""type"": ""node"", ""uid"": 8420235, ""user"": ""MisterFreeze"", ""version"": 2}"
node,13064471946,https://www.openstreetmap.org/node/13064471946,41.9109311,-87.6602801,Flock Safety,,,,flock_confirmed_by_osm_tag,,yes,,not available in OSM,60642,Chicago ZIP polygon,14,Chicago current district polygon,320,ALPR,2025-09-07T23:04:19Z,2,171608000,https://www.openstreetmap.org/changeset/171608000,nickvet419,18480,,,,skipped,,,,,,,,,,,"{""camera:type"": ""fixed"", ""direction"": ""320"", ""man_made"": ""surveillance"", ""manufacturer"": ""Flock Safety"", ""manufacturer:wikidata"": ""Q108485435"", ""surveillance:type"": ""ALPR""}","{""changeset"": 171608000, ""id"": 13064471946, ""lat"": 41.9109311, ""lon"": -87.6602801, ""tags"": {""camera:type"": ""fixed"", ""direction"": ""320"", ""man_made"": ""surveillance"", ""manufacturer"": ""Flock Safety"", ""manufacturer:wikidata"": ""Q108485435"", ""surveillance:type"": ""ALPR""}, ""timestamp"": ""2025-09-07T23:04:19Z"", ""type"": ""node"", ""uid"": 18480, ""user"": ""nickvet419"", ""version"": 2}"
node,13097824993,https://www.openstreetmap.org/node/13097824993,41.9874483,-87.8068185,Flock Safety,,,Chicago Police Department,flock_confirmed_by_osm_tag,,yes,,not available in OSM,60631,Chicago ZIP polygon,16,Chicago current district polygon,340,ALPR,2025-08-26T07:35:00Z,1,171012262,https://www.openstreetmap.org/changeset/171012262,DeadBass1905,23226480,,,,skipped,,,,,,,,,,,"{""camera:type"": ""fixed"", ""direction"": ""340"", ""man_made"": ""surveillance"", ""manufacturer"": ""Flock Safety"", ""manufacturer:wikidata"": ""Q108485435"", ""operator"": ""Chicago Police Department"", ""operator:wikidata"": ""Q1340186"", ""surveillance:type"": ""ALPR""}","{""changeset"": 171012262, ""id"": 13097824993, ""lat"": 41.9874483, ""lon"": -87.8068185, ""tags"": {""camera:type"": ""fixed"", ""direction"": ""340"", ""man_made"": ""surveillance"", ""manufacturer"": ""Flock Safety"", ""manufacturer:wikidata"": ""Q108485435"", ""operator"": ""Chicago Police Department"", ""operator:wikidata"": ""Q1340186"", ""surveillance:type"": ""ALPR""}, ""timestamp"": ""2025-08-26T07:35:00Z"", ""type"": ""node"", ""uid"": 23226480, ""user"": ""DeadBass1905"", ""version"": 1}"
node,13116724751,https://www.openstreetmap.org/node/13116724751,41.9277794,-87.6816971,Flock Safety,,,The Home Depot,flock_confirmed_by_osm_tag,,yes,,not available in OSM,60647,Chicago ZIP polygon,14,Chicago current district polygon,200,ALPR,2025-12-12T00:09:34Z,2,175824559,https://www.openstreetmap.org/changeset/175824559,goflockyourself42069,23543547,,,,skipped,,,,,,,,,,,"{""camera:type"": ""fixed"", ""direction"": ""200"", ""man_made"": ""surveillance"", ""manufacturer"": ""Flock Safety"", ""manufacturer:wikidata"": ""Q108485435"", ""operator"": ""The Home Depot"", ""operator:type"": ""private"", ""operator:wikidata"": ""Q864407"", ""surveillance"": ""public"", ""surveillance:type"": ""ALPR"", ""surveillance:zone"": ""traffic""}","{""changeset"": 175824559, ""id"": 13116724751, ""lat"": 41.9277794, ""lon"": -87.6816971, ""tags"": {""camera:type"": ""fixed"", ""direction"": ""200"", ""man_made"": ""surveillance"", ""manufacturer"": ""Flock Safety"", ""manufacturer:wikidata"": ""Q108485435"", ""operator"": ""The Home Depot"", ""operator:type"": ""private"", ""operator:wikidata"": ""Q864407"", ""surveillance"": ""public"", ""surveillance:type"": ""ALPR"", ""surveillance:zone"": ""traffic""}, ""timestamp"": ""2025-12-12T00:09:34Z"", ""type"": ""node"", ""uid"": 23543547, ""user"": ""goflockyourself42069"", ""version"": 2}"
node,13124352708,https://www.openstreetmap.org/node/13124352708,41.9687403,-87.6887948,Flock Safety,,,,flock_confirmed_by_osm_tag,,yes,,not available in OSM,60625,Chicago ZIP polygon,20,Chicago current district polygon,0,ALPR,2026-07-07T17:15:16Z,2,185282129,https://www.openstreetmap.org/changeset/185282129,misterfrog,24042813,,,,skipped,,,,,,,,,,,"{""camera:type"": ""fixed"", ""description"": ""black camera facing north"", ""direction"": ""0"", ""man_made"": ""surveillance"", ""manufacturer"": ""Flock Safety"", ""manufacturer:wikidata"": ""Q108485435"", ""surveillance:type"": ""ALPR""}","{""changeset"": 185282129, ""id"": 13124352708, ""lat"": 41.9687403, ""lon"": -87.6887948, ""tags"": {""camera:type"": ""fixed"", ""description"": ""black camera facing north"", ""direction"": ""0"", ""man_made"": ""surveillance"", ""manufacturer"": ""Flock Safety"", ""manufacturer:wikidata"": ""Q108485435"", ""surveillance:type"": ""ALPR""}, ""timestamp"": ""2026-07-07T17:15:16Z"", ""type"": ""node"", ""uid"": 24042813, ""user"": ""misterfrog"", ""version"": 2}"
node,13172115298,https://www.openstreetmap.org/node/13172115298,41.9952651,-87.7146807,Flock Safety,,,,flock_confirmed_by_osm_tag,,yes,,not available in OSM,60659,Chicago ZIP polygon,17,Chicago current district polygon,0,ALPR,2025-09-25T22:41:43Z,1,172460849,https://www.openstreetmap.org/changeset/172460849,esanch101,23329057,,,,skipped,,,,,,,,,,,"{""camera:type"": ""fixed"", ""direction"": ""0"", ""man_made"": ""surveillance"", ""manufacturer"": ""Flock Safety"", ""manufacturer:wikidata"": ""Q108485435"", ""surveillance"": ""traffic"", ""surveillance:type"": ""ALPR"", ""surveillance:zone"": ""parking""}","{""changeset"": 172460849, ""id"": 13172115298, ""lat"": 41.9952651, ""lon"": -87.7146807, ""tags"": {""camera:type"": ""fixed"", ""direction"": ""0"", ""man_made"": ""surveillance"", ""manufacturer"": ""Flock Safety"", ""manufacturer:wikidata"": ""Q108485435"", ""surveillance"": ""traffic"", ""surveillance:type"": ""ALPR"", ""surveillance:zone"": ""parking""}, ""timestamp"": ""2025-09-25T22:41:43Z"", ""type"": ""node"", ""uid"": 23329057, ""user"": ""esanch101"", ""version"": 1}"
node,13172115299,https://www.openstreetmap.org/node/13172115299,41.9971162,-87.7131406,Flock Safety,,,,flock_confirmed_by_osm_tag,,yes,,not available in OSM,60659,Chicago ZIP polygon,17,Chicago current district polygon,150,ALPR,2025-09-25T22:41:43Z,1,172460849,https://www.openstreetmap.org/changeset/172460849,esanch101,23329057,,,,skipped,,,,,,,,,,,"{""camera:type"": ""fixed"", ""direction"": ""150"", ""man_made"": ""surveillance"", ""manufacturer"": ""Flock Safety"", ""manufacturer:wikidata"": ""Q108485435"", ""surveillance"": ""traffic"", ""surveillance:type"": ""ALPR"", ""surveillance:zone"": ""parking""}","{""changeset"": 172460849, ""id"": 13172115299, ""lat"": 41.9971162, ""lon"": -87.7131406, ""tags"": {""camera:type"": ""fixed"", ""direction"": ""150"", ""man_made"": ""surveillance"", ""manufacturer"": ""Flock Safety"", ""manufacturer:wikidata"": ""Q108485435"", ""surveillance"": ""traffic"", ""surveillance:type"": ""ALPR"", ""surveillance:zone"": ""parking""}, ""timestamp"": ""2025-09-25T22:41:43Z"", ""type"": ""node"", ""uid"": 23329057, ""user"": ""esanch101"", ""version"": 1}"
node,13172115300,https://www.openstreetmap.org/node/13172115300,41.9960465,-87.712792,Flock Safety,,,,flock_confirmed_by_osm_tag,,yes,,not available in OSM,60659,Chicago ZIP polygon,17,Chicago current district polygon,270,ALPR,2025-09-25T22:41:43Z,1,172460849,https://www.openstreetmap.org/changeset/172460849,esanch101,23329057,,,,skipped,,,,,,,,,,,"{""camera:type"": ""fixed"", ""direction"": ""270"", ""man_made"": ""surveillance"", ""manufacturer"": ""Flock Safety"", ""manufacturer:wikidata"": ""Q108485435"", ""surveillance"": ""traffic"", ""surveillance:type"": ""ALPR"", ""surveillance:zone"": ""parking""}","{""changeset"": 172460849, ""id"": 13172115300, ""lat"": 41.9960465, ""lon"": -87.712792, ""tags"": {""camera:type"": ""fixed"", ""direction"": ""270"", ""man_made"": ""surveillance"", ""manufacturer"": ""Flock Safety"", ""manufacturer:wikidata"": ""Q108485435"", ""surveillance"": ""traffic"", ""surveillance:type"": ""ALPR"", ""surveillance:zone"": ""parking""}, ""timestamp"": ""2025-09-25T22:41:43Z"", ""type"": ""node"", ""uid"": 23329057, ""user"": ""esanch101"", ""version"": 1}"
node,13191808029,https://www.openstreetmap.org/node/13191808029,41.9113673,-87.6602947,Flock Safety,,,,flock_confirmed_by_osm_tag,,yes,,not available in OSM,60642,Chicago ZIP polygon,14,Chicago current district polygon,,,2025-10-04T02:47:03Z,1,172814557,https://www.openstreetmap.org/changeset/172814557,MisterFreeze,8420235,,,,skipped,,,,,,,,,,,"{""camera:type"": ""fixed"", ""description"": ""This is a gunshot detection device by Flock Safety"", ""man_made"": ""surveillance"", ""manufacturer"": ""Flock Safety"", ""manufacturer:wikidata"": ""Q108485435""}","{""changeset"": 172814557, ""id"": 13191808029, ""lat"": 41.9113673, ""lon"": -87.6602947, ""tags"": {""camera:type"": ""fixed"", ""description"": ""This is a gunshot detection device by Flock Safety"", ""man_made"": ""surveillance"", ""manufacturer"": ""Flock Safety"", ""manufacturer:wikidata"": ""Q108485435""}, ""timestamp"": ""2025-10-04T02:47:03Z"", ""type"": ""node"", ""uid"": 8420235, ""user"": ""MisterFreeze"", ""version"": 1}"
node,13191808030,https://www.openstreetmap.org/node/13191808030,41.9119378,-87.660309,Flock Safety,,,,flock_confirmed_by_osm_tag,,yes,,not available in OSM,60642,Chicago ZIP polygon,14,Chicago current district polygon,,,2025-10-04T02:47:03Z,1,172814557,https://www.openstreetmap.org/changeset/172814557,MisterFreeze,8420235,,,,skipped,,,,,,,,,,,"{""camera:type"": ""fixed"", ""description"": ""This is a gunshot detection device by Flock Safety"", ""man_made"": ""surveillance"", ""manufacturer"": ""Flock Safety"", ""manufacturer:wikidata"": ""Q108485435""}","{""changeset"": 172814557, ""id"": 13191808030, ""lat"": 41.9119378, ""lon"": -87.660309, ""tags"": {""camera:type"": ""fixed"", ""description"": ""This is a gunshot detection device by Flock Safety"", ""man_made"": ""surveillance"", ""manufacturer"": ""Flock Safety"", ""manufacturer:wikidata"": ""Q108485435""}, ""timestamp"": ""2025-10-04T02:47:03Z"", ""type"": ""node"", ""uid"": 8420235, ""user"": ""MisterFreeze"", ""version"": 1}"
node,13191808031,https://www.openstreetmap.org/node/13191808031,41.9120963,-87.6602635,Flock Safety,,,,flock_confirmed_by_osm_tag,,yes,,not available in OSM,60642,Chicago ZIP polygon,14,Chicago current district polygon,60,ALPR,2025-10-04T02:47:03Z,1,172814557,https://www.openstreetmap.org/changeset/172814557,MisterFreeze,8420235,,,,skipped,,,,,,,,,,,"{""camera:type"": ""fixed"", ""direction"": ""60"", ""man_made"": ""surveillance"", ""manufacturer"": ""Flock Safety"", ""manufacturer:wikidata"": ""Q108485435"", ""surveillance:type"": ""ALPR""}","{""changeset"": 172814557, ""id"": 13191808031, ""lat"": 41.9120963, ""lon"": -87.6602635, ""tags"": {""camera:type"": ""fixed"", ""direction"": ""60"", ""man_made"": ""surveillance"", ""manufacturer"": ""Flock Safety"", ""manufacturer:wikidata"": ""Q108485435"", ""surveillance:type"": ""ALPR""}, ""timestamp"": ""2025-10-04T02:47:03Z"", ""type"": ""node"", ""uid"": 8420235, ""user"": ""MisterFreeze"", ""version"": 1}"
node,13191808032,https://www.openstreetmap.org/node/13191808032,41.9126984,-87.6598875,Flock Safety,,,,flock_confirmed_by_osm_tag,,yes,,not available in OSM,60642,Chicago ZIP polygon,14,Chicago current district polygon,120,ALPR,2025-10-04T02:47:03Z,1,172814557,https://www.openstreetmap.org/changeset/172814557,MisterFreeze,8420235,,,,skipped,,,,,,,,,,,"{""camera:type"": ""fixed"", ""direction"": ""120"", ""man_made"": ""surveillance"", ""manufacturer"": ""Flock Safety"", ""manufacturer:wikidata"": ""Q108485435"", ""surveillance:type"": ""ALPR""}","{""changeset"": 172814557, ""id"": 13191808032, ""lat"": 41.9126984, ""lon"": -87.6598875, ""tags"": {""camera:type"": ""fixed"", ""direction"": ""120"", ""man_made"": ""surveillance"", ""manufacturer"": ""Flock Safety"", ""manufacturer:wikidata"": ""Q108485435"", ""surveillance:type"": ""ALPR""}, ""timestamp"": ""2025-10-04T02:47:03Z"", ""type"": ""node"", ""uid"": 8420235, ""user"": ""MisterFreeze"", ""version"": 1}"
node,13191808033,https://www.openstreetmap.org/node/13191808033,41.9123953,-87.6594521,Flock Safety,,,,flock_confirmed_by_osm_tag,,yes,,not available in OSM,60642,Chicago ZIP polygon,14,Chicago current district polygon,,,2025-10-04T02:47:03Z,1,172814557,https://www.openstreetmap.org/changeset/172814557,MisterFreeze,8420235,,,,skipped,,,,,,,,,,,"{""camera:type"": ""fixed"", ""description"": ""This is a gunshot detection device by Flock Safety"", ""man_made"": ""surveillance"", ""manufacturer"": ""Flock Safety"", ""manufacturer:wikidata"": ""Q108485435""}","{""changeset"": 172814557, ""id"": 13191808033, ""lat"": 41.9123953, ""lon"": -87.6594521, ""tags"": {""camera:type"": ""fixed"", ""description"": ""This is a gunshot detection device by Flock Safety"", ""man_made"": ""surveillance"", ""manufacturer"": ""Flock Safety"", ""manufacturer:wikidata"": ""Q108485435""}, ""timestamp"": ""2025-10-04T02:47:03Z"", ""type"": ""node"", ""uid"": 8420235, ""user"": ""MisterFreeze"", ""version"": 1}"
node,13235219313,https://www.openstreetmap.org/node/13235219313,41.9252165,-87.6721102,Flock Safety,,,,flock_confirmed_by_osm_tag,,yes,,not available in OSM,60614,Chicago ZIP polygon,19,Chicago current district polygon,330,ALPR,2025-10-15T17:54:02Z,1,173332055,https://www.openstreetmap.org/changeset/173332055,MisterFreeze,8420235,,,,skipped,,,,,,,,,,,"{""camera:type"": ""fixed"", ""direction"": ""330"", ""man_made"": ""surveillance"", ""manufacturer"": ""Flock Safety"", ""manufacturer:wikidata"": ""Q108485435"", ""surveillance:type"": ""ALPR""}","{""changeset"": 173332055, ""id"": 13235219313, ""lat"": 41.9252165, ""lon"": -87.6721102, ""tags"": {""camera:type"": ""fixed"", ""direction"": ""330"", ""man_made"": ""surveillance"", ""manufacturer"": ""Flock Safety"", ""manufacturer:wikidata"": ""Q108485435"", ""surveillance:type"": ""ALPR""}, ""timestamp"": ""2025-10-15T17:54:02Z"", ""type"": ""node"", ""uid"": 8420235, ""user"": ""MisterFreeze"", ""version"": 1}"
node,13254951702,https://www.openstreetmap.org/node/13254951702,41.9853818,-87.7878323,Flock Safety,,,,flock_confirmed_by_osm_tag,,yes,,not available in OSM,60631,Chicago ZIP polygon,16,Chicago current district polygon,150,ALPR,2025-10-24T21:12:00Z,1,173735525,https://www.openstreetmap.org/changeset/173735525,MisterFreeze,8420235,,,,skipped,,,,,,,,,,,"{""camera:type"": ""fixed"", ""direction"": ""150"", ""man_made"": ""surveillance"", ""manufacturer"": ""Flock Safety"", ""manufacturer:wikidata"": ""Q108485435"", ""surveillance:type"": ""ALPR""}","{""changeset"": 173735525, ""id"": 13254951702, ""lat"": 41.9853818, ""lon"": -87.7878323, ""tags"": {""camera:type"": ""fixed"", ""direction"": ""150"", ""man_made"": ""surveillance"", ""manufacturer"": ""Flock Safety"", ""manufacturer:wikidata"": ""Q108485435"", ""surveillance:type"": ""ALPR""}, ""timestamp"": ""2025-10-24T21:12:00Z"", ""type"": ""node"", ""uid"": 8420235, ""user"": ""MisterFreeze"", ""version"": 1}"
node,13254951703,https://www.openstreetmap.org/node/13254951703,41.9850389,-87.7875535,Flock Safety,,,,flock_confirmed_by_osm_tag,,yes,,not available in OSM,60646,Chicago ZIP polygon,16,Chicago current district polygon,330,ALPR,2025-10-24T21:12:00Z,1,173735525,https://www.openstreetmap.org/changeset/173735525,MisterFreeze,8420235,,,,skipped,,,,,,,,,,,"{""camera:type"": ""fixed"", ""direction"": ""330"", ""man_made"": ""surveillance"", ""manufacturer"": ""Flock Safety"", ""manufacturer:wikidata"": ""Q108485435"", ""surveillance:type"": ""ALPR""}","{""changeset"": 173735525, ""id"": 13254951703, ""lat"": 41.9850389, ""lon"": -87.7875535, ""tags"": {""camera:type"": ""fixed"", ""direction"": ""330"", ""man_made"": ""surveillance"", ""manufacturer"": ""Flock Safety"", ""manufacturer:wikidata"": ""Q108485435"", ""surveillance:type"": ""ALPR""}, ""timestamp"": ""2025-10-24T21:12:00Z"", ""type"": ""node"", ""uid"": 8420235, ""user"": ""MisterFreeze"", ""version"": 1}"
node,13267622719,https://www.openstreetmap.org/node/13267622719,41.924438,-87.7926871,Flock Safety,,,,flock_confirmed_by_osm_tag,,yes,,not available in OSM,60707,Chicago ZIP polygon,25,Chicago current district polygon,115,ALPR,2025-10-29T18:32:05Z,1,173943519,https://www.openstreetmap.org/changeset/173943519,xander_ale,23449486,,,,skipped,,,,,,,,,,,"{""camera:type"": ""fixed"", ""direction"": ""115"", ""man_made"": ""surveillance"", ""manufacturer"": ""Flock Safety"", ""manufacturer:wikidata"": ""Q108485435"", ""surveillance:type"": ""ALPR""}","{""changeset"": 173943519, ""id"": 13267622719, ""lat"": 41.924438, ""lon"": -87.7926871, ""tags"": {""camera:type"": ""fixed"", ""direction"": ""115"", ""man_made"": ""surveillance"", ""manufacturer"": ""Flock Safety"", ""manufacturer:wikidata"": ""Q108485435"", ""surveillance:type"": ""ALPR""}, ""timestamp"": ""2025-10-29T18:32:05Z"", ""type"": ""node"", ""uid"": 23449486, ""user"": ""xander_ale"", ""version"": 1}"
node,13267622720,https://www.openstreetmap.org/node/13267622720,41.924162,-87.7920282,Flock Safety,,,,flock_confirmed_by_osm_tag,,yes,,not available in OSM,60707,Chicago ZIP polygon,25,Chicago current district polygon,20,ALPR,2025-10-29T18:32:05Z,1,173943519,https://www.openstreetmap.org/changeset/173943519,xander_ale,23449486,,,,skipped,,,,,,,,,,,"{""camera:type"": ""fixed"", ""direction"": ""20"", ""man_made"": ""surveillance"", ""manufacturer"": ""Flock Safety"", ""manufacturer:wikidata"": ""Q108485435"", ""surveillance:type"": ""ALPR""}","{""changeset"": 173943519, ""id"": 13267622720, ""lat"": 41.924162, ""lon"": -87.7920282, ""tags"": {""camera:type"": ""fixed"", ""direction"": ""20"", ""man_made"": ""surveillance"", ""manufacturer"": ""Flock Safety"", ""manufacturer:wikidata"": ""Q108485435"", ""surveillance:type"": ""ALPR""}, ""timestamp"": ""2025-10-29T18:32:05Z"", ""type"": ""node"", ""uid"": 23449486, ""user"": ""xander_ale"", ""version"": 1}"
node,13285953301,https://www.openstreetmap.org/node/13285953301,41.9576815,-87.6886525,Flock Safety,,,,flock_confirmed_by_osm_tag,,yes,,not available in OSM,60618,Chicago ZIP polygon,19,Chicago current district polygon,0,ALPR,2025-11-06T19:37:08Z,1,174304394,https://www.openstreetmap.org/changeset/174304394,Staeziak,23478268,,,,skipped,,,,,,,,,,,"{""camera:type"": ""fixed"", ""direction"": ""0"", ""man_made"": ""surveillance"", ""manufacturer"": ""Flock Safety"", ""manufacturer:wikidata"": ""Q108485435"", ""surveillance"": ""public"", ""surveillance:type"": ""ALPR"", ""surveillance:zone"": ""traffic""}","{""changeset"": 174304394, ""id"": 13285953301, ""lat"": 41.9576815, ""lon"": -87.6886525, ""tags"": {""camera:type"": ""fixed"", ""direction"": ""0"", ""man_made"": ""surveillance"", ""manufacturer"": ""Flock Safety"", ""manufacturer:wikidata"": ""Q108485435"", ""surveillance"": ""public"", ""surveillance:type"": ""ALPR"", ""surveillance:zone"": ""traffic""}, ""timestamp"": ""2025-11-06T19:37:08Z"", ""type"": ""node"", ""uid"": 23478268, ""user"": ""Staeziak"", ""version"": 1}"
node,13311202701,https://www.openstreetmap.org/node/13311202701,41.8794589,-87.6351382,Flock Safety,,,,flock_confirmed_by_osm_tag,,yes,,not available in OSM,60606,Chicago ZIP polygon,1,Chicago current district polygon,328,ALPR,2025-11-17T15:52:23Z,1,174778468,https://www.openstreetmap.org/changeset/174778468,wrennifer,5007182,,,,skipped,,,,,,,,,,,"{""camera:type"": ""fixed"", ""direction"": ""328"", ""man_made"": ""surveillance"", ""manufacturer"": ""Flock Safety"", ""manufacturer:wikidata"": ""Q108485435"", ""surveillance"": ""public"", ""surveillance:type"": ""ALPR"", ""surveillance:zone"": ""traffic""}","{""changeset"": 174778468, ""id"": 13311202701, ""lat"": 41.8794589, ""lon"": -87.6351382, ""tags"": {""camera:type"": ""fixed"", ""direction"": ""328"", ""man_made"": ""surveillance"", ""manufacturer"": ""Flock Safety"", ""manufacturer:wikidata"": ""Q108485435"", ""surveillance"": ""public"", ""surveillance:type"": ""ALPR"", ""surveillance:zone"": ""traffic""}, ""timestamp"": ""2025-11-17T15:52:23Z"", ""type"": ""node"", ""uid"": 5007182, ""user"": ""wrennifer"", ""version"": 1}"
node,13326055878,https://www.openstreetmap.org/node/13326055878,41.8660969,-87.6407837,Flock Safety,,,,flock_confirmed_by_osm_tag,,yes,,not available in OSM,60607,Chicago ZIP polygon,1,Chicago current district polygon,220,ALPR,2025-11-23T12:26:41Z,1,175023628,https://www.openstreetmap.org/changeset/175023628,MisterFreeze,8420235,,,,skipped,,,,,,,,,,,"{""camera:type"": ""fixed"", ""direction"": ""220"", ""man_made"": ""surveillance"", ""manufacturer"": ""Flock Safety"", ""manufacturer:wikidata"": ""Q108485435"", ""surveillance:type"": ""ALPR""}","{""changeset"": 175023628, ""id"": 13326055878, ""lat"": 41.8660969, ""lon"": -87.6407837, ""tags"": {""camera:type"": ""fixed"", ""direction"": ""220"", ""man_made"": ""surveillance"", ""manufacturer"": ""Flock Safety"", ""manufacturer:wikidata"": ""Q108485435"", ""surveillance:type"": ""ALPR""}, ""timestamp"": ""2025-11-23T12:26:41Z"", ""type"": ""node"", ""uid"": 8420235, ""user"": ""MisterFreeze"", ""version"": 1}"
node,13326055879,https://www.openstreetmap.org/node/13326055879,41.8665548,-87.6408387,Flock Safety,,,,flock_confirmed_by_osm_tag,,yes,,not available in OSM,60607,Chicago ZIP polygon,1,Chicago current district polygon,300;200,ALPR,2025-11-23T12:26:41Z,1,175023628,https://www.openstreetmap.org/changeset/175023628,MisterFreeze,8420235,,,,skipped,,,,,,,,,,,"{""camera:type"": ""fixed"", ""direction"": ""300;200"", ""man_made"": ""surveillance"", ""manufacturer"": ""Flock Safety"", ""manufacturer:wikidata"": ""Q108485435"", ""surveillance:type"": ""ALPR""}","{""changeset"": 175023628, ""id"": 13326055879, ""lat"": 41.8665548, ""lon"": -87.6408387, ""tags"": {""camera:type"": ""fixed"", ""direction"": ""300;200"", ""man_made"": ""surveillance"", ""manufacturer"": ""Flock Safety"", ""manufacturer:wikidata"": ""Q108485435"", ""surveillance:type"": ""ALPR""}, ""timestamp"": ""2025-11-23T12:26:41Z"", ""type"": ""node"", ""uid"": 8420235, ""user"": ""MisterFreeze"", ""version"": 1}"
node,13326055881,https://www.openstreetmap.org/node/13326055881,41.8701379,-87.6454658,Flock Safety,,,,flock_confirmed_by_osm_tag,,yes,,not available in OSM,60607,Chicago ZIP polygon,12,Chicago current district polygon,140,ALPR,2025-11-23T12:26:41Z,1,175023628,https://www.openstreetmap.org/changeset/175023628,MisterFreeze,8420235,,,,skipped,,,,,,,,,,,"{""camera:type"": ""fixed"", ""direction"": ""140"", ""man_made"": ""surveillance"", ""manufacturer"": ""Flock Safety"", ""manufacturer:wikidata"": ""Q108485435"", ""surveillance:type"": ""ALPR""}","{""changeset"": 175023628, ""id"": 13326055881, ""lat"": 41.8701379, ""lon"": -87.6454658, ""tags"": {""camera:type"": ""fixed"", ""direction"": ""140"", ""man_made"": ""surveillance"", ""manufacturer"": ""Flock Safety"", ""manufacturer:wikidata"": ""Q108485435"", ""surveillance:type"": ""ALPR""}, ""timestamp"": ""2025-11-23T12:26:41Z"", ""type"": ""node"", ""uid"": 8420235, ""user"": ""MisterFreeze"", ""version"": 1}"
node,13359689301,https://www.openstreetmap.org/node/13359689301,41.8948852,-87.6253802,Flock Safety,,,,flock_confirmed_by_osm_tag,,yes,,not available in OSM,60611,Chicago ZIP polygon,18,Chicago current district polygon,248-293,ALPR,2025-12-07T15:30:42Z,2,175628651,https://www.openstreetmap.org/changeset/175628651,modular2350,23582650,,,,skipped,,,,,,,,,,,"{""camera:type"": ""fixed"", ""direction"": ""248-293"", ""man_made"": ""surveillance"", ""manufacturer"": ""Flock Safety"", ""manufacturer:wikidata"": ""Q108485435"", ""surveillance"": ""public"", ""surveillance:type"": ""ALPR"", ""surveillance:zone"": ""traffic""}","{""changeset"": 175628651, ""id"": 13359689301, ""lat"": 41.8948852, ""lon"": -87.6253802, ""tags"": {""camera:type"": ""fixed"", ""direction"": ""248-293"", ""man_made"": ""surveillance"", ""manufacturer"": ""Flock Safety"", ""manufacturer:wikidata"": ""Q108485435"", ""surveillance"": ""public"", ""surveillance:type"": ""ALPR"", ""surveillance:zone"": ""traffic""}, ""timestamp"": ""2025-12-07T15:30:42Z"", ""type"": ""node"", ""uid"": 23582650, ""user"": ""modular2350"", ""version"": 2}"
node,13370000401,https://www.openstreetmap.org/node/13370000401,41.9061822,-87.6698958,Flock Safety,,,,flock_confirmed_by_osm_tag,,yes,,not available in OSM,60622,Chicago ZIP polygon,14,Chicago current district polygon,61-106,ALPR,2025-12-11T16:58:43Z,1,175812106,https://www.openstreetmap.org/changeset/175812106,CacheBandit1111,22641132,,,,skipped,,,,,,,,,,,"{""camera:type"": ""fixed"", ""direction"": ""61-106"", ""man_made"": ""surveillance"", ""manufacturer"": ""Flock Safety"", ""manufacturer:wikidata"": ""Q108485435"", ""surveillance"": ""public"", ""surveillance:type"": ""ALPR"", ""surveillance:zone"": ""traffic""}","{""changeset"": 175812106, ""id"": 13370000401, ""lat"": 41.9061822, ""lon"": -87.6698958, ""tags"": {""camera:type"": ""fixed"", ""direction"": ""61-106"", ""man_made"": ""surveillance"", ""manufacturer"": ""Flock Safety"", ""manufacturer:wikidata"": ""Q108485435"", ""surveillance"": ""public"", ""surveillance:type"": ""ALPR"", ""surveillance:zone"": ""traffic""}, ""timestamp"": ""2025-12-11T16:58:43Z"", ""type"": ""node"", ""uid"": 22641132, ""user"": ""CacheBandit1111"", ""version"": 1}"
node,13450572601,https://www.openstreetmap.org/node/13450572601,41.7957132,-87.8014665,Flock Safety,,,,flock_confirmed_by_osm_tag,,yes,,not available in OSM,60638,Chicago ZIP polygon,8,Chicago current district polygon,332,ALPR,2026-01-12T15:35:09Z,1,177143372,https://www.openstreetmap.org/changeset/177143372,FlockFinalBoss,23340787,,,,skipped,,,,,,,,,,,"{""camera:type"": ""fixed"", ""direction"": ""332"", ""man_made"": ""surveillance"", ""manufacturer"": ""Flock Safety"", ""manufacturer:wikidata"": ""Q108485435"", ""surveillance"": ""public"", ""surveillance:type"": ""ALPR"", ""surveillance:zone"": ""traffic""}","{""changeset"": 177143372, ""id"": 13450572601, ""lat"": 41.7957132, ""lon"": -87.8014665, ""tags"": {""camera:type"": ""fixed"", ""direction"": ""332"", ""man_made"": ""surveillance"", ""manufacturer"": ""Flock Safety"", ""manufacturer:wikidata"": ""Q108485435"", ""surveillance"": ""public"", ""surveillance:type"": ""ALPR"", ""surveillance:zone"": ""traffic""}, ""timestamp"": ""2026-01-12T15:35:09Z"", ""type"": ""node"", ""uid"": 23340787, ""user"": ""FlockFinalBoss"", ""version"": 1}"
node,13485263601,https://www.openstreetmap.org/node/13485263601,41.911634,-87.651693,Flock Safety,,,,flock_confirmed_by_osm_tag,,yes,,not available in OSM,60614,Chicago ZIP polygon,18,Chicago current district polygon,152,ALPR,2026-01-26T03:22:14Z,1,177704675,https://www.openstreetmap.org/changeset/177704675,SoupEyes4Future,23751814,,,,skipped,,,,,,,,,,,"{""camera:mount"": ""pole"", ""camera:type"": ""fixed"", ""direction"": ""152"", ""man_made"": ""surveillance"", ""manufacturer"": ""Flock Safety"", ""manufacturer:wikidata"": ""Q108485435"", ""surveillance"": ""public"", ""surveillance:type"": ""ALPR"", ""surveillance:zone"": ""traffic""}","{""changeset"": 177704675, ""id"": 13485263601, ""lat"": 41.911634, ""lon"": -87.651693, ""tags"": {""camera:mount"": ""pole"", ""camera:type"": ""fixed"", ""direction"": ""152"", ""man_made"": ""surveillance"", ""manufacturer"": ""Flock Safety"", ""manufacturer:wikidata"": ""Q108485435"", ""surveillance"": ""public"", ""surveillance:type"": ""ALPR"", ""surveillance:zone"": ""traffic""}, ""timestamp"": ""2026-01-26T03:22:14Z"", ""type"": ""node"", ""uid"": 23751814, ""user"": ""SoupEyes4Future"", ""version"": 1}"
node,13504726901,https://www.openstreetmap.org/node/13504726901,41.9114072,-87.6515064,Flock Safety,,,,flock_confirmed_by_osm_tag,,yes,,not available in OSM,60614,Chicago ZIP polygon,18,Chicago current district polygon,80,ALPR,2026-01-27T17:24:19Z,1,177772527,https://www.openstreetmap.org/changeset/177772527,SoupEyes4Future,23751814,,,,skipped,,,,,,,,,,,"{""camera:type"": ""fixed"", ""direction"": ""80"", ""man_made"": ""surveillance"", ""manufacturer"": ""Flock Safety"", ""manufacturer:wikidata"": ""Q108485435"", ""surveillance"": ""public"", ""surveillance:type"": ""ALPR"", ""surveillance:zone"": ""traffic""}","{""changeset"": 177772527, ""id"": 13504726901, ""lat"": 41.9114072, ""lon"": -87.6515064, ""tags"": {""camera:type"": ""fixed"", ""direction"": ""80"", ""man_made"": ""surveillance"", ""manufacturer"": ""Flock Safety"", ""manufacturer:wikidata"": ""Q108485435"", ""surveillance"": ""public"", ""surveillance:type"": ""ALPR"", ""surveillance:zone"": ""traffic""}, ""timestamp"": ""2026-01-27T17:24:19Z"", ""type"": ""node"", ""uid"": 23751814, ""user"": ""SoupEyes4Future"", ""version"": 1}"
node,13505310101,https://www.openstreetmap.org/node/13505310101,41.9119048,-87.6513068,Flock Safety,,,,flock_confirmed_by_osm_tag,,yes,,not available in OSM,60614,Chicago ZIP polygon,18,Chicago current district polygon,321,ALPR,2026-01-27T21:19:56Z,1,177780913,https://www.openstreetmap.org/changeset/177780913,SoupEyes4Future,23751814,,,,skipped,,,,,,,,,,,"{""camera:type"": ""fixed"", ""direction"": ""321"", ""man_made"": ""surveillance"", ""manufacturer"": ""Flock Safety"", ""manufacturer:wikidata"": ""Q108485435"", ""surveillance"": ""public"", ""surveillance:type"": ""ALPR"", ""surveillance:zone"": ""traffic""}","{""changeset"": 177780913, ""id"": 13505310101, ""lat"": 41.9119048, ""lon"": -87.6513068, ""tags"": {""camera:type"": ""fixed"", ""direction"": ""321"", ""man_made"": ""surveillance"", ""manufacturer"": ""Flock Safety"", ""manufacturer:wikidata"": ""Q108485435"", ""surveillance"": ""public"", ""surveillance:type"": ""ALPR"", ""surveillance:zone"": ""traffic""}, ""timestamp"": ""2026-01-27T21:19:56Z"", ""type"": ""node"", ""uid"": 23751814, ""user"": ""SoupEyes4Future"", ""version"": 1}"
node,13510255901,https://www.openstreetmap.org/node/13510255901,41.92801,-87.6744626,Flock Safety,,,,flock_confirmed_by_osm_tag,,yes,,not available in OSM,60614,Chicago ZIP polygon,19,Chicago current district polygon,160,ALPR,2026-05-13T12:49:24Z,2,182600271,https://www.openstreetmap.org/changeset/182600271,Burnt Potato,23543018,,,,skipped,,,,,,,,,,,"{""camera:type"": ""fixed"", ""direction"": ""160"", ""man_made"": ""surveillance"", ""manufacturer"": ""Flock Safety"", ""manufacturer:wikidata"": ""Q108485435"", ""surveillance"": ""public"", ""surveillance:type"": ""ALPR"", ""surveillance:zone"": ""traffic""}","{""changeset"": 182600271, ""id"": 13510255901, ""lat"": 41.92801, ""lon"": -87.6744626, ""tags"": {""camera:type"": ""fixed"", ""direction"": ""160"", ""man_made"": ""surveillance"", ""manufacturer"": ""Flock Safety"", ""manufacturer:wikidata"": ""Q108485435"", ""surveillance"": ""public"", ""surveillance:type"": ""ALPR"", ""surveillance:zone"": ""traffic""}, ""timestamp"": ""2026-05-13T12:49:24Z"", ""type"": ""node"", ""uid"": 23543018, ""user"": ""Burnt Potato"", ""version"": 2}"
node,13567195025,https://www.openstreetmap.org/node/13567195025,41.9254235,-87.6725062,Flock Safety,,,,flock_confirmed_by_osm_tag,,yes,,not available in OSM,60614,Chicago ZIP polygon,19,Chicago current district polygon,310,ALPR,2026-02-15T17:37:04Z,1,178592678,https://www.openstreetmap.org/changeset/178592678,MisterFreeze,8420235,,,,skipped,,,,,,,,,,,"{""camera:type"": ""fixed"", ""direction"": ""310"", ""man_made"": ""surveillance"", ""manufacturer"": ""Flock Safety"", ""manufacturer:wikidata"": ""Q108485435"", ""surveillance:type"": ""ALPR""}","{""changeset"": 178592678, ""id"": 13567195025, ""lat"": 41.9254235, ""lon"": -87.6725062, ""tags"": {""camera:type"": ""fixed"", ""direction"": ""310"", ""man_made"": ""surveillance"", ""manufacturer"": ""Flock Safety"", ""manufacturer:wikidata"": ""Q108485435"", ""surveillance:type"": ""ALPR""}, ""timestamp"": ""2026-02-15T17:37:04Z"", ""type"": ""node"", ""uid"": 8420235, ""user"": ""MisterFreeze"", ""version"": 1}"
node,13568050501,https://www.openstreetmap.org/node/13568050501,41.8087725,-87.6823526,Flock Safety,,,,flock_confirmed_by_osm_tag,,yes,,not available in OSM,60609,Chicago ZIP polygon,9,Chicago current district polygon,227,ALPR,2026-02-15T19:50:32Z,1,178597464,https://www.openstreetmap.org/changeset/178597464,wrennifer,5007182,,,,skipped,,,,,,,,,,,"{""camera:type"": ""fixed"", ""direction"": ""227"", ""man_made"": ""surveillance"", ""manufacturer"": ""Flock Safety"", ""manufacturer:wikidata"": ""Q108485435"", ""surveillance"": ""public"", ""surveillance:type"": ""ALPR"", ""surveillance:zone"": ""traffic""}","{""changeset"": 178597464, ""id"": 13568050501, ""lat"": 41.8087725, ""lon"": -87.6823526, ""tags"": {""camera:type"": ""fixed"", ""direction"": ""227"", ""man_made"": ""surveillance"", ""manufacturer"": ""Flock Safety"", ""manufacturer:wikidata"": ""Q108485435"", ""surveillance"": ""public"", ""surveillance:type"": ""ALPR"", ""surveillance:zone"": ""traffic""}, ""timestamp"": ""2026-02-15T19:50:32Z"", ""type"": ""node"", ""uid"": 5007182, ""user"": ""wrennifer"", ""version"": 1}"
node,13606435902,https://www.openstreetmap.org/node/13606435902,41.986078,-87.8816009,Flock Safety,,,,flock_confirmed_by_osm_tag,,yes,,not available in OSM,60666,Chicago ZIP polygon,16,Chicago current district polygon,55,ALPR,2026-02-27T20:19:09Z,1,179148330,https://www.openstreetmap.org/changeset/179148330,FlockFinalBoss,23340787,,,,skipped,,,,,,,,,,,"{""camera:type"": ""fixed"", ""direction"": ""55"", ""man_made"": ""surveillance"", ""manufacturer"": ""Flock Safety"", ""manufacturer:wikidata"": ""Q108485435"", ""surveillance"": ""public"", ""surveillance:type"": ""ALPR"", ""surveillance:zone"": ""traffic""}","{""changeset"": 179148330, ""id"": 13606435902, ""lat"": 41.986078, ""lon"": -87.8816009, ""tags"": {""camera:type"": ""fixed"", ""direction"": ""55"", ""man_made"": ""surveillance"", ""manufacturer"": ""Flock Safety"", ""manufacturer:wikidata"": ""Q108485435"", ""surveillance"": ""public"", ""surveillance:type"": ""ALPR"", ""surveillance:zone"": ""traffic""}, ""timestamp"": ""2026-02-27T20:19:09Z"", ""type"": ""node"", ""uid"": 23340787, ""user"": ""FlockFinalBoss"", ""version"": 1}"
node,13619331170,https://www.openstreetmap.org/node/13619331170,41.821863,-87.7443414,Flock Safety,,,,flock_confirmed_by_osm_tag,,yes,,not available in OSM,60638,Chicago ZIP polygon,10,Chicago current district polygon,55,ALPR,2026-03-05T03:49:12Z,1,179376914,https://www.openstreetmap.org/changeset/179376914,outspoken7496,23901590,,,,skipped,,,,,,,,,,,"{""camera:type"": ""fixed"", ""direction"": ""55"", ""man_made"": ""surveillance"", ""manufacturer"": ""Flock Safety"", ""manufacturer:wikidata"": ""Q108485435"", ""surveillance"": ""public"", ""surveillance:type"": ""ALPR"", ""surveillance:zone"": ""traffic""}","{""changeset"": 179376914, ""id"": 13619331170, ""lat"": 41.821863, ""lon"": -87.7443414, ""tags"": {""camera:type"": ""fixed"", ""direction"": ""55"", ""man_made"": ""surveillance"", ""manufacturer"": ""Flock Safety"", ""manufacturer:wikidata"": ""Q108485435"", ""surveillance"": ""public"", ""surveillance:type"": ""ALPR"", ""surveillance:zone"": ""traffic""}, ""timestamp"": ""2026-03-05T03:49:12Z"", ""type"": ""node"", ""uid"": 23901590, ""user"": ""outspoken7496"", ""version"": 1}"
node,13660363140,https://www.openstreetmap.org/node/13660363140,41.8660591,-87.7641795,Flock Safety,,,,flock_confirmed_by_osm_tag,,yes,,not available in OSM,60644,Chicago ZIP polygon,15,Chicago current district polygon,340,ALPR,2026-03-19T02:56:35Z,2,180085814,https://www.openstreetmap.org/changeset/180085814,outspoken7496,23901590,,,,skipped,,,,,,,,,,,"{""camera:type"": ""fixed"", ""direction"": ""340"", ""man_made"": ""surveillance"", ""manufacturer"": ""Flock Safety"", ""manufacturer:wikidata"": ""Q108485435"", ""surveillance"": ""public"", ""surveillance:type"": ""ALPR"", ""surveillance:zone"": ""traffic""}","{""changeset"": 180085814, ""id"": 13660363140, ""lat"": 41.8660591, ""lon"": -87.7641795, ""tags"": {""camera:type"": ""fixed"", ""direction"": ""340"", ""man_made"": ""surveillance"", ""manufacturer"": ""Flock Safety"", ""manufacturer:wikidata"": ""Q108485435"", ""surveillance"": ""public"", ""surveillance:type"": ""ALPR"", ""surveillance:zone"": ""traffic""}, ""timestamp"": ""2026-03-19T02:56:35Z"", ""type"": ""node"", ""uid"": 23901590, ""user"": ""outspoken7496"", ""version"": 2}"
node,13673313902,https://www.openstreetmap.org/node/13673313902,41.7366738,-87.629294,Flock Safety,,,,flock_confirmed_by_osm_tag,,yes,,not available in OSM,60620,Chicago ZIP polygon,6,Chicago current district polygon,104,ALPR,2026-03-29T21:25:31Z,2,180604160,https://www.openstreetmap.org/changeset/180604160,deflock2499,23970299,,,,skipped,,,,,,,,,,,"{""camera:type"": ""fixed"", ""direction"": ""104"", ""man_made"": ""surveillance"", ""manufacturer"": ""Flock Safety"", ""manufacturer:wikidata"": ""Q108485435"", ""surveillance"": ""public"", ""surveillance:type"": ""ALPR"", ""surveillance:zone"": ""traffic""}","{""changeset"": 180604160, ""id"": 13673313902, ""lat"": 41.7366738, ""lon"": -87.629294, ""tags"": {""camera:type"": ""fixed"", ""direction"": ""104"", ""man_made"": ""surveillance"", ""manufacturer"": ""Flock Safety"", ""manufacturer:wikidata"": ""Q108485435"", ""surveillance"": ""public"", ""surveillance:type"": ""ALPR"", ""surveillance:zone"": ""traffic""}, ""timestamp"": ""2026-03-29T21:25:31Z"", ""type"": ""node"", ""uid"": 23970299, ""user"": ""deflock2499"", ""version"": 2}"
node,13687007701,https://www.openstreetmap.org/node/13687007701,41.7421103,-87.6303263,Flock Safety,,,,flock_confirmed_by_osm_tag,,yes,,not available in OSM,60620,Chicago ZIP polygon,6,Chicago current district polygon,0,ALPR,2026-03-28T19:19:58Z,1,180555830,https://www.openstreetmap.org/changeset/180555830,deflock2499,23970299,,,,skipped,,,,,,,,,,,"{""camera:type"": ""fixed"", ""direction"": ""0"", ""man_made"": ""surveillance"", ""manufacturer"": ""Flock Safety"", ""manufacturer:wikidata"": ""Q108485435"", ""surveillance"": ""public"", ""surveillance:type"": ""ALPR"", ""surveillance:zone"": ""traffic""}","{""changeset"": 180555830, ""id"": 13687007701, ""lat"": 41.7421103, ""lon"": -87.6303263, ""tags"": {""camera:type"": ""fixed"", ""direction"": ""0"", ""man_made"": ""surveillance"", ""manufacturer"": ""Flock Safety"", ""manufacturer:wikidata"": ""Q108485435"", ""surveillance"": ""public"", ""surveillance:type"": ""ALPR"", ""surveillance:zone"": ""traffic""}, ""timestamp"": ""2026-03-28T19:19:58Z"", ""type"": ""node"", ""uid"": 23970299, ""user"": ""deflock2499"", ""version"": 1}"
node,13687262401,https://www.openstreetmap.org/node/13687262401,41.7374069,-87.552461,Flock Safety,,,,flock_confirmed_by_osm_tag,,yes,,not available in OSM,60617,Chicago ZIP polygon,4,Chicago current district polygon,262,ALPR,2026-03-28T21:39:16Z,1,180560154,https://www.openstreetmap.org/changeset/180560154,deflock2499,23970299,,,,skipped,,,,,,,,,,,"{""camera:type"": ""fixed"", ""direction"": ""262"", ""man_made"": ""surveillance"", ""manufacturer"": ""Flock Safety"", ""manufacturer:wikidata"": ""Q108485435"", ""surveillance"": ""public"", ""surveillance:type"": ""ALPR"", ""surveillance:zone"": ""traffic""}","{""changeset"": 180560154, ""id"": 13687262401, ""lat"": 41.7374069, ""lon"": -87.552461, ""tags"": {""camera:type"": ""fixed"", ""direction"": ""262"", ""man_made"": ""surveillance"", ""manufacturer"": ""Flock Safety"", ""manufacturer:wikidata"": ""Q108485435"", ""surveillance"": ""public"", ""surveillance:type"": ""ALPR"", ""surveillance:zone"": ""traffic""}, ""timestamp"": ""2026-03-28T21:39:16Z"", ""type"": ""node"", ""uid"": 23970299, ""user"": ""deflock2499"", ""version"": 1}"
node,13689618201,https://www.openstreetmap.org/node/13689618201,41.7373278,-87.6293203,Flock Safety,,,,flock_confirmed_by_osm_tag,,yes,,not available in OSM,60620,Chicago ZIP polygon,6,Chicago current district polygon,95,ALPR,2026-03-29T21:06:23Z,1,180603683,https://www.openstreetmap.org/changeset/180603683,deflock2499,23970299,,,,skipped,,,,,,,,,,,"{""camera:type"": ""fixed"", ""direction"": ""95"", ""man_made"": ""surveillance"", ""manufacturer"": ""Flock Safety"", ""manufacturer:wikidata"": ""Q108485435"", ""surveillance"": ""public"", ""surveillance:type"": ""ALPR"", ""surveillance:zone"": ""traffic""}","{""changeset"": 180603683, ""id"": 13689618201, ""lat"": 41.7373278, ""lon"": -87.6293203, ""tags"": {""camera:type"": ""fixed"", ""direction"": ""95"", ""man_made"": ""surveillance"", ""manufacturer"": ""Flock Safety"", ""manufacturer:wikidata"": ""Q108485435"", ""surveillance"": ""public"", ""surveillance:type"": ""ALPR"", ""surveillance:zone"": ""traffic""}, ""timestamp"": ""2026-03-29T21:06:23Z"", ""type"": ""node"", ""uid"": 23970299, ""user"": ""deflock2499"", ""version"": 1}"
node,13689625501,https://www.openstreetmap.org/node/13689625501,41.7373232,-87.6303061,Flock Safety,,,,flock_confirmed_by_osm_tag,,yes,,not available in OSM,60620,Chicago ZIP polygon,6,Chicago current district polygon,180,ALPR,2026-03-29T21:22:40Z,2,180604091,https://www.openstreetmap.org/changeset/180604091,deflock2499,23970299,,,,skipped,,,,,,,,,,,"{""camera:type"": ""fixed"", ""direction"": ""180"", ""man_made"": ""surveillance"", ""manufacturer"": ""Flock Safety"", ""manufacturer:wikidata"": ""Q108485435"", ""surveillance"": ""public"", ""surveillance:type"": ""ALPR"", ""surveillance:zone"": ""traffic""}","{""changeset"": 180604091, ""id"": 13689625501, ""lat"": 41.7373232, ""lon"": -87.6303061, ""tags"": {""camera:type"": ""fixed"", ""direction"": ""180"", ""man_made"": ""surveillance"", ""manufacturer"": ""Flock Safety"", ""manufacturer:wikidata"": ""Q108485435"", ""surveillance"": ""public"", ""surveillance:type"": ""ALPR"", ""surveillance:zone"": ""traffic""}, ""timestamp"": ""2026-03-29T21:22:40Z"", ""type"": ""node"", ""uid"": 23970299, ""user"": ""deflock2499"", ""version"": 2}"
node,13689659002,https://www.openstreetmap.org/node/13689659002,41.7373175,-87.6297525,Flock Safety,,,,flock_confirmed_by_osm_tag,,yes,,not available in OSM,60620,Chicago ZIP polygon,6,Chicago current district polygon,160,ALPR,2026-03-29T21:23:21Z,1,180604114,https://www.openstreetmap.org/changeset/180604114,deflock2499,23970299,,,,skipped,,,,,,,,,,,"{""camera:type"": ""fixed"", ""direction"": ""160"", ""man_made"": ""surveillance"", ""manufacturer"": ""Flock Safety"", ""manufacturer:wikidata"": ""Q108485435"", ""surveillance"": ""public"", ""surveillance:type"": ""ALPR"", ""surveillance:zone"": ""traffic""}","{""changeset"": 180604114, ""id"": 13689659002, ""lat"": 41.7373175, ""lon"": -87.6297525, ""tags"": {""camera:type"": ""fixed"", ""direction"": ""160"", ""man_made"": ""surveillance"", ""manufacturer"": ""Flock Safety"", ""manufacturer:wikidata"": ""Q108485435"", ""surveillance"": ""public"", ""surveillance:type"": ""ALPR"", ""surveillance:zone"": ""traffic""}, ""timestamp"": ""2026-03-29T21:23:21Z"", ""type"": ""node"", ""uid"": 23970299, ""user"": ""deflock2499"", ""version"": 1}"
node,13717686711,https://www.openstreetmap.org/node/13717686711,41.9775935,-87.7683262,Flock Safety,,,,flock_confirmed_by_osm_tag,,yes,,not available in OSM,60630,Chicago ZIP polygon,16,Chicago current district polygon,345,ALPR,2026-04-09T04:07:17Z,1,181077079,https://www.openstreetmap.org/changeset/181077079,Burnt Potato,23543018,,,,skipped,,,,,,,,,,,"{""camera:type"": ""fixed"", ""direction"": ""345"", ""man_made"": ""surveillance"", ""manufacturer"": ""Flock Safety"", ""manufacturer:wikidata"": ""Q108485435"", ""surveillance:type"": ""ALPR""}","{""changeset"": 181077079, ""id"": 13717686711, ""lat"": 41.9775935, ""lon"": -87.7683262, ""tags"": {""camera:type"": ""fixed"", ""direction"": ""345"", ""man_made"": ""surveillance"", ""manufacturer"": ""Flock Safety"", ""manufacturer:wikidata"": ""Q108485435"", ""surveillance:type"": ""ALPR""}, ""timestamp"": ""2026-04-09T04:07:17Z"", ""type"": ""node"", ""uid"": 23543018, ""user"": ""Burnt Potato"", ""version"": 1}"
node,13724437702,https://www.openstreetmap.org/node/13724437702,41.741314,-87.6317452,Flock Safety,,,,flock_confirmed_by_osm_tag,,yes,,not available in OSM,60620,Chicago ZIP polygon,6,Chicago current district polygon,93,ALPR,2026-04-12T02:00:36Z,1,181212663,https://www.openstreetmap.org/changeset/181212663,deflock2499,23970299,,,,skipped,,,,,,,,,,,"{""camera:type"": ""fixed"", ""direction"": ""93"", ""man_made"": ""surveillance"", ""manufacturer"": ""Flock Safety"", ""manufacturer:wikidata"": ""Q108485435"", ""surveillance"": ""public"", ""surveillance:type"": ""ALPR"", ""surveillance:zone"": ""traffic""}","{""changeset"": 181212663, ""id"": 13724437702, ""lat"": 41.741314, ""lon"": -87.6317452, ""tags"": {""camera:type"": ""fixed"", ""direction"": ""93"", ""man_made"": ""surveillance"", ""manufacturer"": ""Flock Safety"", ""manufacturer:wikidata"": ""Q108485435"", ""surveillance"": ""public"", ""surveillance:type"": ""ALPR"", ""surveillance:zone"": ""traffic""}, ""timestamp"": ""2026-04-12T02:00:36Z"", ""type"": ""node"", ""uid"": 23970299, ""user"": ""deflock2499"", ""version"": 1}"
node,13758408501,https://www.openstreetmap.org/node/13758408501,41.8520081,-87.6855993,Flock Safety,,,,flock_confirmed_by_osm_tag,,yes,,not available in OSM,60608,Chicago ZIP polygon,10,Chicago current district polygon,0,ALPR,2026-04-24T11:18:51Z,1,181759815,https://www.openstreetmap.org/changeset/181759815,Zomblee,24072831,,,,skipped,,,,,,,,,,,"{""camera:mount"": ""pole"", ""camera:type"": ""fixed"", ""direction"": ""0"", ""man_made"": ""surveillance"", ""manufacturer"": ""Flock Safety"", ""manufacturer:wikidata"": ""Q108485435"", ""surveillance"": ""public"", ""surveillance:type"": ""ALPR"", ""surveillance:zone"": ""traffic""}","{""changeset"": 181759815, ""id"": 13758408501, ""lat"": 41.8520081, ""lon"": -87.6855993, ""tags"": {""camera:mount"": ""pole"", ""camera:type"": ""fixed"", ""direction"": ""0"", ""man_made"": ""surveillance"", ""manufacturer"": ""Flock Safety"", ""manufacturer:wikidata"": ""Q108485435"", ""surveillance"": ""public"", ""surveillance:type"": ""ALPR"", ""surveillance:zone"": ""traffic""}, ""timestamp"": ""2026-04-24T11:18:51Z"", ""type"": ""node"", ""uid"": 24072831, ""user"": ""Zomblee"", ""version"": 1}"
node,13807541135,https://www.openstreetmap.org/node/13807541135,41.9762916,-87.8761178,Flock Safety,,,,flock_confirmed_by_osm_tag,,yes,,not available in OSM,60666,Chicago ZIP polygon,16,Chicago current district polygon,,ALPR,2026-05-08T02:46:53Z,1,182363028,https://www.openstreetmap.org/changeset/182363028,MisterFreeze,8420235,,,,skipped,,,,,,,,,,,"{""camera:type"": ""fixed"", ""description"": ""Flock PTZ camera"", ""man_made"": ""surveillance"", ""manufacturer"": ""Flock Safety"", ""manufacturer:wikidata"": ""Q108485435"", ""surveillance"": ""public"", ""surveillance:type"": ""ALPR"", ""surveillance:zone"": ""traffic""}","{""changeset"": 182363028, ""id"": 13807541135, ""lat"": 41.9762916, ""lon"": -87.8761178, ""tags"": {""camera:type"": ""fixed"", ""description"": ""Flock PTZ camera"", ""man_made"": ""surveillance"", ""manufacturer"": ""Flock Safety"", ""manufacturer:wikidata"": ""Q108485435"", ""surveillance"": ""public"", ""surveillance:type"": ""ALPR"", ""surveillance:zone"": ""traffic""}, ""timestamp"": ""2026-05-08T02:46:53Z"", ""type"": ""node"", ""uid"": 8420235, ""user"": ""MisterFreeze"", ""version"": 1}"
node,13836363302,https://www.openstreetmap.org/node/13836363302,41.8148109,-87.7432462,Flock Safety,,,,flock_confirmed_by_osm_tag,,yes,,not available in OSM,60632,Chicago ZIP polygon,8,Chicago current district polygon,0;0;0;347,ALPR,2026-05-16T18:34:25Z,1,182755207,https://www.openstreetmap.org/changeset/182755207,Metalmonger_013,24022378,,,,skipped,,,,,,,,,,,"{""camera:type"": ""fixed"", ""direction"": ""0;0;0;347"", ""man_made"": ""surveillance"", ""manufacturer"": ""Flock Safety"", ""manufacturer:wikidata"": ""Q108485435"", ""surveillance"": ""public"", ""surveillance:type"": ""ALPR"", ""surveillance:zone"": ""traffic""}","{""changeset"": 182755207, ""id"": 13836363302, ""lat"": 41.8148109, ""lon"": -87.7432462, ""tags"": {""camera:type"": ""fixed"", ""direction"": ""0;0;0;347"", ""man_made"": ""surveillance"", ""manufacturer"": ""Flock Safety"", ""manufacturer:wikidata"": ""Q108485435"", ""surveillance"": ""public"", ""surveillance:type"": ""ALPR"", ""surveillance:zone"": ""traffic""}, ""timestamp"": ""2026-05-16T18:34:25Z"", ""type"": ""node"", ""uid"": 24022378, ""user"": ""Metalmonger_013"", ""version"": 1}"
node,13836366601,https://www.openstreetmap.org/node/13836366601,41.8148437,-87.7435376,Flock Safety,,,,flock_confirmed_by_osm_tag,,yes,,not available in OSM,60638,Chicago ZIP polygon,8,Chicago current district polygon,160,ALPR,2026-05-16T18:34:54Z,1,182755223,https://www.openstreetmap.org/changeset/182755223,Metalmonger_013,24022378,,,,skipped,,,,,,,,,,,"{""camera:type"": ""fixed"", ""direction"": ""160"", ""man_made"": ""surveillance"", ""manufacturer"": ""Flock Safety"", ""manufacturer:wikidata"": ""Q108485435"", ""surveillance"": ""public"", ""surveillance:type"": ""ALPR"", ""surveillance:zone"": ""traffic""}","{""changeset"": 182755223, ""id"": 13836366601, ""lat"": 41.8148437, ""lon"": -87.7435376, ""tags"": {""camera:type"": ""fixed"", ""direction"": ""160"", ""man_made"": ""surveillance"", ""manufacturer"": ""Flock Safety"", ""manufacturer:wikidata"": ""Q108485435"", ""surveillance"": ""public"", ""surveillance:type"": ""ALPR"", ""surveillance:zone"": ""traffic""}, ""timestamp"": ""2026-05-16T18:34:54Z"", ""type"": ""node"", ""uid"": 24022378, ""user"": ""Metalmonger_013"", ""version"": 1}"
node,13894815601,https://www.openstreetmap.org/node/13894815601,41.874213,-87.6467264,Flock Safety,,,,flock_confirmed_by_osm_tag,,yes,,not available in OSM,60607,Chicago ZIP polygon,12,Chicago current district polygon,50,ALPR,2026-05-29T22:00:59Z,1,183376490,https://www.openstreetmap.org/changeset/183376490,ThePain,24168437,,,,skipped,,,,,,,,,,,"{""camera:mount"": ""pole"", ""camera:type"": ""fixed"", ""direction"": ""50"", ""man_made"": ""surveillance"", ""manufacturer"": ""Flock Safety"", ""manufacturer:wikidata"": ""Q108485435"", ""surveillance"": ""public"", ""surveillance:type"": ""ALPR"", ""surveillance:zone"": ""traffic""}","{""changeset"": 183376490, ""id"": 13894815601, ""lat"": 41.874213, ""lon"": -87.6467264, ""tags"": {""camera:mount"": ""pole"", ""camera:type"": ""fixed"", ""direction"": ""50"", ""man_made"": ""surveillance"", ""manufacturer"": ""Flock Safety"", ""manufacturer:wikidata"": ""Q108485435"", ""surveillance"": ""public"", ""surveillance:type"": ""ALPR"", ""surveillance:zone"": ""traffic""}, ""timestamp"": ""2026-05-29T22:00:59Z"", ""type"": ""node"", ""uid"": 24168437, ""user"": ""ThePain"", ""version"": 1}"
node,13902332917,https://www.openstreetmap.org/node/13902332917,41.7879177,-87.7415889,Flock Safety,,,,flock_confirmed_by_osm_tag,,yes,,not available in OSM,60629,Chicago ZIP polygon,8,Chicago current district polygon,160,ALPR,2026-06-01T18:02:58Z,1,183512368,https://www.openstreetmap.org/changeset/183512368,JJ_Chicago,24145294,,,,skipped,,,,,,,,,,,"{""camera:type"": ""fixed"", ""direction"": ""160"", ""man_made"": ""surveillance"", ""manufacturer"": ""Flock Safety"", ""manufacturer:wikidata"": ""Q108485435"", ""surveillance"": ""public"", ""surveillance:type"": ""ALPR"", ""surveillance:zone"": ""traffic""}","{""changeset"": 183512368, ""id"": 13902332917, ""lat"": 41.7879177, ""lon"": -87.7415889, ""tags"": {""camera:type"": ""fixed"", ""direction"": ""160"", ""man_made"": ""surveillance"", ""manufacturer"": ""Flock Safety"", ""manufacturer:wikidata"": ""Q108485435"", ""surveillance"": ""public"", ""surveillance:type"": ""ALPR"", ""surveillance:zone"": ""traffic""}, ""timestamp"": ""2026-06-01T18:02:58Z"", ""type"": ""node"", ""uid"": 24145294, ""user"": ""JJ_Chicago"", ""version"": 1}"
node,13956243501,https://www.openstreetmap.org/node/13956243501,41.7927129,-87.7403397,Flock Safety,,,,flock_confirmed_by_osm_tag,,yes,,not available in OSM,60629,Chicago ZIP polygon,8,Chicago current district polygon,180,ALPR,2026-06-21T20:31:49Z,1,184405404,https://www.openstreetmap.org/changeset/184405404,deflock2499,23970299,,,,skipped,,,,,,,,,,,"{""camera:type"": ""fixed"", ""direction"": ""180"", ""man_made"": ""surveillance"", ""manufacturer"": ""Flock Safety"", ""manufacturer:wikidata"": ""Q108485435"", ""surveillance"": ""public"", ""surveillance:type"": ""ALPR"", ""surveillance:zone"": ""traffic""}","{""changeset"": 184405404, ""id"": 13956243501, ""lat"": 41.7927129, ""lon"": -87.7403397, ""tags"": {""camera:type"": ""fixed"", ""direction"": ""180"", ""man_made"": ""surveillance"", ""manufacturer"": ""Flock Safety"", ""manufacturer:wikidata"": ""Q108485435"", ""surveillance"": ""public"", ""surveillance:type"": ""ALPR"", ""surveillance:zone"": ""traffic""}, ""timestamp"": ""2026-06-21T20:31:49Z"", ""type"": ""node"", ""uid"": 23970299, ""user"": ""deflock2499"", ""version"": 1}"
node,13959817001,https://www.openstreetmap.org/node/13959817001,41.8681363,-87.6512456,Flock Safety,,,,flock_confirmed_by_osm_tag,,yes,,not available in OSM,60607,Chicago ZIP polygon,12,Chicago current district polygon,133,ALPR,2026-06-23T11:30:54Z,1,184472471,https://www.openstreetmap.org/changeset/184472471,DirtyDan67,24242706,,,,skipped,,,,,,,,,,,"{""camera:type"": ""fixed"", ""direction"": ""133"", ""man_made"": ""surveillance"", ""manufacturer"": ""Flock Safety"", ""manufacturer:wikidata"": ""Q108485435"", ""surveillance"": ""public"", ""surveillance:type"": ""ALPR"", ""surveillance:zone"": ""traffic""}","{""changeset"": 184472471, ""id"": 13959817001, ""lat"": 41.8681363, ""lon"": -87.6512456, ""tags"": {""camera:type"": ""fixed"", ""direction"": ""133"", ""man_made"": ""surveillance"", ""manufacturer"": ""Flock Safety"", ""manufacturer:wikidata"": ""Q108485435"", ""surveillance"": ""public"", ""surveillance:type"": ""ALPR"", ""surveillance:zone"": ""traffic""}, ""timestamp"": ""2026-06-23T11:30:54Z"", ""type"": ""node"", ""uid"": 24242706, ""user"": ""DirtyDan67"", ""version"": 1}"
node,13960951501,https://www.openstreetmap.org/node/13960951501,41.928077,-87.7903476,Flock Safety,,,Lowe's,flock_confirmed_by_osm_tag,,yes,,not available in OSM,60707,Chicago ZIP polygon,25,Chicago current district polygon,0,ALPR,2026-06-23T22:18:57Z,1,184494869,https://www.openstreetmap.org/changeset/184494869,robertski454,24245290,,,,skipped,,,,,,,,,,,"{""camera:mount"": ""pole"", ""camera:type"": ""fixed"", ""direction"": ""0"", ""man_made"": ""surveillance"", ""manufacturer"": ""Flock Safety"", ""manufacturer:wikidata"": ""Q108485435"", ""operator"": ""Lowe's"", ""operator:type"": ""private"", ""operator:wikidata"": ""Q1373493"", ""surveillance"": ""public"", ""surveillance:type"": ""ALPR"", ""surveillance:zone"": ""traffic""}","{""changeset"": 184494869, ""id"": 13960951501, ""lat"": 41.928077, ""lon"": -87.7903476, ""tags"": {""camera:mount"": ""pole"", ""camera:type"": ""fixed"", ""direction"": ""0"", ""man_made"": ""surveillance"", ""manufacturer"": ""Flock Safety"", ""manufacturer:wikidata"": ""Q108485435"", ""operator"": ""Lowe's"", ""operator:type"": ""private"", ""operator:wikidata"": ""Q1373493"", ""surveillance"": ""public"", ""surveillance:type"": ""ALPR"", ""surveillance:zone"": ""traffic""}, ""timestamp"": ""2026-06-23T22:18:57Z"", ""type"": ""node"", ""uid"": 24245290, ""user"": ""robertski454"", ""version"": 1}"
node,13961068501,https://www.openstreetmap.org/node/13961068501,41.8697425,-87.6495996,Flock Safety,,,,flock_confirmed_by_osm_tag,,yes,,not available in OSM,60607,Chicago ZIP polygon,12,Chicago current district polygon,241,ALPR,2026-06-24T00:05:07Z,1,184497239,https://www.openstreetmap.org/changeset/184497239,definitelylegit,24245636,,,,skipped,,,,,,,,,,,"{""camera:type"": ""fixed"", ""direction"": ""241"", ""man_made"": ""surveillance"", ""manufacturer"": ""Flock Safety"", ""manufacturer:wikidata"": ""Q108485435"", ""surveillance"": ""public"", ""surveillance:type"": ""ALPR"", ""surveillance:zone"": ""traffic""}","{""changeset"": 184497239, ""id"": 13961068501, ""lat"": 41.8697425, ""lon"": -87.6495996, ""tags"": {""camera:type"": ""fixed"", ""direction"": ""241"", ""man_made"": ""surveillance"", ""manufacturer"": ""Flock Safety"", ""manufacturer:wikidata"": ""Q108485435"", ""surveillance"": ""public"", ""surveillance:type"": ""ALPR"", ""surveillance:zone"": ""traffic""}, ""timestamp"": ""2026-06-24T00:05:07Z"", ""type"": ""node"", ""uid"": 24245636, ""user"": ""definitelylegit"", ""version"": 1}"
node,13972988001,https://www.openstreetmap.org/node/13972988001,41.7366326,-87.630567,Flock Safety,,,,flock_confirmed_by_osm_tag,,yes,,not available in OSM,60620,Chicago ZIP polygon,6,Chicago current district polygon,0,ALPR,2026-06-28T19:16:05Z,1,184757564,https://www.openstreetmap.org/changeset/184757564,deflock2499,23970299,,,,skipped,,,,,,,,,,,"{""camera:type"": ""fixed"", ""direction"": ""0"", ""man_made"": ""surveillance"", ""manufacturer"": ""Flock Safety"", ""manufacturer:wikidata"": ""Q108485435"", ""surveillance"": ""public"", ""surveillance:type"": ""ALPR"", ""surveillance:zone"": ""traffic""}","{""changeset"": 184757564, ""id"": 13972988001, ""lat"": 41.7366326, ""lon"": -87.630567, ""tags"": {""camera:type"": ""fixed"", ""direction"": ""0"", ""man_made"": ""surveillance"", ""manufacturer"": ""Flock Safety"", ""manufacturer:wikidata"": ""Q108485435"", ""surveillance"": ""public"", ""surveillance:type"": ""ALPR"", ""surveillance:zone"": ""traffic""}, ""timestamp"": ""2026-06-28T19:16:05Z"", ""type"": ""node"", ""uid"": 23970299, ""user"": ""deflock2499"", ""version"": 1}"
node,13972988002,https://www.openstreetmap.org/node/13972988002,41.7366306,-87.6305773,Flock Safety,,,,flock_confirmed_by_osm_tag,,yes,,not available in OSM,60620,Chicago ZIP polygon,6,Chicago current district polygon,172,ALPR,2026-06-28T19:16:23Z,1,184757582,https://www.openstreetmap.org/changeset/184757582,deflock2499,23970299,,,,skipped,,,,,,,,,,,"{""camera:type"": ""fixed"", ""direction"": ""172"", ""man_made"": ""surveillance"", ""manufacturer"": ""Flock Safety"", ""manufacturer:wikidata"": ""Q108485435"", ""surveillance"": ""public"", ""surveillance:type"": ""ALPR"", ""surveillance:zone"": ""traffic""}","{""changeset"": 184757582, ""id"": 13972988002, ""lat"": 41.7366306, ""lon"": -87.6305773, ""tags"": {""camera:type"": ""fixed"", ""direction"": ""172"", ""man_made"": ""surveillance"", ""manufacturer"": ""Flock Safety"", ""manufacturer:wikidata"": ""Q108485435"", ""surveillance"": ""public"", ""surveillance:type"": ""ALPR"", ""surveillance:zone"": ""traffic""}, ""timestamp"": ""2026-06-28T19:16:23Z"", ""type"": ""node"", ""uid"": 23970299, ""user"": ""deflock2499"", ""version"": 1}"
node,13988710601,https://www.openstreetmap.org/node/13988710601,41.8089744,-87.6382887,Flock Safety,,,,flock_confirmed_by_osm_tag,,yes,,not available in OSM,60609,Chicago ZIP polygon,9,Chicago current district polygon,69,ALPR,2026-07-04T19:19:18Z,1,185107383,https://www.openstreetmap.org/changeset/185107383,johndoe2212,24279313,,,,skipped,,,,,,,,,,,"{""camera:type"": ""fixed"", ""direction"": ""69"", ""man_made"": ""surveillance"", ""manufacturer"": ""Flock Safety"", ""manufacturer:wikidata"": ""Q108485435"", ""surveillance"": ""public"", ""surveillance:type"": ""ALPR"", ""surveillance:zone"": ""traffic""}","{""changeset"": 185107383, ""id"": 13988710601, ""lat"": 41.8089744, ""lon"": -87.6382887, ""tags"": {""camera:type"": ""fixed"", ""direction"": ""69"", ""man_made"": ""surveillance"", ""manufacturer"": ""Flock Safety"", ""manufacturer:wikidata"": ""Q108485435"", ""surveillance"": ""public"", ""surveillance:type"": ""ALPR"", ""surveillance:zone"": ""traffic""}, ""timestamp"": ""2026-07-04T19:19:18Z"", ""type"": ""node"", ""uid"": 24279313, ""user"": ""johndoe2212"", ""version"": 1}"
node,13996435528,https://www.openstreetmap.org/node/13996435528,41.8655645,-87.695797,Flock Safety,,,,flock_confirmed_by_osm_tag,,yes,,not available in OSM,60608,Chicago ZIP polygon,10,Chicago current district polygon,0,ALPR,2026-07-07T23:14:10Z,1,185303463,https://www.openstreetmap.org/changeset/185303463,misterfrog,24042813,,,,skipped,,,,,,,,,,,"{""camera:mount"": ""pole"", ""camera:type"": ""fixed"", ""direction"": ""0"", ""man_made"": ""surveillance"", ""manufacturer"": ""Flock Safety"", ""manufacturer:wikidata"": ""Q108485435"", ""surveillance"": ""public"", ""surveillance:type"": ""ALPR"", ""surveillance:zone"": ""traffic""}","{""changeset"": 185303463, ""id"": 13996435528, ""lat"": 41.8655645, ""lon"": -87.695797, ""tags"": {""camera:mount"": ""pole"", ""camera:type"": ""fixed"", ""direction"": ""0"", ""man_made"": ""surveillance"", ""manufacturer"": ""Flock Safety"", ""manufacturer:wikidata"": ""Q108485435"", ""surveillance"": ""public"", ""surveillance:type"": ""ALPR"", ""surveillance:zone"": ""traffic""}, ""timestamp"": ""2026-07-07T23:14:10Z"", ""type"": ""node"", ""uid"": 24042813, ""user"": ""misterfrog"", ""version"": 1}"
node,13996560102,https://www.openstreetmap.org/node/13996560102,41.9800446,-87.8859915,Flock Safety,,,,flock_confirmed_by_osm_tag,,yes,,not available in OSM,60666,Chicago ZIP polygon,16,Chicago current district polygon,132,ALPR,2026-07-08T00:28:46Z,1,185306849,https://www.openstreetmap.org/changeset/185306849,johndoe2212,24279313,,,,skipped,,,,,,,,,,,"{""camera:type"": ""fixed"", ""direction"": ""132"", ""man_made"": ""surveillance"", ""manufacturer"": ""Flock Safety"", ""manufacturer:wikidata"": ""Q108485435"", ""surveillance"": ""public"", ""surveillance:type"": ""ALPR"", ""surveillance:zone"": ""traffic""}","{""changeset"": 185306849, ""id"": 13996560102, ""lat"": 41.9800446, ""lon"": -87.8859915, ""tags"": {""camera:type"": ""fixed"", ""direction"": ""132"", ""man_made"": ""surveillance"", ""manufacturer"": ""Flock Safety"", ""manufacturer:wikidata"": ""Q108485435"", ""surveillance"": ""public"", ""surveillance:type"": ""ALPR"", ""surveillance:zone"": ""traffic""}, ""timestamp"": ""2026-07-08T00:28:46Z"", ""type"": ""node"", ""uid"": 24279313, ""user"": ""johndoe2212"", ""version"": 1}"
node,14014762188,https://www.openstreetmap.org/node/14014762188,41.874471,-87.647369,Flock Safety,,,,flock_confirmed_by_osm_tag,,yes,,not available in OSM,60607,Chicago ZIP polygon,12,Chicago current district polygon,230,ALPR,2026-07-14T14:36:59Z,1,185721476,https://www.openstreetmap.org/changeset/185721476,Truenocity,22882634,,,,skipped,,,,,,,,,,,"{""camera:mount"": ""pole"", ""camera:type"": ""fixed"", ""direction"": ""230"", ""man_made"": ""surveillance"", ""manufacturer"": ""Flock Safety"", ""manufacturer:wikidata"": ""Q108485435"", ""surveillance"": ""public"", ""surveillance:type"": ""ALPR"", ""surveillance:zone"": ""traffic""}","{""changeset"": 185721476, ""id"": 14014762188, ""lat"": 41.874471, ""lon"": -87.647369, ""tags"": {""camera:mount"": ""pole"", ""camera:type"": ""fixed"", ""direction"": ""230"", ""man_made"": ""surveillance"", ""manufacturer"": ""Flock Safety"", ""manufacturer:wikidata"": ""Q108485435"", ""surveillance"": ""public"", ""surveillance:type"": ""ALPR"", ""surveillance:zone"": ""traffic""}, ""timestamp"": ""2026-07-14T14:36:59Z"", ""type"": ""node"", ""uid"": 22882634, ""user"": ""Truenocity"", ""version"": 1}"
node,14029738501,https://www.openstreetmap.org/node/14029738501,41.7212088,-87.6728697,Flock Safety,,,,flock_confirmed_by_osm_tag,,yes,,not available in OSM,60643,Chicago ZIP polygon,22,Chicago current district polygon,147,ALPR,2026-07-20T21:22:21Z,1,186084194,https://www.openstreetmap.org/changeset/186084194,Mikey10133,24332576,,,,skipped,,,,,,,,,,,"{""camera:type"": ""fixed"", ""direction"": ""147"", ""man_made"": ""surveillance"", ""manufacturer"": ""Flock Safety"", ""manufacturer:wikidata"": ""Q108485435"", ""surveillance"": ""public"", ""surveillance:type"": ""ALPR"", ""surveillance:zone"": ""traffic""}","{""changeset"": 186084194, ""id"": 14029738501, ""lat"": 41.7212088, ""lon"": -87.6728697, ""tags"": {""camera:type"": ""fixed"", ""direction"": ""147"", ""man_made"": ""surveillance"", ""manufacturer"": ""Flock Safety"", ""manufacturer:wikidata"": ""Q108485435"", ""surveillance"": ""public"", ""surveillance:type"": ""ALPR"", ""surveillance:zone"": ""traffic""}, ""timestamp"": ""2026-07-20T21:22:21Z"", ""type"": ""node"", ""uid"": 24332576, ""user"": ""Mikey10133"", ""version"": 1}"
node,14029774101,https://www.openstreetmap.org/node/14029774101,41.7212088,-87.6728697,Flock Safety,,,,flock_confirmed_by_osm_tag,,yes,,not available in OSM,60643,Chicago ZIP polygon,22,Chicago current district polygon,0,ALPR,2026-07-20T21:46:21Z,1,186084930,https://www.openstreetmap.org/changeset/186084930,Mikey10133,24332576,,,,skipped,,,,,,,,,,,"{""camera:type"": ""fixed"", ""direction"": ""0"", ""man_made"": ""surveillance"", ""manufacturer"": ""Flock Safety"", ""manufacturer:wikidata"": ""Q108485435"", ""surveillance"": ""public"", ""surveillance:type"": ""ALPR"", ""surveillance:zone"": ""traffic""}","{""changeset"": 186084930, ""id"": 14029774101, ""lat"": 41.7212088, ""lon"": -87.6728697, ""tags"": {""camera:type"": ""fixed"", ""direction"": ""0"", ""man_made"": ""surveillance"", ""manufacturer"": ""Flock Safety"", ""manufacturer:wikidata"": ""Q108485435"", ""surveillance"": ""public"", ""surveillance:type"": ""ALPR"", ""surveillance:zone"": ""traffic""}, ""timestamp"": ""2026-07-20T21:46:21Z"", ""type"": ""node"", ""uid"": 24332576, ""user"": ""Mikey10133"", ""version"": 1}"
node,14038507269,https://www.openstreetmap.org/node/14038507269,41.9458278,-87.7129256,Flock Safety,,Flock Falcon,The Home Depot,flock_confirmed_by_osm_tag,,yes,,not available in OSM,60618,Chicago ZIP polygon,17,Chicago current district polygon,190,ALPR,2026-07-22T05:05:26Z,1,186155794,https://www.openstreetmap.org/changeset/186155794,elijah432,24336598,,,,skipped,,,,,,,,,,,"{""camera:mount"": ""pole"", ""camera:type"": ""fixed"", ""direction"": ""190"", ""electricity"": ""solar"", ""man_made"": ""surveillance"", ""manufacturer"": ""Flock Safety"", ""manufacturer:wikidata"": ""Q108485435"", ""model"": ""Flock Falcon"", ""model:wikidata"": ""Q139104098"", ""operator"": ""The Home Depot"", ""operator:wikidata"": ""Q864407"", ""owner"": ""Flock Safety"", ""owner:wikidata"": ""Q108485435"", ""surveillance"": ""outdoor"", ""surveillance:type"": ""ALPR"", ""surveillance:zone"": ""parking""}","{""changeset"": 186155794, ""id"": 14038507269, ""lat"": 41.9458278, ""lon"": -87.7129256, ""tags"": {""camera:mount"": ""pole"", ""camera:type"": ""fixed"", ""direction"": ""190"", ""electricity"": ""solar"", ""man_made"": ""surveillance"", ""manufacturer"": ""Flock Safety"", ""manufacturer:wikidata"": ""Q108485435"", ""model"": ""Flock Falcon"", ""model:wikidata"": ""Q139104098"", ""operator"": ""The Home Depot"", ""operator:wikidata"": ""Q864407"", ""owner"": ""Flock Safety"", ""owner:wikidata"": ""Q108485435"", ""surveillance"": ""outdoor"", ""surveillance:type"": ""ALPR"", ""surveillance:zone"": ""parking""}, ""timestamp"": ""2026-07-22T05:05:26Z"", ""type"": ""node"", ""uid"": 24336598, ""user"": ""elijah432"", ""version"": 1}"
node,14038507270,https://www.openstreetmap.org/node/14038507270,41.9458278,-87.7129231,Flock Safety,,Flock Falcon,The Home Depot,flock_confirmed_by_osm_tag,,yes,,not available in OSM,60618,Chicago ZIP polygon,17,Chicago current district polygon,280,ALPR,2026-07-22T05:05:26Z,1,186155794,https://www.openstreetmap.org/changeset/186155794,elijah432,24336598,,,,skipped,,,,,,,,,,,"{""camera:mount"": ""pole"", ""camera:type"": ""fixed"", ""direction"": ""280"", ""electricity"": ""solar"", ""man_made"": ""surveillance"", ""manufacturer"": ""Flock Safety"", ""manufacturer:wikidata"": ""Q108485435"", ""model"": ""Flock Falcon"", ""model:wikidata"": ""Q139104098"", ""operator"": ""The Home Depot"", ""operator:wikidata"": ""Q864407"", ""owner"": ""Flock Safety"", ""owner:wikidata"": ""Q108485435"", ""surveillance"": ""outdoor"", ""surveillance:type"": ""ALPR"", ""surveillance:zone"": ""parking""}","{""changeset"": 186155794, ""id"": 14038507270, ""lat"": 41.9458278, ""lon"": -87.7129231, ""tags"": {""camera:mount"": ""pole"", ""camera:type"": ""fixed"", ""direction"": ""280"", ""electricity"": ""solar"", ""man_made"": ""surveillance"", ""manufacturer"": ""Flock Safety"", ""manufacturer:wikidata"": ""Q108485435"", ""model"": ""Flock Falcon"", ""model:wikidata"": ""Q139104098"", ""operator"": ""The Home Depot"", ""operator:wikidata"": ""Q864407"", ""owner"": ""Flock Safety"", ""owner:wikidata"": ""Q108485435"", ""surveillance"": ""outdoor"", ""surveillance:type"": ""ALPR"", ""surveillance:zone"": ""parking""}, ""timestamp"": ""2026-07-22T05:05:26Z"", ""type"": ""node"", ""uid"": 24336598, ""user"": ""elijah432"", ""version"": 1}"
node,14038507271,https://www.openstreetmap.org/node/14038507271,41.9463846,-87.7138538,Flock Safety,,Flock Falcon,The Home Depot,flock_confirmed_by_osm_tag,,yes,,not available in OSM,60618,Chicago ZIP polygon,17,Chicago current district polygon,190,ALPR,2026-07-22T05:05:26Z,1,186155794,https://www.openstreetmap.org/changeset/186155794,elijah432,24336598,,,,skipped,,,,,,,,,,,"{""camera:mount"": ""pole"", ""camera:type"": ""fixed"", ""direction"": ""190"", ""electricity"": ""solar"", ""man_made"": ""surveillance"", ""manufacturer"": ""Flock Safety"", ""manufacturer:wikidata"": ""Q108485435"", ""model"": ""Flock Falcon"", ""model:wikidata"": ""Q139104098"", ""operator"": ""The Home Depot"", ""operator:wikidata"": ""Q864407"", ""owner"": ""Flock Safety"", ""owner:wikidata"": ""Q108485435"", ""surveillance"": ""outdoor"", ""surveillance:type"": ""ALPR"", ""surveillance:zone"": ""parking""}","{""changeset"": 186155794, ""id"": 14038507271, ""lat"": 41.9463846, ""lon"": -87.7138538, ""tags"": {""camera:mount"": ""pole"", ""camera:type"": ""fixed"", ""direction"": ""190"", ""electricity"": ""solar"", ""man_made"": ""surveillance"", ""manufacturer"": ""Flock Safety"", ""manufacturer:wikidata"": ""Q108485435"", ""model"": ""Flock Falcon"", ""model:wikidata"": ""Q139104098"", ""operator"": ""The Home Depot"", ""operator:wikidata"": ""Q864407"", ""owner"": ""Flock Safety"", ""owner:wikidata"": ""Q108485435"", ""surveillance"": ""outdoor"", ""surveillance:type"": ""ALPR"", ""surveillance:zone"": ""parking""}, ""timestamp"": ""2026-07-22T05:05:26Z"", ""type"": ""node"", ""uid"": 24336598, ""user"": ""elijah432"", ""version"": 1}"
node,14038507272,https://www.openstreetmap.org/node/14038507272,41.9463108,-87.7140753,Flock Safety,,Flock Raven,The Home Depot,flock_confirmed_by_osm_tag,,yes,,not available in OSM,60618,Chicago ZIP polygon,17,Chicago current district polygon,,gunshot_detector,2026-07-22T05:05:26Z,1,186155794,https://www.openstreetmap.org/changeset/186155794,elijah432,24336598,,,,skipped,,,,,,,,,,,"{""electricity"": ""solar"", ""man_made"": ""surveillance"", ""manufacturer"": ""Flock Safety"", ""manufacturer:wikidata"": ""Q108485435"", ""model"": ""Flock Raven"", ""model:wikidata"": ""Q139095596"", ""operator"": ""The Home Depot"", ""operator:wikidata"": ""Q864407"", ""owner"": ""Flock Safety"", ""owner:wikidata"": ""Q108485435"", ""surveillance"": ""outdoor"", ""surveillance:type"": ""gunshot_detector"", ""surveillance:zone"": ""parking""}","{""changeset"": 186155794, ""id"": 14038507272, ""lat"": 41.9463108, ""lon"": -87.7140753, ""tags"": {""electricity"": ""solar"", ""man_made"": ""surveillance"", ""manufacturer"": ""Flock Safety"", ""manufacturer:wikidata"": ""Q108485435"", ""model"": ""Flock Raven"", ""model:wikidata"": ""Q139095596"", ""operator"": ""The Home Depot"", ""operator:wikidata"": ""Q864407"", ""owner"": ""Flock Safety"", ""owner:wikidata"": ""Q108485435"", ""surveillance"": ""outdoor"", ""surveillance:type"": ""gunshot_detector"", ""surveillance:zone"": ""parking""}, ""timestamp"": ""2026-07-22T05:05:26Z"", ""type"": ""node"", ""uid"": 24336598, ""user"": ""elijah432"", ""version"": 1}"
node,14038507273,https://www.openstreetmap.org/node/14038507273,41.9458043,-87.7130936,Flock Safety,,Flock Raven,The Home Depot,flock_confirmed_by_osm_tag,,yes,,not available in OSM,60618,Chicago ZIP polygon,17,Chicago current district polygon,,gunshot_detector,2026-07-22T05:05:26Z,1,186155794,https://www.openstreetmap.org/changeset/186155794,elijah432,24336598,,,,skipped,,,,,,,,,,,"{""electricity"": ""solar"", ""man_made"": ""surveillance"", ""manufacturer"": ""Flock Safety"", ""manufacturer:wikidata"": ""Q108485435"", ""model"": ""Flock Raven"", ""model:wikidata"": ""Q139095596"", ""operator"": ""The Home Depot"", ""operator:wikidata"": ""Q864407"", ""owner"": ""Flock Safety"", ""owner:wikidata"": ""Q108485435"", ""surveillance"": ""outdoor"", ""surveillance:type"": ""gunshot_detector"", ""surveillance:zone"": ""parking""}","{""changeset"": 186155794, ""id"": 14038507273, ""lat"": 41.9458043, ""lon"": -87.7130936, ""tags"": {""electricity"": ""solar"", ""man_made"": ""surveillance"", ""manufacturer"": ""Flock Safety"", ""manufacturer:wikidata"": ""Q108485435"", ""model"": ""Flock Raven"", ""model:wikidata"": ""Q139095596"", ""operator"": ""The Home Depot"", ""operator:wikidata"": ""Q864407"", ""owner"": ""Flock Safety"", ""owner:wikidata"": ""Q108485435"", ""surveillance"": ""outdoor"", ""surveillance:type"": ""gunshot_detector"", ""surveillance:zone"": ""parking""}, ""timestamp"": ""2026-07-22T05:05:26Z"", ""type"": ""node"", ""uid"": 24336598, ""user"": ""elijah432"", ""version"": 1}"
node,14038507274,https://www.openstreetmap.org/node/14038507274,41.945801,-87.713539,Flock Safety,,Flock Raven,The Home Depot,flock_confirmed_by_osm_tag,,yes,,not available in OSM,60618,Chicago ZIP polygon,17,Chicago current district polygon,,gunshot_detector,2026-07-22T05:05:26Z,1,186155794,https://www.openstreetmap.org/changeset/186155794,elijah432,24336598,,,,skipped,,,,,,,,,,,"{""electricity"": ""solar"", ""man_made"": ""surveillance"", ""manufacturer"": ""Flock Safety"", ""manufacturer:wikidata"": ""Q108485435"", ""model"": ""Flock Raven"", ""model:wikidata"": ""Q139095596"", ""operator"": ""The Home Depot"", ""operator:wikidata"": ""Q864407"", ""owner"": ""Flock Safety"", ""owner:wikidata"": ""Q108485435"", ""surveillance"": ""outdoor"", ""surveillance:type"": ""gunshot_detector"", ""surveillance:zone"": ""parking""}","{""changeset"": 186155794, ""id"": 14038507274, ""lat"": 41.945801, ""lon"": -87.713539, ""tags"": {""electricity"": ""solar"", ""man_made"": ""surveillance"", ""manufacturer"": ""Flock Safety"", ""manufacturer:wikidata"": ""Q108485435"", ""model"": ""Flock Raven"", ""model:wikidata"": ""Q139095596"", ""operator"": ""The Home Depot"", ""operator:wikidata"": ""Q864407"", ""owner"": ""Flock Safety"", ""owner:wikidata"": ""Q108485435"", ""surveillance"": ""outdoor"", ""surveillance:type"": ""gunshot_detector"", ""surveillance:zone"": ""parking""}, ""timestamp"": ""2026-07-22T05:05:26Z"", ""type"": ""node"", ""uid"": 24336598, ""user"": ""elijah432"", ""version"": 1}"
node,14038507275,https://www.openstreetmap.org/node/14038507275,41.9448638,-87.713065,Flock Safety,,Flock Raven,The Home Depot,flock_confirmed_by_osm_tag,,yes,,not available in OSM,60618,Chicago ZIP polygon,17,Chicago current district polygon,,gunshot_detector,2026-07-22T05:05:26Z,1,186155794,https://www.openstreetmap.org/changeset/186155794,elijah432,24336598,,,,skipped,,,,,,,,,,,"{""electricity"": ""solar"", ""man_made"": ""surveillance"", ""manufacturer"": ""Flock Safety"", ""manufacturer:wikidata"": ""Q108485435"", ""model"": ""Flock Raven"", ""model:wikidata"": ""Q139095596"", ""operator"": ""The Home Depot"", ""operator:wikidata"": ""Q864407"", ""owner"": ""Flock Safety"", ""owner:wikidata"": ""Q108485435"", ""surveillance"": ""outdoor"", ""surveillance:type"": ""gunshot_detector"", ""surveillance:zone"": ""parking""}","{""changeset"": 186155794, ""id"": 14038507275, ""lat"": 41.9448638, ""lon"": -87.713065, ""tags"": {""electricity"": ""solar"", ""man_made"": ""surveillance"", ""manufacturer"": ""Flock Safety"", ""manufacturer:wikidata"": ""Q108485435"", ""model"": ""Flock Raven"", ""model:wikidata"": ""Q139095596"", ""operator"": ""The Home Depot"", ""operator:wikidata"": ""Q864407"", ""owner"": ""Flock Safety"", ""owner:wikidata"": ""Q108485435"", ""surveillance"": ""outdoor"", ""surveillance:type"": ""gunshot_detector"", ""surveillance:zone"": ""parking""}, ""timestamp"": ""2026-07-22T05:05:26Z"", ""type"": ""node"", ""uid"": 24336598, ""user"": ""elijah432"", ""version"": 1}"
node,14052090605,https://www.openstreetmap.org/node/14052090605,41.8674266,-87.6467103,Flock Safety,,,,flock_confirmed_by_osm_tag,,yes,,not available in OSM,60607,Chicago ZIP polygon,12,Chicago current district polygon,310,ALPR,2026-07-26T18:14:44Z,1,186415725,https://www.openstreetmap.org/changeset/186415725,Truenocity,22882634,,,,skipped,,,,,,,,,,,"{""direction"": ""310"", ""man_made"": ""surveillance"", ""manufacturer"": ""Flock Safety"", ""manufacturer:wikidata"": ""Q108485435"", ""surveillance"": ""public"", ""surveillance:type"": ""ALPR"", ""surveillance:zone"": ""traffic""}","{""changeset"": 186415725, ""id"": 14052090605, ""lat"": 41.8674266, ""lon"": -87.6467103, ""tags"": {""direction"": ""310"", ""man_made"": ""surveillance"", ""manufacturer"": ""Flock Safety"", ""manufacturer:wikidata"": ""Q108485435"", ""surveillance"": ""public"", ""surveillance:type"": ""ALPR"", ""surveillance:zone"": ""traffic""}, ""timestamp"": ""2026-07-26T18:14:44Z"", ""type"": ""node"", ""uid"": 22882634, ""user"": ""Truenocity"", ""version"": 1}"
node,14061955001,https://www.openstreetmap.org/node/14061955001,41.8440551,-87.7343846,Flock Safety,,,,flock_confirmed_by_osm_tag,,yes,,not available in OSM,60623,Chicago ZIP polygon,10,Chicago current district polygon,287,ALPR,2026-07-30T16:04:23Z,1,186653758,https://www.openstreetmap.org/changeset/186653758,Hr123$,24368236,,,,skipped,,,,,,,,,,,"{""camera:type"": ""fixed"", ""direction"": ""287"", ""man_made"": ""surveillance"", ""manufacturer"": ""Flock Safety"", ""manufacturer:wikidata"": ""Q108485435"", ""surveillance"": ""public"", ""surveillance:type"": ""ALPR"", ""surveillance:zone"": ""traffic""}","{""changeset"": 186653758, ""id"": 14061955001, ""lat"": 41.8440551, ""lon"": -87.7343846, ""tags"": {""camera:type"": ""fixed"", ""direction"": ""287"", ""man_made"": ""surveillance"", ""manufacturer"": ""Flock Safety"", ""manufacturer:wikidata"": ""Q108485435"", ""surveillance"": ""public"", ""surveillance:type"": ""ALPR"", ""surveillance:zone"": ""traffic""}, ""timestamp"": ""2026-07-30T16:04:23Z"", ""type"": ""node"", ""uid"": 24368236, ""user"": ""Hr123$"", ""version"": 1}"
node,14071403902,https://www.openstreetmap.org/node/14071403902,41.8096909,-87.6836277,Flock Safety,,,,flock_confirmed_by_osm_tag,,yes,,not available in OSM,60609,Chicago ZIP polygon,9,Chicago current district polygon,58,ALPR,2026-08-03T21:24:21Z,1,186892728,https://www.openstreetmap.org/changeset/186892728,JustADudeSomeWhere,24381826,,,,skipped,,,,,,,,,,,"{""camera:type"": ""fixed"", ""direction"": ""58"", ""man_made"": ""surveillance"", ""manufacturer"": ""Flock Safety"", ""manufacturer:wikidata"": ""Q108485435"", ""surveillance"": ""public"", ""surveillance:type"": ""ALPR"", ""surveillance:zone"": ""traffic""}","{""changeset"": 186892728, ""id"": 14071403902, ""lat"": 41.8096909, ""lon"": -87.6836277, ""tags"": {""camera:type"": ""fixed"", ""direction"": ""58"", ""man_made"": ""surveillance"", ""manufacturer"": ""Flock Safety"", ""manufacturer:wikidata"": ""Q108485435"", ""surveillance"": ""public"", ""surveillance:type"": ""ALPR"", ""surveillance:zone"": ""traffic""}, ""timestamp"": ""2026-08-03T21:24:21Z"", ""type"": ""node"", ""uid"": 24381826, ""user"": ""JustADudeSomeWhere"", ""version"": 1}"
node,14073735861,https://www.openstreetmap.org/node/14073735861,41.875254,-87.656756,Flock Safety,,Flock Falcon,University of Illinois Chicago,flock_confirmed_by_osm_tag,,yes,,not available in OSM,60607,Chicago ZIP polygon,12,Chicago current district polygon,70,ALPR,2026-08-04T22:37:48Z,1,186950349,https://www.openstreetmap.org/changeset/186950349,elijah432,24336598,,,,skipped,,,,,,,,,,,"{""camera:mount"": ""pole"", ""camera:type"": ""fixed"", ""direction"": ""70"", ""electricity"": ""solar"", ""man_made"": ""surveillance"", ""manufacturer"": ""Flock Safety"", ""manufacturer:wikidata"": ""Q108485435"", ""model"": ""Flock Falcon"", ""model:wikidata"": ""Q139104098"", ""operator"": ""University of Illinois Chicago"", ""operator:wikidata"": ""Q955764"", ""owner"": ""Flock Safety"", ""owner:wikidata"": ""Q108485435"", ""surveillance"": ""public"", ""surveillance:type"": ""ALPR"", ""surveillance:zone"": ""traffic""}","{""changeset"": 186950349, ""id"": 14073735861, ""lat"": 41.875254, ""lon"": -87.656756, ""tags"": {""camera:mount"": ""pole"", ""camera:type"": ""fixed"", ""direction"": ""70"", ""electricity"": ""solar"", ""man_made"": ""surveillance"", ""manufacturer"": ""Flock Safety"", ""manufacturer:wikidata"": ""Q108485435"", ""model"": ""Flock Falcon"", ""model:wikidata"": ""Q139104098"", ""operator"": ""University of Illinois Chicago"", ""operator:wikidata"": ""Q955764"", ""owner"": ""Flock Safety"", ""owner:wikidata"": ""Q108485435"", ""surveillance"": ""public"", ""surveillance:type"": ""ALPR"", ""surveillance:zone"": ""traffic""}, ""timestamp"": ""2026-08-04T22:37:48Z"", ""type"": ""node"", ""uid"": 24336598, ""user"": ""elijah432"", ""version"": 1}"
node,14073735862,https://www.openstreetmap.org/node/14073735862,41.874172,-87.6565699,Flock Safety,,Flock Falcon,University of Illinois Chicago,flock_confirmed_by_osm_tag,,yes,,not available in OSM,60607,Chicago ZIP polygon,12,Chicago current district polygon,70,ALPR,2026-08-04T22:37:48Z,1,186950349,https://www.openstreetmap.org/changeset/186950349,elijah432,24336598,,,,skipped,,,,,,,,,,,"{""camera:mount"": ""pole"", ""camera:type"": ""fixed"", ""direction"": ""70"", ""electricity"": ""solar"", ""man_made"": ""surveillance"", ""manufacturer"": ""Flock Safety"", ""manufacturer:wikidata"": ""Q108485435"", ""model"": ""Flock Falcon"", ""model:wikidata"": ""Q139104098"", ""operator"": ""University of Illinois Chicago"", ""operator:wikidata"": ""Q955764"", ""owner"": ""Flock Safety"", ""owner:wikidata"": ""Q108485435"", ""surveillance"": ""public"", ""surveillance:type"": ""ALPR"", ""surveillance:zone"": ""traffic""}","{""changeset"": 186950349, ""id"": 14073735862, ""lat"": 41.874172, ""lon"": -87.6565699, ""tags"": {""camera:mount"": ""pole"", ""camera:type"": ""fixed"", ""direction"": ""70"", ""electricity"": ""solar"", ""man_made"": ""surveillance"", ""manufacturer"": ""Flock Safety"", ""manufacturer:wikidata"": ""Q108485435"", ""model"": ""Flock Falcon"", ""model:wikidata"": ""Q139104098"", ""operator"": ""University of Illinois Chicago"", ""operator:wikidata"": ""Q955764"", ""owner"": ""Flock Safety"", ""owner:wikidata"": ""Q108485435"", ""surveillance"": ""public"", ""surveillance:type"": ""ALPR"", ""surveillance:zone"": ""traffic""}, ""timestamp"": ""2026-08-04T22:37:48Z"", ""type"": ""node"", ""uid"": 24336598, ""user"": ""elijah432"", ""version"": 1}"
node,14087944801,https://www.openstreetmap.org/node/14087944801,41.6848739,-87.7199387,Flock Safety,,,,flock_confirmed_by_osm_tag,,yes,,not available in OSM,60655,Chicago ZIP polygon,22,Chicago current district polygon,0;0,ALPR,2026-08-11T16:02:16Z,1,187294625,https://www.openstreetmap.org/changeset/187294625,Dontatmebro,24408539,,,,skipped,,,,,,,,,,,"{""camera:type"": ""fixed"", ""direction"": ""0;0"", ""man_made"": ""surveillance"", ""manufacturer"": ""Flock Safety"", ""manufacturer:wikidata"": ""Q108485435"", ""surveillance"": ""public"", ""surveillance:type"": ""ALPR"", ""surveillance:zone"": ""traffic""}","{""changeset"": 187294625, ""id"": 14087944801, ""lat"": 41.6848739, ""lon"": -87.7199387, ""tags"": {""camera:type"": ""fixed"", ""direction"": ""0;0"", ""man_made"": ""surveillance"", ""manufacturer"": ""Flock Safety"", ""manufacturer:wikidata"": ""Q108485435"", ""surveillance"": ""public"", ""surveillance:type"": ""ALPR"", ""surveillance:zone"": ""traffic""}, ""timestamp"": ""2026-08-11T16:02:16Z"", ""type"": ""node"", ""uid"": 24408539, ""user"": ""Dontatmebro"", ""version"": 1}"
node,14093601601,https://www.openstreetmap.org/node/14093601601,41.7640542,-87.7225044,Flock Safety,,,,flock_confirmed_by_osm_tag,,yes,,not available in OSM,60629,Chicago ZIP polygon,8,Chicago current district polygon,166,ALPR,2026-08-14T01:58:55Z,1,187418675,https://www.openstreetmap.org/changeset/187418675,Chicagobusybody,24417662,,,,skipped,,,,,,,,,,,"{""camera:type"": ""fixed"", ""direction"": ""166"", ""man_made"": ""surveillance"", ""manufacturer"": ""Flock Safety"", ""manufacturer:wikidata"": ""Q108485435"", ""surveillance"": ""public"", ""surveillance:type"": ""ALPR"", ""surveillance:zone"": ""traffic""}","{""changeset"": 187418675, ""id"": 14093601601, ""lat"": 41.7640542, ""lon"": -87.7225044, ""tags"": {""camera:type"": ""fixed"", ""direction"": ""166"", ""man_made"": ""surveillance"", ""manufacturer"": ""Flock Safety"", ""manufacturer:wikidata"": ""Q108485435"", ""surveillance"": ""public"", ""surveillance:type"": ""ALPR"", ""surveillance:zone"": ""traffic""}, ""timestamp"": ""2026-08-14T01:58:55Z"", ""type"": ""node"", ""uid"": 24417662, ""user"": ""Chicagobusybody"", ""version"": 1}"
node,14094667401,https://www.openstreetmap.org/node/14094667401,41.9303977,-87.7268999,Flock Safety,,,,flock_confirmed_by_osm_tag,,yes,,not available in OSM,60647,Chicago ZIP polygon,25,Chicago current district polygon,316,ALPR,2026-08-14T14:17:54Z,1,187445796,https://www.openstreetmap.org/changeset/187445796,W4vyID,24419327,,,,skipped,,,,,,,,,,,"{""camera:type"": ""fixed"", ""direction"": ""316"", ""man_made"": ""surveillance"", ""manufacturer"": ""Flock Safety"", ""manufacturer:wikidata"": ""Q108485435"", ""surveillance"": ""public"", ""surveillance:type"": ""ALPR"", ""surveillance:zone"": ""traffic""}","{""changeset"": 187445796, ""id"": 14094667401, ""lat"": 41.9303977, ""lon"": -87.7268999, ""tags"": {""camera:type"": ""fixed"", ""direction"": ""316"", ""man_made"": ""surveillance"", ""manufacturer"": ""Flock Safety"", ""manufacturer:wikidata"": ""Q108485435"", ""surveillance"": ""public"", ""surveillance:type"": ""ALPR"", ""surveillance:zone"": ""traffic""}, ""timestamp"": ""2026-08-14T14:17:54Z"", ""type"": ""node"", ""uid"": 24419327, ""user"": ""W4vyID"", ""version"": 1}"
node,14102756501,https://www.openstreetmap.org/node/14102756501,41.9099584,-87.7762834,Flock Safety,,,,flock_confirmed_by_osm_tag,,yes,,not available in OSM,60639,Chicago ZIP polygon,25,Chicago current district polygon,0,ALPR,2026-08-18T10:50:19Z,1,187632414,https://www.openstreetmap.org/changeset/187632414,Cdeelamb17,24431207,,,,skipped,,,,,,,,,,,"{""camera:type"": ""fixed"", ""direction"": ""0"", ""man_made"": ""surveillance"", ""manufacturer"": ""Flock Safety"", ""manufacturer:wikidata"": ""Q108485435"", ""surveillance"": ""public"", ""surveillance:type"": ""ALPR"", ""surveillance:zone"": ""traffic""}","{""changeset"": 187632414, ""id"": 14102756501, ""lat"": 41.9099584, ""lon"": -87.7762834, ""tags"": {""camera:type"": ""fixed"", ""direction"": ""0"", ""man_made"": ""surveillance"", ""manufacturer"": ""Flock Safety"", ""manufacturer:wikidata"": ""Q108485435"", ""surveillance"": ""public"", ""surveillance:type"": ""ALPR"", ""surveillance:zone"": ""traffic""}, ""timestamp"": ""2026-08-18T10:50:19Z"", ""type"": ""node"", ""uid"": 24431207, ""user"": ""Cdeelamb17"", ""version"": 1}"
node,14107837901,https://www.openstreetmap.org/node/14107837901,41.8675588,-87.6273153,Flock Safety,,,,flock_confirmed_by_osm_tag,,yes,,not available in OSM,60605,Chicago ZIP polygon,1,Chicago current district polygon,188,ALPR,2026-08-20T16:12:01Z,1,187753081,https://www.openstreetmap.org/changeset/187753081,F33nie,24440708,,,,skipped,,,,,,,,,,,"{""camera:type"": ""fixed"", ""direction"": ""188"", ""man_made"": ""surveillance"", ""manufacturer"": ""Flock Safety"", ""manufacturer:wikidata"": ""Q108485435"", ""surveillance"": ""public"", ""surveillance:type"": ""ALPR"", ""surveillance:zone"": ""traffic""}","{""changeset"": 187753081, ""id"": 14107837901, ""lat"": 41.8675588, ""lon"": -87.6273153, ""tags"": {""camera:type"": ""fixed"", ""direction"": ""188"", ""man_made"": ""surveillance"", ""manufacturer"": ""Flock Safety"", ""manufacturer:wikidata"": ""Q108485435"", ""surveillance"": ""public"", ""surveillance:type"": ""ALPR"", ""surveillance:zone"": ""traffic""}, ""timestamp"": ""2026-08-20T16:12:01Z"", ""type"": ""node"", ""uid"": 24440708, ""user"": ""F33nie"", ""version"": 1}"
node,14115111901,https://www.openstreetmap.org/node/14115111901,41.98524,-87.7875351,Flock Safety,,,,flock_confirmed_by_osm_tag,,yes,,not available in OSM,60646,Chicago ZIP polygon,16,Chicago current district polygon,254,ALPR,2026-08-23T13:00:41Z,1,187886498,https://www.openstreetmap.org/changeset/187886498,ndjor,24364503,,,,skipped,,,,,,,,,,,"{""camera:type"": ""fixed"", ""direction"": ""254"", ""man_made"": ""surveillance"", ""manufacturer"": ""Flock Safety"", ""manufacturer:wikidata"": ""Q108485435"", ""surveillance"": ""public"", ""surveillance:type"": ""ALPR"", ""surveillance:zone"": ""traffic""}","{""changeset"": 187886498, ""id"": 14115111901, ""lat"": 41.98524, ""lon"": -87.7875351, ""tags"": {""camera:type"": ""fixed"", ""direction"": ""254"", ""man_made"": ""surveillance"", ""manufacturer"": ""Flock Safety"", ""manufacturer:wikidata"": ""Q108485435"", ""surveillance"": ""public"", ""surveillance:type"": ""ALPR"", ""surveillance:zone"": ""traffic""}, ""timestamp"": ""2026-08-23T13:00:41Z"", ""type"": ""node"", ""uid"": 24364503, ""user"": ""ndjor"", ""version"": 1}"
node,14115760601,https://www.openstreetmap.org/node/14115760601,41.9282509,-87.6830804,Flock Safety,,,,flock_confirmed_by_osm_tag,,yes,,not available in OSM,60647,Chicago ZIP polygon,14,Chicago current district polygon,60,ALPR,2026-08-23T16:15:02Z,1,187896134,https://www.openstreetmap.org/changeset/187896134,Sebastian Engh,24453003,,,,skipped,,,,,,,,,,,"{""camera:type"": ""fixed"", ""direction"": ""60"", ""man_made"": ""surveillance"", ""manufacturer"": ""Flock Safety"", ""manufacturer:wikidata"": ""Q108485435"", ""surveillance"": ""public"", ""surveillance:type"": ""ALPR"", ""surveillance:zone"": ""traffic""}","{""changeset"": 187896134, ""id"": 14115760601, ""lat"": 41.9282509, ""lon"": -87.6830804, ""tags"": {""camera:type"": ""fixed"", ""direction"": ""60"", ""man_made"": ""surveillance"", ""manufacturer"": ""Flock Safety"", ""manufacturer:wikidata"": ""Q108485435"", ""surveillance"": ""public"", ""surveillance:type"": ""ALPR"", ""surveillance:zone"": ""traffic""}, ""timestamp"": ""2026-08-23T16:15:02Z"", ""type"": ""node"", ""uid"": 24453003, ""user"": ""Sebastian Engh"", ""version"": 1}"
node,14115776001,https://www.openstreetmap.org/node/14115776001,41.928186,-87.6831022,Flock Safety,,,,flock_confirmed_by_osm_tag,,yes,,not available in OSM,60647,Chicago ZIP polygon,14,Chicago current district polygon,196,ALPR,2026-08-23T16:24:30Z,1,187896671,https://www.openstreetmap.org/changeset/187896671,Sebastian Engh,24453003,,,,skipped,,,,,,,,,,,"{""camera:type"": ""fixed"", ""direction"": ""196"", ""man_made"": ""surveillance"", ""manufacturer"": ""Flock Safety"", ""manufacturer:wikidata"": ""Q108485435"", ""surveillance"": ""public"", ""surveillance:type"": ""ALPR"", ""surveillance:zone"": ""traffic""}","{""changeset"": 187896671, ""id"": 14115776001, ""lat"": 41.928186, ""lon"": -87.6831022, ""tags"": {""camera:type"": ""fixed"", ""direction"": ""196"", ""man_made"": ""surveillance"", ""manufacturer"": ""Flock Safety"", ""manufacturer:wikidata"": ""Q108485435"", ""surveillance"": ""public"", ""surveillance:type"": ""ALPR"", ""surveillance:zone"": ""traffic""}, ""timestamp"": ""2026-08-23T16:24:30Z"", ""type"": ""node"", ""uid"": 24453003, ""user"": ""Sebastian Engh"", ""version"": 1}"
node,14125780601,https://www.openstreetmap.org/node/14125780601,41.9369036,-87.7858349,Flock Safety,,,,flock_confirmed_by_osm_tag,,yes,,not available in OSM,60634,Chicago ZIP polygon,25,Chicago current district polygon,338,ALPR,2026-08-26T17:43:26Z,1,188057822,https://www.openstreetmap.org/changeset/188057822,Dvl2026,24472493,,,,skipped,,,,,,,,,,,"{""camera:type"": ""fixed"", ""direction"": ""338"", ""man_made"": ""surveillance"", ""manufacturer"": ""Flock Safety"", ""manufacturer:wikidata"": ""Q108485435"", ""surveillance"": ""public"", ""surveillance:type"": ""ALPR"", ""surveillance:zone"": ""traffic""}","{""changeset"": 188057822, ""id"": 14125780601, ""lat"": 41.9369036, ""lon"": -87.7858349, ""tags"": {""camera:type"": ""fixed"", ""direction"": ""338"", ""man_made"": ""surveillance"", ""manufacturer"": ""Flock Safety"", ""manufacturer:wikidata"": ""Q108485435"", ""surveillance"": ""public"", ""surveillance:type"": ""ALPR"", ""surveillance:zone"": ""traffic""}, ""timestamp"": ""2026-08-26T17:43:26Z"", ""type"": ""node"", ""uid"": 24472493, ""user"": ""Dvl2026"", ""version"": 1}"
node,14133947101,https://www.openstreetmap.org/node/14133947101,41.7822201,-87.7252171,Flock Safety,,,,flock_confirmed_by_osm_tag,,yes,,not available in OSM,60629,Chicago ZIP polygon,8,Chicago current district polygon,242;165;0;81,ALPR,2026-08-29T21:37:18Z,1,188219108,https://www.openstreetmap.org/changeset/188219108,JpiZy,24394308,,,,skipped,,,,,,,,,,,"{""camera:type"": ""fixed"", ""direction"": ""242;165;0;81"", ""man_made"": ""surveillance"", ""manufacturer"": ""Flock Safety"", ""manufacturer:wikidata"": ""Q108485435"", ""surveillance"": ""public"", ""surveillance:type"": ""ALPR"", ""surveillance:zone"": ""traffic""}","{""changeset"": 188219108, ""id"": 14133947101, ""lat"": 41.7822201, ""lon"": -87.7252171, ""tags"": {""camera:type"": ""fixed"", ""direction"": ""242;165;0;81"", ""man_made"": ""surveillance"", ""manufacturer"": ""Flock Safety"", ""manufacturer:wikidata"": ""Q108485435"", ""surveillance"": ""public"", ""surveillance:type"": ""ALPR"", ""surveillance:zone"": ""traffic""}, ""timestamp"": ""2026-08-29T21:37:18Z"", ""type"": ""node"", ""uid"": 24394308, ""user"": ""JpiZy"", ""version"": 1}"
node,14140181213,https://www.openstreetmap.org/node/14140181213,41.8673201,-87.6454233,Flock Safety,,,,flock_confirmed_by_osm_tag,,yes,,not available in OSM,60607,Chicago ZIP polygon,12,Chicago current district polygon,240,ALPR,2026-09-01T13:58:37Z,1,188366803,https://www.openstreetmap.org/changeset/188366803,Truenocity,22882634,,,,skipped,,,,,,,,,,,"{""camera:type"": ""fixed"", ""direction"": ""240"", ""man_made"": ""surveillance"", ""manufacturer"": ""Flock Safety"", ""manufacturer:wikidata"": ""Q108485435"", ""surveillance"": ""public"", ""surveillance:type"": ""ALPR"", ""surveillance:zone"": ""traffic""}","{""changeset"": 188366803, ""id"": 14140181213, ""lat"": 41.8673201, ""lon"": -87.6454233, ""tags"": {""camera:type"": ""fixed"", ""direction"": ""240"", ""man_made"": ""surveillance"", ""manufacturer"": ""Flock Safety"", ""manufacturer:wikidata"": ""Q108485435"", ""surveillance"": ""public"", ""surveillance:type"": ""ALPR"", ""surveillance:zone"": ""traffic""}, ""timestamp"": ""2026-09-01T13:58:37Z"", ""type"": ""node"", ""uid"": 22882634, ""user"": ""Truenocity"", ""version"": 1}"
node,14140217702,https://www.openstreetmap.org/node/14140217702,41.8164676,-87.6227719,Flock Safety,,,,flock_confirmed_by_osm_tag,,yes,,not available in OSM,60653,Chicago ZIP polygon,2,Chicago current district polygon,176;322,ALPR,2026-09-01T14:14:27Z,1,188367613,https://www.openstreetmap.org/changeset/188367613,Yondo63,24497309,,,,skipped,,,,,,,,,,,"{""camera:type"": ""fixed"", ""direction"": ""176;322"", ""man_made"": ""surveillance"", ""manufacturer"": ""Flock Safety"", ""manufacturer:wikidata"": ""Q108485435"", ""surveillance"": ""public"", ""surveillance:type"": ""ALPR"", ""surveillance:zone"": ""traffic""}","{""changeset"": 188367613, ""id"": 14140217702, ""lat"": 41.8164676, ""lon"": -87.6227719, ""tags"": {""camera:type"": ""fixed"", ""direction"": ""176;322"", ""man_made"": ""surveillance"", ""manufacturer"": ""Flock Safety"", ""manufacturer:wikidata"": ""Q108485435"", ""surveillance"": ""public"", ""surveillance:type"": ""ALPR"", ""surveillance:zone"": ""traffic""}, ""timestamp"": ""2026-09-01T14:14:27Z"", ""type"": ""node"", ""uid"": 24497309, ""user"": ""Yondo63"", ""version"": 1}"
node,14142588201,https://www.openstreetmap.org/node/14142588201,41.6901609,-87.6421296,Flock Safety,,,,flock_confirmed_by_osm_tag,,yes,,not available in OSM,60628,Chicago ZIP polygon,22,Chicago current district polygon,0;0;0;0;340,ALPR,2026-09-02T14:57:39Z,1,188424074,https://www.openstreetmap.org/changeset/188424074,Metalmonger_013,24022378,,,,skipped,,,,,,,,,,,"{""camera:type"": ""fixed"", ""direction"": ""0;0;0;0;340"", ""man_made"": ""surveillance"", ""manufacturer"": ""Flock Safety"", ""manufacturer:wikidata"": ""Q108485435"", ""surveillance"": ""public"", ""surveillance:type"": ""ALPR"", ""surveillance:zone"": ""traffic""}","{""changeset"": 188424074, ""id"": 14142588201, ""lat"": 41.6901609, ""lon"": -87.6421296, ""tags"": {""camera:type"": ""fixed"", ""direction"": ""0;0;0;0;340"", ""man_made"": ""surveillance"", ""manufacturer"": ""Flock Safety"", ""manufacturer:wikidata"": ""Q108485435"", ""surveillance"": ""public"", ""surveillance:type"": ""ALPR"", ""surveillance:zone"": ""traffic""}, ""timestamp"": ""2026-09-02T14:57:39Z"", ""type"": ""node"", ""uid"": 24022378, ""user"": ""Metalmonger_013"", ""version"": 1}"
node,14197526202,https://www.openstreetmap.org/node/14197526202,41.8992858,-87.624306,,Flock Safety,,,flock_confirmed_by_osm_tag,,yes,,not available in OSM,60611,Chicago ZIP polygon,18,Chicago current district polygon,,gunshot_detector,2026-09-19T20:43:42Z,1,189271675,https://www.openstreetmap.org/changeset/189271675,Branson_14,24488391,,,,skipped,,,,,,,,,,,"{""brand"": ""Flock Safety"", ""brand:wikidata"": ""Q108485435"", ""man_made"": ""surveillance"", ""surveillance"": ""public"", ""surveillance:type"": ""gunshot_detector""}","{""changeset"": 189271675, ""id"": 14197526202, ""lat"": 41.8992858, ""lon"": -87.624306, ""tags"": {""brand"": ""Flock Safety"", ""brand:wikidata"": ""Q108485435"", ""man_made"": ""surveillance"", ""surveillance"": ""public"", ""surveillance:type"": ""gunshot_detector""}, ""timestamp"": ""2026-09-19T20:43:42Z"", ""type"": ""node"", ""uid"": 24488391, ""user"": ""Branson_14"", ""version"": 1}"
node,14197528002,https://www.openstreetmap.org/node/14197528002,41.8958637,-87.6240913,,Flock Safety,,,flock_confirmed_by_osm_tag,,yes,,not available in OSM,60611,Chicago ZIP polygon,18,Chicago current district polygon,,gunshot_detector,2026-09-19T20:41:43Z,1,189271623,https://www.openstreetmap.org/changeset/189271623,Branson_14,24488391,,,,skipped,,,,,,,,,,,"{""brand"": ""Flock Safety"", ""brand:wikidata"": ""Q108485435"", ""man_made"": ""surveillance"", ""surveillance"": ""public"", ""surveillance:type"": ""gunshot_detector""}","{""changeset"": 189271623, ""id"": 14197528002, ""lat"": 41.8958637, ""lon"": -87.6240913, ""tags"": {""brand"": ""Flock Safety"", ""brand:wikidata"": ""Q108485435"", ""man_made"": ""surveillance"", ""surveillance"": ""public"", ""surveillance:type"": ""gunshot_detector""}, ""timestamp"": ""2026-09-19T20:41:43Z"", ""type"": ""node"", ""uid"": 24488391, ""user"": ""Branson_14"", ""version"": 1}"
node,14197530001,https://www.openstreetmap.org/node/14197530001,41.8956195,-87.6245303,,Flock Safety,,,flock_confirmed_by_osm_tag,,yes,,not available in OSM,60611,Chicago ZIP polygon,18,Chicago current district polygon,,gunshot_detector,2026-09-19T20:41:20Z,1,189271615,https://www.openstreetmap.org/changeset/189271615,Branson_14,24488391,,,,skipped,,,,,,,,,,,"{""brand"": ""Flock Safety"", ""brand:wikidata"": ""Q108485435"", ""man_made"": ""surveillance"", ""surveillance"": ""public"", ""surveillance:type"": ""gunshot_detector""}","{""changeset"": 189271615, ""id"": 14197530001, ""lat"": 41.8956195, ""lon"": -87.6245303, ""tags"": {""brand"": ""Flock Safety"", ""brand:wikidata"": ""Q108485435"", ""man_made"": ""surveillance"", ""surveillance"": ""public"", ""surveillance:type"": ""gunshot_detector""}, ""timestamp"": ""2026-09-19T20:41:20Z"", ""type"": ""node"", ""uid"": 24488391, ""user"": ""Branson_14"", ""version"": 1}"
node,14197530002,https://www.openstreetmap.org/node/14197530002,41.895883,-87.6244928,,Flock Safety,,,flock_confirmed_by_osm_tag,,yes,,not available in OSM,60611,Chicago ZIP polygon,18,Chicago current district polygon,,gunshot_detector,2026-09-19T20:41:54Z,1,189271625,https://www.openstreetmap.org/changeset/189271625,Branson_14,24488391,,,,skipped,,,,,,,,,,,"{""brand"": ""Flock Safety"", ""brand:wikidata"": ""Q108485435"", ""man_made"": ""surveillance"", ""surveillance"": ""public"", ""surveillance:type"": ""gunshot_detector""}","{""changeset"": 189271625, ""id"": 14197530002, ""lat"": 41.895883, ""lon"": -87.6244928, ""tags"": {""brand"": ""Flock Safety"", ""brand:wikidata"": ""Q108485435"", ""man_made"": ""surveillance"", ""surveillance"": ""public"", ""surveillance:type"": ""gunshot_detector""}, ""timestamp"": ""2026-09-19T20:41:54Z"", ""type"": ""node"", ""uid"": 24488391, ""user"": ""Branson_14"", ""version"": 1}"
node,14197530301,https://www.openstreetmap.org/node/14197530301,41.8956487,-87.6240261,,Flock Safety,,,flock_confirmed_by_osm_tag,,yes,,not available in OSM,60611,Chicago ZIP polygon,18,Chicago current district polygon,,gunshot_detector,2026-09-19T20:41:30Z,1,189271618,https://www.openstreetmap.org/changeset/189271618,Branson_14,24488391,,,,skipped,,,,,,,,,,,"{""brand"": ""Flock Safety"", ""brand:wikidata"": ""Q108485435"", ""man_made"": ""surveillance"", ""surveillance"": ""public"", ""surveillance:type"": ""gunshot_detector""}","{""changeset"": 189271618, ""id"": 14197530301, ""lat"": 41.8956487, ""lon"": -87.6240261, ""tags"": {""brand"": ""Flock Safety"", ""brand:wikidata"": ""Q108485435"", ""man_made"": ""surveillance"", ""surveillance"": ""public"", ""surveillance:type"": ""gunshot_detector""}, ""timestamp"": ""2026-09-19T20:41:30Z"", ""type"": ""node"", ""uid"": 24488391, ""user"": ""Branson_14"", ""version"": 1}"
node,14210370401,https://www.openstreetmap.org/node/14210370401,41.8706342,-87.6285053,Flock Safety,,,,flock_confirmed_by_osm_tag,,yes,,not available in OSM,60605,Chicago ZIP polygon,1,Chicago current district polygon,0-360,camera,2026-09-23T20:57:33Z,1,189469117,https://www.openstreetmap.org/changeset/189469117,Fungulfritter,24586724,,,,skipped,,,,,,,,,,,"{""camera:model"": ""Condor"", ""camera:type"": ""dome"", ""direction"": ""0-360"", ""man_made"": ""surveillance"", ""manufacturer"": ""Flock Safety"", ""manufacturer:wikidata"": ""Q108485435"", ""surveillance"": ""public"", ""surveillance:type"": ""camera""}","{""changeset"": 189469117, ""id"": 14210370401, ""lat"": 41.8706342, ""lon"": -87.6285053, ""tags"": {""camera:model"": ""Condor"", ""camera:type"": ""dome"", ""direction"": ""0-360"", ""man_made"": ""surveillance"", ""manufacturer"": ""Flock Safety"", ""manufacturer:wikidata"": ""Q108485435"", ""surveillance"": ""public"", ""surveillance:type"": ""camera""}, ""timestamp"": ""2026-09-23T20:57:33Z"", ""type"": ""node"", ""uid"": 24586724, ""user"": ""Fungulfritter"", ""version"": 1}"
